chain_id,chain_family,chain_number,display_name,standard,pitch_in,pitch_mm,strands,status,provenance,needs_review,description,application_tags,materials_available,options_upgrades,roller_dia_in,roller_dia_mm,inner_width_in,inner_width_mm,pin_dia_in,pin_dia_mm,plate_height_in,plate_height_mm,weight_lbs_ft,weight_kg_m,extra_dims_json,tensile_lbs,tensile_kn,working_load_lbs,working_load_kn,temp_min_c,temp_max_c,lubrication,perf_source,pn_tsubaki,pn_donghua,pn_canam,pn_macchain,pn_rexnord,pn_linkbelt,pn_renold,pn_jeffrey,pn_webster,image_url,drawing_url,uniking_notes
TSU-RF03075,Conveyor Roller Chains,RF03075,Tsubaki RF03075 Large Size Conveyor Chain,JIS B1804 / Tsubaki standard (metric pitch),2.953,75,1,Active,catalog-verified,FALSE,"Tsubaki RF03075 large size conveyor chain, 75 mm pitch, 29.4 kN average tensile (DT series). Available in DT/GT/CT/AT/BT strength-wear tiers and stainless/coated corrosion series; R, F, S, M, N roller types; full standard attachment range.","large size conveyor, slat conveyor, bulk handling, cement, heavy duty, tsubaki RF, JIS","Carbon Steel, High Tensile Structural Steel, Stainless Steel 400, Stainless Steel 300",DT general use|GT wear resistant|CT pin-bush wear|AT heavy duty 2x tensile|BT heavy duty|MT|RT|YT|DS stainless|GS stainless|SS stainless 300|NEP coated|bearing roller BR|R-F-S-M-N rollers|A1-A2-K1-K2-SA2-SK2-GA2-GA4 attachments,,,,,,,,,1.88,2.8,,6610,29.4,,,-20,200,"Series dependent; AT/SS to 400C, bearing roller lube-free option",Tsubaki Large Size Conveyor Chain catalog (tsubaki.ca),RF03075,,,,,,,,,,,PKG-01 Tsubaki baseline. Avg tensile per Tsubaki DT-series design standard; min tensile = 85% of avg.
TSU-RF03100,Conveyor Roller Chains,RF03100,Tsubaki RF03100 Large Size Conveyor Chain,JIS B1804 / Tsubaki standard (metric pitch),3.937,100,1,Active,catalog-verified,FALSE,"Tsubaki RF03100 large size conveyor chain, 100 mm pitch, 29.4 kN average tensile (DT series). Available in DT/GT/CT/AT/BT strength-wear tiers and stainless/coated corrosion series; R, F, S, M, N roller types; full standard attachment range.","large size conveyor, slat conveyor, bulk handling, cement, heavy duty, tsubaki RF, JIS","Carbon Steel, High Tensile Structural Steel, Stainless Steel 400, Stainless Steel 300",DT general use|GT wear resistant|CT pin-bush wear|AT heavy duty 2x tensile|BT heavy duty|MT|RT|YT|DS stainless|GS stainless|SS stainless 300|NEP coated|bearing roller BR|R-F-S-M-N rollers|A1-A2-K1-K2-SA2-SK2-GA2-GA4 attachments,,,,,,,,,1.61,2.4,,6610,29.4,,,-20,200,"Series dependent; AT/SS to 400C, bearing roller lube-free option",Tsubaki Large Size Conveyor Chain catalog (tsubaki.ca),RF03100,,,,,,,,,,,PKG-01 Tsubaki baseline. Avg tensile per Tsubaki DT-series design standard; min tensile = 85% of avg.
TSU-RF05075,Conveyor Roller Chains,RF05075,Tsubaki RF05075 Large Size Conveyor Chain,JIS B1804 / Tsubaki standard (metric pitch),2.953,75,1,Active,catalog-verified,FALSE,"Tsubaki RF05075 large size conveyor chain, 75 mm pitch, 68.6 kN average tensile (DT series). S roller only. Available in DT/GT/CT/AT/BT tiers and stainless/coated series.","large size conveyor, slat conveyor, bulk handling, cement, heavy duty, tsubaki RF, JIS","Carbon Steel, High Tensile Structural Steel, Stainless Steel 400, Stainless Steel 300",DT general use|GT wear resistant|CT pin-bush wear|AT heavy duty 2x tensile|BT heavy duty|MT|RT|YT|DS stainless|GS stainless|SS stainless 300|NEP coated|bearing roller BR|S roller|A1-A2-K1-K2 attachments,,,,,,,,,2.89,4.3,,15420,68.6,,,-20,200,"Series dependent; AT/SS to 400C, bearing roller lube-free option",Tsubaki Large Size Conveyor Chain catalog (tsubaki.ca),RF05075,,,,,,,,,,,PKG-01 Tsubaki baseline. Avg tensile per Tsubaki DT-series design standard; min tensile = 85% of avg.
TSU-RF05100,Conveyor Roller Chains,RF05100,Tsubaki RF05100 Large Size Conveyor Chain,JIS B1804 / Tsubaki standard (metric pitch),3.937,100,1,Active,catalog-verified,FALSE,"Tsubaki RF05100 large size conveyor chain, 100 mm pitch, 68.6 kN average tensile (DT series). Available in DT/GT/CT/AT/BT strength-wear tiers and stainless/coated corrosion series; R, F, S roller types; full standard attachment range.","large size conveyor, slat conveyor, bulk handling, cement, heavy duty, tsubaki RF, JIS","Carbon Steel, High Tensile Structural Steel, Stainless Steel 400, Stainless Steel 300",DT general use|GT wear resistant|CT pin-bush wear|AT heavy duty 2x tensile|BT heavy duty|MT|RT|YT|DS stainless|GS stainless|SS stainless 300|NEP coated|bearing roller BR|R-F-S rollers|A1-A2-K1-K2-SA2-SK2-GA2-GA4 attachments,,,,,,,,,3.49,5.2,,15420,68.6,,,-20,200,"Series dependent; AT/SS to 400C, bearing roller lube-free option",Tsubaki Large Size Conveyor Chain catalog (tsubaki.ca),RF05100,,,,,,,,,,,PKG-01 Tsubaki baseline. Avg tensile per Tsubaki DT-series design standard; min tensile = 85% of avg.
TSU-RF05125,Conveyor Roller Chains,RF05125,Tsubaki RF05125 Large Size Conveyor Chain,JIS B1804 / Tsubaki standard (metric pitch),4.921,125,1,Active,catalog-verified,FALSE,"Tsubaki RF05125 large size conveyor chain, 125 mm pitch, 68.6 kN average tensile (DT series). Available in DT/GT/CT/AT/BT strength-wear tiers and stainless/coated corrosion series; R, F, S roller types; full standard attachment range.","large size conveyor, slat conveyor, bulk handling, cement, heavy duty, tsubaki RF, JIS","Carbon Steel, High Tensile Structural Steel, Stainless Steel 400, Stainless Steel 300",DT general use|GT wear resistant|CT pin-bush wear|AT heavy duty 2x tensile|BT heavy duty|MT|RT|YT|DS stainless|GS stainless|SS stainless 300|NEP coated|bearing roller BR|R-F-S rollers|A1-A2-K1-K2-SA2-SK2 attachments,,,,,,,,,3.02,4.5,,15420,68.6,,,-20,200,"Series dependent; AT/SS to 400C, bearing roller lube-free option",Tsubaki Large Size Conveyor Chain catalog (tsubaki.ca),RF05125,,,,,,,,,,,PKG-01 Tsubaki baseline. Avg tensile per Tsubaki DT-series design standard; min tensile = 85% of avg.
TSU-RF05150,Conveyor Roller Chains,RF05150,Tsubaki RF05150 Large Size Conveyor Chain,JIS B1804 / Tsubaki standard (metric pitch),5.906,150,1,Active,catalog-verified,FALSE,"Tsubaki RF05150 large size conveyor chain, 150 mm pitch, 68.6 kN average tensile (DT series). Available in DT/GT/CT/AT/BT strength-wear tiers and stainless/coated corrosion series; R, F, S roller types; full standard attachment range.","large size conveyor, slat conveyor, bulk handling, cement, heavy duty, tsubaki RF, JIS","Carbon Steel, High Tensile Structural Steel, Stainless Steel 400, Stainless Steel 300",DT general use|GT wear resistant|CT pin-bush wear|AT heavy duty 2x tensile|BT heavy duty|MT|RT|YT|DS stainless|GS stainless|SS stainless 300|NEP coated|bearing roller BR|R-F-S rollers|A1-A2-K1-K2-SA2-SK2-GA2-GA4 attachments,,,,,,,,,2.82,4.2,,15420,68.6,,,-20,200,"Series dependent; AT/SS to 400C, bearing roller lube-free option",Tsubaki Large Size Conveyor Chain catalog (tsubaki.ca),RF05150,,,,,,,,,,,PKG-01 Tsubaki baseline. Avg tensile per Tsubaki DT-series design standard; min tensile = 85% of avg.
TSU-RF08125,Conveyor Roller Chains,RF08125,Tsubaki RF08125 Large Size Conveyor Chain,JIS B1804 / Tsubaki standard (metric pitch),4.921,125,1,Active,catalog-verified,FALSE,"Tsubaki RF08125 large size conveyor chain, 125 mm pitch, 78.5 kN average tensile (DT series). Available in DT/GT/CT/AT/BT strength-wear tiers and stainless/coated corrosion series; R, F, S roller types; full standard attachment range.","large size conveyor, slat conveyor, bulk handling, cement, heavy duty, tsubaki RF, JIS","Carbon Steel, High Tensile Structural Steel, Stainless Steel 400, Stainless Steel 300",DT general use|GT wear resistant|CT pin-bush wear|AT heavy duty 2x tensile|BT heavy duty|MT|RT|YT|DS stainless|GS stainless|SS stainless 300|NEP coated|bearing roller BR|R-F-S rollers|A1-A2-K1-K2-SA2-SK2 attachments,,,,,,,,,3.96,5.9,,17650,78.5,,,-20,200,"Series dependent; AT/SS to 400C, bearing roller lube-free option",Tsubaki Large Size Conveyor Chain catalog (tsubaki.ca),RF08125,,,,,,,,,,,PKG-01 Tsubaki baseline. Avg tensile per Tsubaki DT-series design standard; min tensile = 85% of avg.
TSU-RF08150,Conveyor Roller Chains,RF08150,Tsubaki RF08150 Large Size Conveyor Chain,JIS B1804 / Tsubaki standard (metric pitch),5.906,150,1,Active,catalog-verified,FALSE,"Tsubaki RF08150 large size conveyor chain, 150 mm pitch, 78.5 kN average tensile (DT series). Available in DT/GT/CT/AT/BT strength-wear tiers and stainless/coated corrosion series; R, F, S roller types; full standard attachment range.","large size conveyor, slat conveyor, bulk handling, cement, heavy duty, tsubaki RF, JIS","Carbon Steel, High Tensile Structural Steel, Stainless Steel 400, Stainless Steel 300",DT general use|GT wear resistant|CT pin-bush wear|AT heavy duty 2x tensile|BT heavy duty|MT|RT|YT|DS stainless|GS stainless|SS stainless 300|NEP coated|bearing roller BR|R-F-S rollers|A1-A2-K1-K2-SA2-SK2 attachments,,,,,,,,,3.76,5.6,,17650,78.5,,,-20,200,"Series dependent; AT/SS to 400C, bearing roller lube-free option",Tsubaki Large Size Conveyor Chain catalog (tsubaki.ca),RF08150,,,,,,,,,,,PKG-01 Tsubaki baseline. Avg tensile per Tsubaki DT-series design standard; min tensile = 85% of avg.
TSU-RF10100,Conveyor Roller Chains,RF10100,Tsubaki RF10100 Large Size Conveyor Chain,JIS B1804 / Tsubaki standard (metric pitch),3.937,100,1,Active,catalog-verified,FALSE,"Tsubaki RF10100 large size conveyor chain, 100 mm pitch, 113 kN average tensile (DT series). Available in DT/GT/CT/AT/BT strength-wear tiers and stainless/coated corrosion series; R, S, M roller types; full standard attachment range.","large size conveyor, slat conveyor, bulk handling, cement, heavy duty, tsubaki RF, JIS","Carbon Steel, High Tensile Structural Steel, Stainless Steel 400, Stainless Steel 300",DT general use|GT wear resistant|CT pin-bush wear|AT heavy duty 2x tensile|BT heavy duty|MT|RT|YT|DS stainless|GS stainless|SS stainless 300|NEP coated|bearing roller BR|R-S-M rollers|A1-A2-K1-K2-SA2-SK2 attachments,,,,,,,,,6.72,10,,25400,113,,,-20,200,"Series dependent; AT/SS to 400C, bearing roller lube-free option",Tsubaki Large Size Conveyor Chain catalog (tsubaki.ca),RF10100,,,,,,,,,,,PKG-01 Tsubaki baseline. Avg tensile per Tsubaki DT-series design standard; min tensile = 85% of avg.
TSU-RF10125,Conveyor Roller Chains,RF10125,Tsubaki RF10125 Large Size Conveyor Chain,JIS B1804 / Tsubaki standard (metric pitch),4.921,125,1,Active,catalog-verified,FALSE,"Tsubaki RF10125 large size conveyor chain, 125 mm pitch, 113 kN average tensile (DT series). Available in DT/GT/CT/AT/BT strength-wear tiers and stainless/coated corrosion series; R, F, S, M roller types; full standard attachment range.","large size conveyor, slat conveyor, bulk handling, cement, heavy duty, tsubaki RF, JIS","Carbon Steel, High Tensile Structural Steel, Stainless Steel 400, Stainless Steel 300",DT general use|GT wear resistant|CT pin-bush wear|AT heavy duty 2x tensile|BT heavy duty|MT|RT|YT|DS stainless|GS stainless|SS stainless 300|NEP coated|bearing roller BR|R-F-S-M rollers|A1-A2-K1-K2-SA2-SK2 attachments,,,,,,,,,5.85,8.7,,25400,113,,,-20,200,"Series dependent; AT/SS to 400C, bearing roller lube-free option",Tsubaki Large Size Conveyor Chain catalog (tsubaki.ca),RF10125,,,,,,,,,,,PKG-01 Tsubaki baseline. Avg tensile per Tsubaki DT-series design standard; min tensile = 85% of avg.
TSU-RF10150,Conveyor Roller Chains,RF10150,Tsubaki RF10150 Large Size Conveyor Chain,JIS B1804 / Tsubaki standard (metric pitch),5.906,150,1,Active,catalog-verified,FALSE,"Tsubaki RF10150 large size conveyor chain, 150 mm pitch, 113 kN average tensile (DT series). Available in DT/GT/CT/AT/BT strength-wear tiers and stainless/coated corrosion series; R, F, S, M roller types; full standard attachment range.","large size conveyor, slat conveyor, bulk handling, cement, heavy duty, tsubaki RF, JIS","Carbon Steel, High Tensile Structural Steel, Stainless Steel 400, Stainless Steel 300",DT general use|GT wear resistant|CT pin-bush wear|AT heavy duty 2x tensile|BT heavy duty|MT|RT|YT|DS stainless|GS stainless|SS stainless 300|NEP coated|bearing roller BR|R-F-S-M rollers|A1-A2-K1-K2-SA2-SK2-GA2-GA4 attachments,,,,,,,,,5.38,8,,25400,113,,,-20,200,"Series dependent; AT/SS to 400C, bearing roller lube-free option",Tsubaki Large Size Conveyor Chain catalog (tsubaki.ca),RF10150,,,,,,,,,,,PKG-01 Tsubaki baseline. Avg tensile per Tsubaki DT-series design standard; min tensile = 85% of avg.
TSU-RF12200,Conveyor Roller Chains,RF12200,Tsubaki RF12200 Large Size Conveyor Chain,JIS B1804 / Tsubaki standard (metric pitch),7.874,200,1,Active,catalog-verified,FALSE,"Tsubaki RF12200 large size conveyor chain, 200 mm pitch, 186 kN average tensile (DT series). Available in DT/GT/CT/AT/BT strength-wear tiers and stainless/coated corrosion series; R, F, S, M roller types; full standard attachment range.","large size conveyor, slat conveyor, bulk handling, cement, heavy duty, tsubaki RF, JIS","Carbon Steel, High Tensile Structural Steel, Stainless Steel 400, Stainless Steel 300",DT general use|GT wear resistant|CT pin-bush wear|AT heavy duty 2x tensile|BT heavy duty|MT|RT|YT|DS stainless|GS stainless|SS stainless 300|NEP coated|bearing roller BR|R-F-S-M rollers|A1-A2-K1-K2-SA2-SK2-GA2-GA4 attachments,,,,,,,,,7.80,11.6,,41810,186,,,-20,200,"Series dependent; AT/SS to 400C, bearing roller lube-free option",Tsubaki Large Size Conveyor Chain catalog (tsubaki.ca),RF12200,,,,,,,,,,,PKG-01 Tsubaki baseline. Avg tensile per Tsubaki DT-series design standard; min tensile = 85% of avg.
TSU-RF12250,Conveyor Roller Chains,RF12250,Tsubaki RF12250 Large Size Conveyor Chain,JIS B1804 / Tsubaki standard (metric pitch),9.843,250,1,Active,catalog-verified,FALSE,"Tsubaki RF12250 large size conveyor chain, 250 mm pitch, 186 kN average tensile (DT series). Available in DT/GT/CT/AT/BT strength-wear tiers and stainless/coated corrosion series; R, F, S, M roller types; full standard attachment range.","large size conveyor, slat conveyor, bulk handling, cement, heavy duty, tsubaki RF, JIS","Carbon Steel, High Tensile Structural Steel, Stainless Steel 400, Stainless Steel 300",DT general use|GT wear resistant|CT pin-bush wear|AT heavy duty 2x tensile|BT heavy duty|MT|RT|YT|DS stainless|GS stainless|SS stainless 300|NEP coated|bearing roller BR|R-F-S-M rollers|A1-A2-K1-K2-SA2-SK2 attachments,,,,,,,,,6.99,10.4,,41810,186,,,-20,200,"Series dependent; AT/SS to 400C, bearing roller lube-free option",Tsubaki Large Size Conveyor Chain catalog (tsubaki.ca),RF12250,,,,,,,,,,,PKG-01 Tsubaki baseline. Avg tensile per Tsubaki DT-series design standard; min tensile = 85% of avg.
TSU-RF17200,Conveyor Roller Chains,RF17200,Tsubaki RF17200 Large Size Conveyor Chain,JIS B1804 / Tsubaki standard (metric pitch),7.874,200,1,Active,catalog-verified,FALSE,"Tsubaki RF17200 large size conveyor chain, 200 mm pitch, 245 kN average tensile (DT series). Available in DT/GT/CT/AT/BT strength-wear tiers and stainless/coated corrosion series; R, F, S, M roller types; full standard attachment range.","large size conveyor, slat conveyor, bulk handling, cement, heavy duty, tsubaki RF, JIS","Carbon Steel, High Tensile Structural Steel, Stainless Steel 400, Stainless Steel 300",DT general use|GT wear resistant|CT pin-bush wear|AT heavy duty 2x tensile|BT heavy duty|MT|RT|YT|DS stainless|GS stainless|SS stainless 300|NEP coated|bearing roller BR|R-F-S-M rollers|A1-A2-K1-K2-GA2-GA4 attachments,,,,,,,,,13.44,20,,55080,245,,,-20,200,"Series dependent; AT/SS to 400C, bearing roller lube-free option",Tsubaki Large Size Conveyor Chain catalog (tsubaki.ca),RF17200,,,,,,,,,,,PKG-01 Tsubaki baseline. Avg tensile per Tsubaki DT-series design standard; min tensile = 85% of avg.
TSU-RF17250,Conveyor Roller Chains,RF17250,Tsubaki RF17250 Large Size Conveyor Chain,JIS B1804 / Tsubaki standard (metric pitch),9.843,250,1,Active,catalog-verified,FALSE,"Tsubaki RF17250 large size conveyor chain, 250 mm pitch, 245 kN average tensile (DT series). Available in DT/GT/CT/AT/BT strength-wear tiers and stainless/coated corrosion series; R, F, S, M roller types; full standard attachment range.","large size conveyor, slat conveyor, bulk handling, cement, heavy duty, tsubaki RF, JIS","Carbon Steel, High Tensile Structural Steel, Stainless Steel 400, Stainless Steel 300",DT general use|GT wear resistant|CT pin-bush wear|AT heavy duty 2x tensile|BT heavy duty|MT|RT|YT|DS stainless|GS stainless|SS stainless 300|NEP coated|bearing roller BR|R-F-S-M rollers|A1-A2-K1-K2-GA2-GA4 attachments,,,,,,,,,11.42,17,,55080,245,,,-20,200,"Series dependent; AT/SS to 400C, bearing roller lube-free option",Tsubaki Large Size Conveyor Chain catalog (tsubaki.ca),RF17250,,,,,,,,,,,PKG-01 Tsubaki baseline. Avg tensile per Tsubaki DT-series design standard; min tensile = 85% of avg.
TSU-RF17300,Conveyor Roller Chains,RF17300,Tsubaki RF17300 Large Size Conveyor Chain,JIS B1804 / Tsubaki standard (metric pitch),11.811,300,1,Active,catalog-verified,FALSE,"Tsubaki RF17300 large size conveyor chain, 300 mm pitch, 245 kN average tensile (DT series). Available in DT/GT/CT/AT/BT strength-wear tiers and stainless/coated corrosion series; R, F, S, M roller types; full standard attachment range.","large size conveyor, slat conveyor, bulk handling, cement, heavy duty, tsubaki RF, JIS","Carbon Steel, High Tensile Structural Steel, Stainless Steel 400, Stainless Steel 300",DT general use|GT wear resistant|CT pin-bush wear|AT heavy duty 2x tensile|BT heavy duty|MT|RT|YT|DS stainless|GS stainless|SS stainless 300|NEP coated|bearing roller BR|R-F-S-M rollers|A2-K2-GA2 attachments,,,,,,,,,10.75,16,,55080,245,,,-20,200,"Series dependent; AT/SS to 400C, bearing roller lube-free option",Tsubaki Large Size Conveyor Chain catalog (tsubaki.ca),RF17300,,,,,,,,,,,PKG-01 Tsubaki baseline. Avg tensile per Tsubaki DT-series design standard; min tensile = 85% of avg.
TSU-RF26200,Conveyor Roller Chains,RF26200,Tsubaki RF26200 Large Size Conveyor Chain,JIS B1804 / Tsubaki standard (metric pitch),7.874,200,1,Active,catalog-verified,FALSE,"Tsubaki RF26200 large size conveyor chain, 200 mm pitch, 314 kN average tensile (DT series). S/M roller standard attachments. Available in DT/GT/CT/AT/BT tiers and stainless/coated series.","large size conveyor, slat conveyor, bulk handling, cement, heavy duty, tsubaki RF, JIS","Carbon Steel, High Tensile Structural Steel, Stainless Steel 400, Stainless Steel 300",DT general use|GT wear resistant|CT pin-bush wear|AT heavy duty 2x tensile|BT heavy duty|MT|RT|YT|DS stainless|GS stainless|SS stainless 300|NEP coated|bearing roller BR|S-M rollers|A2-K2-GA2-GA4 attachments,,,,,,,,,,,,70590,314,,,-20,200,"Series dependent; AT/SS to 400C, bearing roller lube-free option",Tsubaki Large Size Conveyor Chain catalog (tsubaki.ca),RF26200,,,,,,,,,,,PKG-01 Tsubaki baseline. Avg tensile per Tsubaki DT-series design standard; min tensile = 85% of avg. Mass not listed for this size/roller combo in fetched pages.
TSU-RF26250,Conveyor Roller Chains,RF26250,Tsubaki RF26250 Large Size Conveyor Chain,JIS B1804 / Tsubaki standard (metric pitch),9.843,250,1,Active,catalog-verified,FALSE,"Tsubaki RF26250 large size conveyor chain, 250 mm pitch, 314 kN average tensile (DT series). Available in DT/GT/CT/AT/BT strength-wear tiers and stainless/coated corrosion series; R, F, S, M roller types; full standard attachment range.","large size conveyor, slat conveyor, bulk handling, cement, heavy duty, tsubaki RF, JIS","Carbon Steel, High Tensile Structural Steel, Stainless Steel 400, Stainless Steel 300",DT general use|GT wear resistant|CT pin-bush wear|AT heavy duty 2x tensile|BT heavy duty|MT|RT|YT|DS stainless|GS stainless|SS stainless 300|NEP coated|bearing roller BR|R-F-S-M rollers|A2-K2-GA2-GA4 attachments,,,,,,,,,17.47,26,,70590,314,,,-20,200,"Series dependent; AT/SS to 400C, bearing roller lube-free option",Tsubaki Large Size Conveyor Chain catalog (tsubaki.ca),RF26250,,,,,,,,,,,PKG-01 Tsubaki baseline. Avg tensile per Tsubaki DT-series design standard; min tensile = 85% of avg.
TSU-RF26300,Conveyor Roller Chains,RF26300,Tsubaki RF26300 Large Size Conveyor Chain,JIS B1804 / Tsubaki standard (metric pitch),11.811,300,1,Active,catalog-verified,FALSE,"Tsubaki RF26300 large size conveyor chain, 300 mm pitch, 314 kN average tensile (DT series). Available in DT/GT/CT/AT/BT strength-wear tiers and stainless/coated corrosion series; R, F, S, M roller types; full standard attachment range.","large size conveyor, slat conveyor, bulk handling, cement, heavy duty, tsubaki RF, JIS","Carbon Steel, High Tensile Structural Steel, Stainless Steel 400, Stainless Steel 300",DT general use|GT wear resistant|CT pin-bush wear|AT heavy duty 2x tensile|BT heavy duty|MT|RT|YT|DS stainless|GS stainless|SS stainless 300|NEP coated|bearing roller BR|R-F-S-M rollers|A2-K2-GA2-GA4 attachments,,,,,,,,,15.46,23,,70590,314,,,-20,200,"Series dependent; AT/SS to 400C, bearing roller lube-free option",Tsubaki Large Size Conveyor Chain catalog (tsubaki.ca),RF26300,,,,,,,,,,,PKG-01 Tsubaki baseline. Avg tensile per Tsubaki DT-series design standard; min tensile = 85% of avg.
TSU-RF26450,Conveyor Roller Chains,RF26450,Tsubaki RF26450 Large Size Conveyor Chain,JIS B1804 / Tsubaki standard (metric pitch),17.717,450,1,Active,catalog-verified,FALSE,"Tsubaki RF26450 large size conveyor chain, 450 mm pitch, 314 kN average tensile (DT series). Available in DT/GT/CT/AT/BT strength-wear tiers and stainless/coated corrosion series; R, F, S, M roller types; welded A2/A3 attachments.","large size conveyor, slat conveyor, bulk handling, cement, heavy duty, tsubaki RF, JIS","Carbon Steel, High Tensile Structural Steel, Stainless Steel 400, Stainless Steel 300",DT general use|GT wear resistant|CT pin-bush wear|AT heavy duty 2x tensile|BT heavy duty|MT|RT|YT|DS stainless|GS stainless|SS stainless 300|NEP coated|bearing roller BR|R-F-S-M rollers|A2-A3 welded attachments,,,,,,,,,12.77,19,,70590,314,,,-20,200,"Series dependent; AT/SS to 400C, bearing roller lube-free option",Tsubaki Large Size Conveyor Chain catalog (tsubaki.ca),RF26450,,,,,,,,,,,PKG-01 Tsubaki baseline. Avg tensile per Tsubaki DT-series design standard; min tensile = 85% of avg.
TSU-RF36250,Conveyor Roller Chains,RF36250,Tsubaki RF36250 Large Size Conveyor Chain,JIS B1804 / Tsubaki standard (metric pitch),9.843,250,1,Active,catalog-verified,FALSE,"Tsubaki RF36250 large size conveyor chain, 250 mm pitch, 476 kN average tensile (DT series). 25.4 mm pin, 76.2 mm plate height. S/M rollers at this pitch.","large size conveyor, slat conveyor, bulk handling, cement, heavy duty, tsubaki RF, JIS","Carbon Steel, High Tensile Structural Steel, Stainless Steel 400, Stainless Steel 300",DT general use|GT wear resistant|CT pin-bush wear|AT heavy duty 2x tensile|BT heavy duty|MT|RT|YT|DS stainless|GS stainless|SS stainless 300|NEP coated|bearing roller BR|S-M rollers|GA4 attachments,,,,,1.000,25.4,3.000,76.2,16.80,25,"{""plate_thickness_mm"": 12.7}",107010,476,,,-20,200,"Series dependent; AT/SS to 400C, bearing roller lube-free option",Tsubaki Large Size Conveyor Chain catalog (tsubaki.ca),RF36250,,,,,,,,,,,PKG-01 Tsubaki baseline. Avg tensile per Tsubaki DT-series design standard; min tensile = 85% of avg. Mass is S-roller value.
TSU-RF36300,Conveyor Roller Chains,RF36300,Tsubaki RF36300 Large Size Conveyor Chain,JIS B1804 / Tsubaki standard (metric pitch),11.811,300,1,Active,catalog-verified,FALSE,"Tsubaki RF36300 large size conveyor chain, 300 mm pitch, 476 kN average tensile (DT series). 25.4 mm pin, 76.2 mm plate height. R, F, S, M rollers.","large size conveyor, slat conveyor, bulk handling, cement, heavy duty, tsubaki RF, JIS","Carbon Steel, High Tensile Structural Steel, Stainless Steel 400, Stainless Steel 300",DT general use|GT wear resistant|CT pin-bush wear|AT heavy duty 2x tensile|BT heavy duty|MT|RT|YT|DS stainless|GS stainless|SS stainless 300|NEP coated|bearing roller BR|R-F-S-M rollers|A2-A3 welded-GA2-GA4 attachments,,,,,1.000,25.4,3.000,76.2,26.88,40,"{""plate_thickness_mm"": 12.7}",107010,476,,,-20,200,"Series dependent; AT/SS to 400C, bearing roller lube-free option",Tsubaki Large Size Conveyor Chain catalog (tsubaki.ca),RF36300,,,,,,,,,,,PKG-01 Tsubaki baseline. Avg tensile per Tsubaki DT-series design standard; min tensile = 85% of avg.
TSU-RF36450,Conveyor Roller Chains,RF36450,Tsubaki RF36450 Large Size Conveyor Chain,JIS B1804 / Tsubaki standard (metric pitch),17.717,450,1,Active,catalog-verified,FALSE,"Tsubaki RF36450 large size conveyor chain, 450 mm pitch, 476 kN average tensile (DT series). 25.4 mm pin, 76.2 mm plate height. R, F, S, M rollers.","large size conveyor, slat conveyor, bulk handling, cement, heavy duty, tsubaki RF, JIS","Carbon Steel, High Tensile Structural Steel, Stainless Steel 400, Stainless Steel 300",DT general use|GT wear resistant|CT pin-bush wear|AT heavy duty 2x tensile|BT heavy duty|MT|RT|YT|DS stainless|GS stainless|SS stainless 300|NEP coated|bearing roller BR|R-F-S-M rollers|A2-A3 welded-GA2 attachments,,,,,1.000,25.4,3.000,76.2,21.50,32,"{""plate_thickness_mm"": 12.7}",107010,476,,,-20,200,"Series dependent; AT/SS to 400C, bearing roller lube-free option",Tsubaki Large Size Conveyor Chain catalog (tsubaki.ca),RF36450,,,,,,,,,,,PKG-01 Tsubaki baseline. Avg tensile per Tsubaki DT-series design standard; min tensile = 85% of avg.
TSU-RF36600,Conveyor Roller Chains,RF36600,Tsubaki RF36600 Large Size Conveyor Chain,JIS B1804 / Tsubaki standard (metric pitch),23.622,600,1,Active,catalog-verified,FALSE,"Tsubaki RF36600 large size conveyor chain, 600 mm pitch, 476 kN average tensile (DT series). 25.4 mm pin, 76.2 mm plate height. R, F, S, M rollers.","large size conveyor, slat conveyor, bulk handling, cement, heavy duty, tsubaki RF, JIS","Carbon Steel, High Tensile Structural Steel, Stainless Steel 400, Stainless Steel 300",DT general use|GT wear resistant|CT pin-bush wear|AT heavy duty 2x tensile|BT heavy duty|MT|RT|YT|DS stainless|GS stainless|SS stainless 300|NEP coated|bearing roller BR|R-F-S-M rollers|A2-A3 welded-GA2 attachments,,,,,1.000,25.4,3.000,76.2,18.82,28,"{""plate_thickness_mm"": 12.7}",107010,476,,,-20,200,"Series dependent; AT/SS to 400C, bearing roller lube-free option",Tsubaki Large Size Conveyor Chain catalog (tsubaki.ca),RF36600,,,,,,,,,,,PKG-01 Tsubaki baseline. Avg tensile per Tsubaki DT-series design standard; min tensile = 85% of avg.
TSU-RF52300,Conveyor Roller Chains,RF52300,Tsubaki RF52300 Large Size Conveyor Chain,JIS B1804 / Tsubaki standard (metric pitch),11.811,300,1,Active,catalog-verified,FALSE,"Tsubaki RF52300 large size conveyor chain, 300 mm pitch, 500 kN average tensile (DT series). 31.8 mm pin, 76.2 mm plate height. R, F, S rollers.","large size conveyor, slat conveyor, bulk handling, cement, heavy duty, tsubaki RF, JIS","Carbon Steel, High Tensile Structural Steel, Stainless Steel 400, Stainless Steel 300",DT general use|GT wear resistant|CT pin-bush wear|AT heavy duty 2x tensile|BT heavy duty|MT|RT|YT|DS stainless|GS stainless|SS stainless 300|NEP coated|bearing roller BR|R-F-S rollers|A2-A3 welded-GA2 attachments,,,,,1.252,31.8,3.000,76.2,36.96,55,"{""plate_thickness_mm"": 16}",112400,500,,,-20,200,"Series dependent; AT/SS to 400C, bearing roller lube-free option",Tsubaki Large Size Conveyor Chain catalog (tsubaki.ca),RF52300,,,,,,,,,,,PKG-01 Tsubaki baseline. Avg tensile per Tsubaki DT-series design standard; min tensile = 85% of avg.
TSU-RF52450,Conveyor Roller Chains,RF52450,Tsubaki RF52450 Large Size Conveyor Chain,JIS B1804 / Tsubaki standard (metric pitch),17.717,450,1,Active,catalog-verified,FALSE,"Tsubaki RF52450 large size conveyor chain, 450 mm pitch, 500 kN average tensile (DT series). 31.8 mm pin, 76.2 mm plate height. R, F, S rollers.","large size conveyor, slat conveyor, bulk handling, cement, heavy duty, tsubaki RF, JIS","Carbon Steel, High Tensile Structural Steel, Stainless Steel 400, Stainless Steel 300",DT general use|GT wear resistant|CT pin-bush wear|AT heavy duty 2x tensile|BT heavy duty|MT|RT|YT|DS stainless|GS stainless|SS stainless 300|NEP coated|bearing roller BR|R-F-S rollers|A2-A3 welded-GA2 attachments,,,,,1.252,31.8,3.000,76.2,28.90,43,"{""plate_thickness_mm"": 16}",112400,500,,,-20,200,"Series dependent; AT/SS to 400C, bearing roller lube-free option",Tsubaki Large Size Conveyor Chain catalog (tsubaki.ca),RF52450,,,,,,,,,,,PKG-01 Tsubaki baseline. Avg tensile per Tsubaki DT-series design standard; min tensile = 85% of avg.
TSU-RF52600,Conveyor Roller Chains,RF52600,Tsubaki RF52600 Large Size Conveyor Chain,JIS B1804 / Tsubaki standard (metric pitch),23.622,600,1,Active,catalog-verified,FALSE,"Tsubaki RF52600 large size conveyor chain, 600 mm pitch, 500 kN average tensile (DT series). 31.8 mm pin, 76.2 mm plate height. R, F, S rollers.","large size conveyor, slat conveyor, bulk handling, cement, heavy duty, tsubaki RF, JIS","Carbon Steel, High Tensile Structural Steel, Stainless Steel 400, Stainless Steel 300",DT general use|GT wear resistant|CT pin-bush wear|AT heavy duty 2x tensile|BT heavy duty|MT|RT|YT|DS stainless|GS stainless|SS stainless 300|NEP coated|bearing roller BR|R-F-S rollers|A2-A3 welded-GA2 attachments,,,,,1.252,31.8,3.000,76.2,24.86,37,"{""plate_thickness_mm"": 16}",112400,500,,,-20,200,"Series dependent; AT/SS to 400C, bearing roller lube-free option",Tsubaki Large Size Conveyor Chain catalog (tsubaki.ca),RF52600,,,,,,,,,,,PKG-01 Tsubaki baseline. Avg tensile per Tsubaki DT-series design standard; min tensile = 85% of avg.
TSU-RF60300,Conveyor Roller Chains,RF60300,Tsubaki RF60300 Large Size Conveyor Chain,JIS B1804 / Tsubaki standard (metric pitch),11.811,300,1,Active,catalog-verified,FALSE,"Tsubaki RF60300 large size conveyor chain, 300 mm pitch, 500 kN average tensile (DT series). 35 mm pin, 90 mm plate height. R, F, N rollers.","large size conveyor, slat conveyor, bulk handling, cement, heavy duty, tsubaki RF, JIS","Carbon Steel, High Tensile Structural Steel, Stainless Steel 400, Stainless Steel 300",DT general use|GT wear resistant|CT pin-bush wear|AT heavy duty 2x tensile|BT heavy duty|MT|RT|YT|DS stainless|GS stainless|SS stainless 300|NEP coated|bearing roller BR|R-F-N rollers|A2 welded-GA2 attachments,,,,,1.378,35,3.543,90,36.29,54,"{""plate_thickness_mm"": 12.7}",112400,500,,,-20,200,"Series dependent; AT/SS to 400C, bearing roller lube-free option",Tsubaki Large Size Conveyor Chain catalog (tsubaki.ca),RF60300,,,,,,,,,,,PKG-01 Tsubaki baseline. Avg tensile per Tsubaki DT-series design standard; min tensile = 85% of avg.
TSU-RF60350,Conveyor Roller Chains,RF60350,Tsubaki RF60350 Large Size Conveyor Chain,JIS B1804 / Tsubaki standard (metric pitch),13.780,350,1,Active,catalog-verified,FALSE,"Tsubaki RF60350 large size conveyor chain, 350 mm pitch, 500 kN average tensile (DT series). 35 mm pin, 90 mm plate height. R, F, N rollers.","large size conveyor, slat conveyor, bulk handling, cement, heavy duty, tsubaki RF, JIS","Carbon Steel, High Tensile Structural Steel, Stainless Steel 400, Stainless Steel 300",DT general use|GT wear resistant|CT pin-bush wear|AT heavy duty 2x tensile|BT heavy duty|MT|RT|YT|DS stainless|GS stainless|SS stainless 300|NEP coated|bearing roller BR|R-F-N rollers|A2 welded-GA2 attachments,,,,,1.378,35,3.543,90,32.93,49,"{""plate_thickness_mm"": 12.7}",112400,500,,,-20,200,"Series dependent; AT/SS to 400C, bearing roller lube-free option",Tsubaki Large Size Conveyor Chain catalog (tsubaki.ca),RF60350,,,,,,,,,,,PKG-01 Tsubaki baseline. Avg tensile per Tsubaki DT-series design standard; min tensile = 85% of avg.
TSU-RF60400,Conveyor Roller Chains,RF60400,Tsubaki RF60400 Large Size Conveyor Chain,JIS B1804 / Tsubaki standard (metric pitch),15.748,400,1,Active,catalog-verified,FALSE,"Tsubaki RF60400 large size conveyor chain, 400 mm pitch, 500 kN average tensile (DT series). 35 mm pin, 90 mm plate height. R, F, N rollers.","large size conveyor, slat conveyor, bulk handling, cement, heavy duty, tsubaki RF, JIS","Carbon Steel, High Tensile Structural Steel, Stainless Steel 400, Stainless Steel 300",DT general use|GT wear resistant|CT pin-bush wear|AT heavy duty 2x tensile|BT heavy duty|MT|RT|YT|DS stainless|GS stainless|SS stainless 300|NEP coated|bearing roller BR|R-F-N rollers|A2 welded-GA2 attachments,,,,,1.378,35,3.543,90,30.24,45,"{""plate_thickness_mm"": 12.7}",112400,500,,,-20,200,"Series dependent; AT/SS to 400C, bearing roller lube-free option",Tsubaki Large Size Conveyor Chain catalog (tsubaki.ca),RF60400,,,,,,,,,,,PKG-01 Tsubaki baseline. Avg tensile per Tsubaki DT-series design standard; min tensile = 85% of avg.
TSU-RF90350,Conveyor Roller Chains,RF90350,Tsubaki RF90350 Large Size Conveyor Chain,JIS B1804 / Tsubaki standard (metric pitch),13.780,350,1,Active,catalog-verified,FALSE,"Tsubaki RF90350 large size conveyor chain, 350 mm pitch, 789 kN average tensile (DT series). 42 mm pin, 110 mm plate height. N roller at this pitch.","large size conveyor, slat conveyor, bulk handling, cement, heavy duty, tsubaki RF, JIS","Carbon Steel, High Tensile Structural Steel, Stainless Steel 400, Stainless Steel 300",DT general use|GT wear resistant|CT pin-bush wear|AT heavy duty 2x tensile|BT heavy duty|MT|RT|YT|DS stainless|GS stainless|SS stainless 300|NEP coated|bearing roller BR|N roller|A2 welded attachments,,,,,1.654,42,4.331,110,32.93,49,"{""plate_thickness_mm"": 16}",177370,789,,,-20,200,"Series dependent; AT/SS to 400C, bearing roller lube-free option",Tsubaki Large Size Conveyor Chain catalog (tsubaki.ca),RF90350,,,,,,,,,,,PKG-01 Tsubaki baseline. Avg tensile per Tsubaki DT-series design standard; min tensile = 85% of avg. Mass is N-roller value.
TSU-RF90400,Conveyor Roller Chains,RF90400,Tsubaki RF90400 Large Size Conveyor Chain,JIS B1804 / Tsubaki standard (metric pitch),15.748,400,1,Active,catalog-verified,FALSE,"Tsubaki RF90400 large size conveyor chain, 400 mm pitch, 789 kN average tensile (DT series). 42 mm pin, 110 mm plate height. R, F, N rollers.","large size conveyor, slat conveyor, bulk handling, cement, heavy duty, tsubaki RF, JIS","Carbon Steel, High Tensile Structural Steel, Stainless Steel 400, Stainless Steel 300",DT general use|GT wear resistant|CT pin-bush wear|AT heavy duty 2x tensile|BT heavy duty|MT|RT|YT|DS stainless|GS stainless|SS stainless 300|NEP coated|bearing roller BR|R-F-N rollers|A2 welded-GA2 attachments,,,,,1.654,42,4.331,110,49.73,74,"{""plate_thickness_mm"": 16}",177370,789,,,-20,200,"Series dependent; AT/SS to 400C, bearing roller lube-free option",Tsubaki Large Size Conveyor Chain catalog (tsubaki.ca),RF90400,,,,,,,,,,,PKG-01 Tsubaki baseline. Avg tensile per Tsubaki DT-series design standard; min tensile = 85% of avg.
TSU-RF90500,Conveyor Roller Chains,RF90500,Tsubaki RF90500 Large Size Conveyor Chain,JIS B1804 / Tsubaki standard (metric pitch),19.685,500,1,Active,catalog-verified,FALSE,"Tsubaki RF90500 large size conveyor chain, 500 mm pitch, 789 kN average tensile (DT series). 42 mm pin, 110 mm plate height. R, F, N rollers.","large size conveyor, slat conveyor, bulk handling, cement, heavy duty, tsubaki RF, JIS","Carbon Steel, High Tensile Structural Steel, Stainless Steel 400, Stainless Steel 300",DT general use|GT wear resistant|CT pin-bush wear|AT heavy duty 2x tensile|BT heavy duty|MT|RT|YT|DS stainless|GS stainless|SS stainless 300|NEP coated|bearing roller BR|R-F-N rollers|A2 welded-GA2 attachments,,,,,1.654,42,4.331,110,43.68,65,"{""plate_thickness_mm"": 16}",177370,789,,,-20,200,"Series dependent; AT/SS to 400C, bearing roller lube-free option",Tsubaki Large Size Conveyor Chain catalog (tsubaki.ca),RF90500,,,,,,,,,,,PKG-01 Tsubaki baseline. Avg tensile per Tsubaki DT-series design standard; min tensile = 85% of avg.
TSU-RF120400,Conveyor Roller Chains,RF120400,Tsubaki RF120400 Large Size Conveyor Chain,JIS B1804 / Tsubaki standard (metric pitch),15.748,400,1,Active,catalog-verified,FALSE,"Tsubaki RF120400 large size conveyor chain, 400 mm pitch, 1110 kN average tensile (DT series). 50 mm pin, 130 mm plate height. R, N rollers.","large size conveyor, slat conveyor, bulk handling, cement, heavy duty, tsubaki RF, JIS","Carbon Steel, High Tensile Structural Steel, Stainless Steel 400, Stainless Steel 300",DT general use|GT wear resistant|CT pin-bush wear|AT heavy duty 2x tensile|BT heavy duty|MT|RT|YT|DS stainless|GS stainless|SS stainless 300|NEP coated|bearing roller BR|R-N rollers|A2 welded attachments,,,,,1.969,50,5.118,130,75.94,113,"{""plate_thickness_mm"": 19}",249540,1110,,,-20,200,"Series dependent; AT/SS to 400C, bearing roller lube-free option",Tsubaki Large Size Conveyor Chain catalog (tsubaki.ca),RF120400,,,,,,,,,,,PKG-01 Tsubaki baseline. Avg tensile per Tsubaki DT-series design standard; min tensile = 85% of avg.
TSU-RF120600,Conveyor Roller Chains,RF120600,Tsubaki RF120600 Large Size Conveyor Chain,JIS B1804 / Tsubaki standard (metric pitch),23.622,600,1,Active,catalog-verified,FALSE,"Tsubaki RF120600 large size conveyor chain, 600 mm pitch, 1110 kN average tensile (DT series). 50 mm pin, 130 mm plate height. R, F, N rollers.","large size conveyor, slat conveyor, bulk handling, cement, heavy duty, tsubaki RF, JIS","Carbon Steel, High Tensile Structural Steel, Stainless Steel 400, Stainless Steel 300",DT general use|GT wear resistant|CT pin-bush wear|AT heavy duty 2x tensile|BT heavy duty|MT|RT|YT|DS stainless|GS stainless|SS stainless 300|NEP coated|bearing roller BR|R-F-N rollers|A2 welded attachments,,,,,1.969,50,5.118,130,59.14,88,"{""plate_thickness_mm"": 19}",249540,1110,,,-20,200,"Series dependent; AT/SS to 400C, bearing roller lube-free option",Tsubaki Large Size Conveyor Chain catalog (tsubaki.ca),RF120600,,,,,,,,,,,PKG-01 Tsubaki baseline. Avg tensile per Tsubaki DT-series design standard; min tensile = 85% of avg.
TSU-RF280400,Conveyor Roller Chains,RF280400,Tsubaki RF280400 Large Size Conveyor Chain,JIS B1804 / Tsubaki standard (metric pitch),15.748,400,1,Active,catalog-verified,FALSE,"Tsubaki RF280400 large size conveyor chain, 400 mm pitch, 3040 kN average tensile. 56 mm pin, 160 mm plate height. Wear resistant/heavy duty class. N roller.","large size conveyor, slat conveyor, bulk handling, cement, heavy duty, tsubaki RF, JIS","Carbon Steel, High Tensile Structural Steel, Stainless Steel 400, Stainless Steel 300",Wear resistant heavy duty|N roller|R roller (600 pitch)|NEP coated,,,,,2.205,56,6.299,160,,,"{""plate_thickness_mm"": 19}",683420,3040,,,-20,200,"Series dependent; AT/SS to 400C, bearing roller lube-free option",Tsubaki Large Size Conveyor Chain catalog (tsubaki.ca),RF280400,,,,,,,,,,,PKG-01 Tsubaki baseline. Avg tensile per Tsubaki DT-series design standard; min tensile = 85% of avg. Mass ambiguous in source table.
TSU-RF280600,Conveyor Roller Chains,RF280600,Tsubaki RF280600 Large Size Conveyor Chain,JIS B1804 / Tsubaki standard (metric pitch),23.622,600,1,Active,catalog-verified,FALSE,"Tsubaki RF280600 large size conveyor chain, 600 mm pitch, 3040 kN average tensile. 56 mm pin, 160 mm plate height. Wear resistant/heavy duty class. R, N rollers.","large size conveyor, slat conveyor, bulk handling, cement, heavy duty, tsubaki RF, JIS","Carbon Steel, High Tensile Structural Steel, Stainless Steel 400, Stainless Steel 300",Wear resistant heavy duty|R-N rollers|NEP coated,,,,,2.205,56,6.299,160,,,"{""plate_thickness_mm"": 19}",683420,3040,,,-20,200,"Series dependent; AT/SS to 400C, bearing roller lube-free option",Tsubaki Large Size Conveyor Chain catalog (tsubaki.ca),RF280600,,,,,,,,,,,PKG-01 Tsubaki baseline. Avg tensile per Tsubaki DT-series design standard; min tensile = 85% of avg. Mass ambiguous in source table.
TSU-RF360400,Conveyor Roller Chains,RF360400,Tsubaki RF360400 Large Size Conveyor Chain,JIS B1804 / Tsubaki standard (metric pitch),15.748,400,1,Active,catalog-verified,FALSE,"Tsubaki RF360400 large size conveyor chain, 400 mm pitch, 3630 kN average tensile. 61 mm pin, 170 mm plate height. Wear resistant/heavy duty class. N roller.","large size conveyor, slat conveyor, bulk handling, cement, heavy duty, tsubaki RF, JIS","Carbon Steel, High Tensile Structural Steel, Stainless Steel 400, Stainless Steel 300",Wear resistant heavy duty|N roller|R roller (600 pitch)|NEP coated,,,,,2.402,61,6.693,170,,,"{""plate_thickness_mm"": 22}",816060,3630,,,-20,200,"Series dependent; AT/SS to 400C, bearing roller lube-free option",Tsubaki Large Size Conveyor Chain catalog (tsubaki.ca),RF360400,,,,,,,,,,,PKG-01 Tsubaki baseline. Avg tensile per Tsubaki DT-series design standard; min tensile = 85% of avg. Mass ambiguous in source table.
TSU-RF360600,Conveyor Roller Chains,RF360600,Tsubaki RF360600 Large Size Conveyor Chain,JIS B1804 / Tsubaki standard (metric pitch),23.622,600,1,Active,catalog-verified,FALSE,"Tsubaki RF360600 large size conveyor chain, 600 mm pitch, 3630 kN average tensile. 61 mm pin, 170 mm plate height. Wear resistant/heavy duty class. R, N rollers.","large size conveyor, slat conveyor, bulk handling, cement, heavy duty, tsubaki RF, JIS","Carbon Steel, High Tensile Structural Steel, Stainless Steel 400, Stainless Steel 300",Wear resistant heavy duty|R-N rollers|NEP coated,,,,,2.402,61,6.693,170,,,"{""plate_thickness_mm"": 22}",816060,3630,,,-20,200,"Series dependent; AT/SS to 400C, bearing roller lube-free option",Tsubaki Large Size Conveyor Chain catalog (tsubaki.ca),RF360600,,,,,,,,,,,PKG-01 Tsubaki baseline. Avg tensile per Tsubaki DT-series design standard; min tensile = 85% of avg. Mass ambiguous in source table.
TSU-RF440400,Conveyor Roller Chains,RF440400,Tsubaki RF440400 Large Size Conveyor Chain,JIS B1804 / Tsubaki standard (metric pitch),15.748,400,1,Active,catalog-verified,FALSE,"Tsubaki RF440400 large size conveyor chain, 400 mm pitch, 4460 kN average tensile. 68 mm pin, 185 mm plate height. Wear resistant/heavy duty class. N roller.","large size conveyor, slat conveyor, bulk handling, cement, heavy duty, tsubaki RF, JIS","Carbon Steel, High Tensile Structural Steel, Stainless Steel 400, Stainless Steel 300",Wear resistant heavy duty|N roller|R roller (600 pitch)|NEP coated,,,,,2.677,68,7.283,185,,,"{""plate_thickness_mm"": 25}",1002650,4460,,,-20,200,"Series dependent; AT/SS to 400C, bearing roller lube-free option",Tsubaki Large Size Conveyor Chain catalog (tsubaki.ca),RF440400,,,,,,,,,,,PKG-01 Tsubaki baseline. Avg tensile per Tsubaki DT-series design standard; min tensile = 85% of avg. Mass ambiguous in source table.
TSU-RF440600,Conveyor Roller Chains,RF440600,Tsubaki RF440600 Large Size Conveyor Chain,JIS B1804 / Tsubaki standard (metric pitch),23.622,600,1,Active,catalog-verified,FALSE,"Tsubaki RF440600 large size conveyor chain, 600 mm pitch, 4460 kN average tensile. 68 mm pin, 185 mm plate height. Wear resistant/heavy duty class. R, N rollers.","large size conveyor, slat conveyor, bulk handling, cement, heavy duty, tsubaki RF, JIS","Carbon Steel, High Tensile Structural Steel, Stainless Steel 400, Stainless Steel 300",Wear resistant heavy duty|R-N rollers|NEP coated,,,,,2.677,68,7.283,185,,,"{""plate_thickness_mm"": 25}",1002650,4460,,,-20,200,"Series dependent; AT/SS to 400C, bearing roller lube-free option",Tsubaki Large Size Conveyor Chain catalog (tsubaki.ca),RF440600,,,,,,,,,,,PKG-01 Tsubaki baseline. Avg tensile per Tsubaki DT-series design standard; min tensile = 85% of avg. Mass ambiguous in source table.
TSU-RF430,Conveyor Roller Chains,RF430,Tsubaki RF430 Large Size Conveyor Chain (inch series),Tsubaki standard (inch pitch),,,1,Active,catalog-verified,TRUE,"Tsubaki RF430 inch-pitch large size conveyor chain, 53.9 kN average tensile (DT series). North American inch series counterpart to the metric RF range.","large size conveyor, slat conveyor, bulk handling, heavy duty, tsubaki RF, inch series","Carbon Steel, High Tensile Structural Steel, Stainless Steel 400, Stainless Steel 300",DT general use|GT|CT|AT|BT|MT|RT|YT|DS|GS|SS stainless|NEP coated,,,,,,,,,,,,12120,53.9,,,-20,200,Series dependent; AT/SS to 400C,Tsubaki Large Size Conveyor Chain catalog (tsubaki.ca),RF430,,,,,,,,,,,PKG-01 Tsubaki baseline. Pitch/dims to be confirmed from US Tsubaki inch-series catalog pages — tensile verified.
TSU-RF204,Conveyor Roller Chains,RF204,Tsubaki RF204 Large Size Conveyor Chain (inch series),Tsubaki standard (inch pitch),,,1,Active,catalog-verified,TRUE,"Tsubaki RF204 inch-pitch large size conveyor chain, 78.5 kN average tensile (DT series). North American inch series counterpart to the metric RF range.","large size conveyor, slat conveyor, bulk handling, heavy duty, tsubaki RF, inch series","Carbon Steel, High Tensile Structural Steel, Stainless Steel 400, Stainless Steel 300",DT general use|GT|CT|AT|BT|MT|RT|YT|DS|GS|SS stainless|NEP coated,,,,,,,,,,,,17650,78.5,,,-20,200,Series dependent; AT/SS to 400C,Tsubaki Large Size Conveyor Chain catalog (tsubaki.ca),RF204,,,,,,,,,,,PKG-01 Tsubaki baseline. Pitch/dims to be confirmed from US Tsubaki inch-series catalog pages — tensile verified.
TSU-RF450,Conveyor Roller Chains,RF450,Tsubaki RF450 Large Size Conveyor Chain (inch series),Tsubaki standard (inch pitch),,,1,Active,catalog-verified,TRUE,"Tsubaki RF450 inch-pitch large size conveyor chain, 78.5 kN average tensile (DT series). North American inch series counterpart to the metric RF range.","large size conveyor, slat conveyor, bulk handling, heavy duty, tsubaki RF, inch series","Carbon Steel, High Tensile Structural Steel, Stainless Steel 400, Stainless Steel 300",DT general use|GT|CT|AT|BT|MT|RT|YT|DS|GS|SS stainless|NEP coated,,,,,,,,,,,,17650,78.5,,,-20,200,Series dependent; AT/SS to 400C,Tsubaki Large Size Conveyor Chain catalog (tsubaki.ca),RF450,,,,,,,,,,,PKG-01 Tsubaki baseline. Pitch/dims to be confirmed from US Tsubaki inch-series catalog pages — tensile verified.
TSU-RF650,Conveyor Roller Chains,RF650,Tsubaki RF650 Large Size Conveyor Chain (inch series),Tsubaki standard (inch pitch),,,1,Active,catalog-verified,TRUE,"Tsubaki RF650 inch-pitch large size conveyor chain, 78.5 kN average tensile (DT series; 113 kN in GT/CT). North American inch series counterpart to the metric RF range.","large size conveyor, slat conveyor, bulk handling, heavy duty, tsubaki RF, inch series","Carbon Steel, High Tensile Structural Steel, Stainless Steel 400, Stainless Steel 300",DT general use|GT|CT|AT|BT|MT|RT|YT|DS|GS|SS stainless|NEP coated,,,,,,,,,,,,17650,78.5,,,-20,200,Series dependent; AT/SS to 400C,Tsubaki Large Size Conveyor Chain catalog (tsubaki.ca),RF650,,,,,,,,,,,PKG-01 Tsubaki baseline. Pitch/dims to be confirmed from US Tsubaki inch-series catalog pages — tensile verified.
TSU-RF214,Conveyor Roller Chains,RF214,Tsubaki RF214 Large Size Conveyor Chain (inch series),Tsubaki standard (inch pitch),,,1,Active,catalog-verified,TRUE,"Tsubaki RF214 inch-pitch large size conveyor chain, 127 kN average tensile (DT series). North American inch series counterpart to the metric RF range.","large size conveyor, slat conveyor, bulk handling, heavy duty, tsubaki RF, inch series","Carbon Steel, High Tensile Structural Steel, Stainless Steel 400, Stainless Steel 300",DT general use|GT|CT|AT|BT|MT|RT|YT|DS|GS|SS stainless|NEP coated,,,,,,,,,,,,28550,127,,,-20,200,Series dependent; AT/SS to 400C,Tsubaki Large Size Conveyor Chain catalog (tsubaki.ca),RF214,,,,,,,,,,,PKG-01 Tsubaki baseline. Pitch/dims to be confirmed from US Tsubaki inch-series catalog pages — tensile verified.
TSU-RF205,Conveyor Roller Chains,RF205,Tsubaki RF205 Large Size Conveyor Chain (inch series),Tsubaki standard (inch pitch),,,1,Active,catalog-verified,TRUE,"Tsubaki RF205 inch-pitch large size conveyor chain, 127 kN average tensile (DT series). North American inch series counterpart to the metric RF range.","large size conveyor, slat conveyor, bulk handling, heavy duty, tsubaki RF, inch series","Carbon Steel, High Tensile Structural Steel, Stainless Steel 400, Stainless Steel 300",DT general use|GT|CT|AT|BT|MT|RT|YT|DS|GS|SS stainless|NEP coated,,,,,,,,,,,,28550,127,,,-20,200,Series dependent; AT/SS to 400C,Tsubaki Large Size Conveyor Chain catalog (tsubaki.ca),RF205,,,,,,,,,,,PKG-01 Tsubaki baseline. Pitch/dims to be confirmed from US Tsubaki inch-series catalog pages — tensile verified.
TSU-RF6205,Conveyor Roller Chains,RF6205,Tsubaki RF6205 Large Size Conveyor Chain (inch series),Tsubaki standard (inch pitch),,,1,Active,catalog-verified,TRUE,"Tsubaki RF6205 inch-pitch large size conveyor chain, 186 kN average tensile (DT series). North American inch series counterpart to the metric RF range.","large size conveyor, slat conveyor, bulk handling, heavy duty, tsubaki RF, inch series","Carbon Steel, High Tensile Structural Steel, Stainless Steel 400, Stainless Steel 300",DT general use|GT|CT|AT|BT|MT|RT|YT|DS|GS|SS stainless|NEP coated,,,,,,,,,,,,41810,186,,,-20,200,Series dependent; AT/SS to 400C,Tsubaki Large Size Conveyor Chain catalog (tsubaki.ca),RF6205,,,,,,,,,,,PKG-01 Tsubaki baseline. Pitch/dims to be confirmed from US Tsubaki inch-series catalog pages — tensile verified.
TSU-RF212,Conveyor Roller Chains,RF212,Tsubaki RF212 Large Size Conveyor Chain (inch series),Tsubaki standard (inch pitch),,,1,Active,catalog-verified,TRUE,"Tsubaki RF212 inch-pitch large size conveyor chain, 245 kN average tensile (DT series). North American inch series counterpart to the metric RF range.","large size conveyor, slat conveyor, bulk handling, heavy duty, tsubaki RF, inch series","Carbon Steel, High Tensile Structural Steel, Stainless Steel 400, Stainless Steel 300",DT general use|GT|CT|AT|BT|MT|RT|YT|DS|GS|SS stainless|NEP coated,,,,,,,,,,,,55080,245,,,-20,200,Series dependent; AT/SS to 400C,Tsubaki Large Size Conveyor Chain catalog (tsubaki.ca),RF212,,,,,,,,,,,PKG-01 Tsubaki baseline. Pitch/dims to be confirmed from US Tsubaki inch-series catalog pages — tensile verified.
DP-C2040,Double Pitch Conveyor Chains,C2040,C2040 Double Pitch Conveyor Chain (S roller),ISO 1275-A / ASME B29.100 / JIS B1803,1,25.4,1,Active,catalog-verified,FALSE,"C2040 double pitch conveyor chain, 25.4 mm (1 in) pitch, standard (S) roller. Flat link plate contour, twice the pitch of the corresponding base roller chain. Ideal for long-span, low-speed conveyance. RS sprockets usable with S rollers at 30+ teeth.","double pitch, conveyor, flat plate, long span, low speed, attachment chain","Carbon Steel, Stainless Steel 304, Nickel Plated, Engineering Plastic Rollers",A1|A2|K1|K2|SA1|SA2|SK1|SK2|GNK1|EP extended pin|hollow pin|plastic roller|stainless SS|nickel NP|NEP coated|low-noise SNP,0.312,7.92,0.313,7.95,0.156,3.97,0.472,12,0.343,0.51,"{""plate_thickness_mm"": 1.5}",,,,,-10,150,Standard lubrication; lube-free and plastic-roller variants available,Tsubaki Small Size Conveyor Chain catalog (dims),RF2040S,,,,,,,,,,,PKG-01b. Dims catalog-verified from official Tsubaki PDF. Tensile equals corresponding base roller chain — pull from Tsubaki strength tables pp.91-92 in 01c patch; left blank rather than derived.
DP-C2042,Double Pitch Conveyor Chains,C2042,C2042 Double Pitch Conveyor Chain (R roller),ISO 1275-A / ASME B29.100 / JIS B1803,1,25.4,1,Active,catalog-verified,FALSE,"C2042 double pitch conveyor chain, 25.4 mm (1 in) pitch, oversized (R) roller. Flat link plate contour, twice the pitch of the corresponding base roller chain. Ideal for long-span, low-speed conveyance.","double pitch, conveyor, flat plate, long span, low speed, attachment chain","Carbon Steel, Stainless Steel 304, Nickel Plated, Engineering Plastic Rollers",A1|A2|K1|K2|SA1|SA2|SK1|SK2|GNK1|EP extended pin|hollow pin|plastic roller|stainless SS|nickel NP|NEP coated|low-noise SNP,0.625,15.88,0.313,7.95,0.156,3.97,0.472,12,0.585,0.87,"{""plate_thickness_mm"": 1.5}",,,,,-10,150,Standard lubrication; lube-free and plastic-roller variants available,Tsubaki Small Size Conveyor Chain catalog (dims),RF2040R,,,,,,,,,,,PKG-01b. Dims catalog-verified from official Tsubaki PDF. Tensile equals corresponding base roller chain — pull from Tsubaki strength tables pp.91-92 in 01c patch; left blank rather than derived.
DP-C2050,Double Pitch Conveyor Chains,C2050,C2050 Double Pitch Conveyor Chain (S roller),ISO 1275-A / ASME B29.100 / JIS B1803,1.25,31.75,1,Active,catalog-verified,FALSE,"C2050 double pitch conveyor chain, 31.75 mm (1.25 in) pitch, standard (S) roller. Flat link plate contour, twice the pitch of the corresponding base roller chain. Ideal for long-span, low-speed conveyance. RS sprockets usable with S rollers at 30+ teeth.","double pitch, conveyor, flat plate, long span, low speed, attachment chain","Carbon Steel, Stainless Steel 304, Nickel Plated, Engineering Plastic Rollers",A1|A2|K1|K2|SA1|SA2|SK1|SK2|GNK1|EP extended pin|hollow pin|plastic roller|stainless SS|nickel NP|NEP coated|low-noise SNP,0.400,10.16,0.375,9.53,0.200,5.09,0.591,15,0.564,0.84,"{""plate_thickness_mm"": 2.0}",,,,,-10,150,Standard lubrication; lube-free and plastic-roller variants available,Tsubaki Small Size Conveyor Chain catalog (dims),RF2050S,,,,,,,,,,,PKG-01b. Dims catalog-verified from official Tsubaki PDF. Tensile equals corresponding base roller chain — pull from Tsubaki strength tables pp.91-92 in 01c patch; left blank rather than derived.
DP-C2052,Double Pitch Conveyor Chains,C2052,C2052 Double Pitch Conveyor Chain (R roller),ISO 1275-A / ASME B29.100 / JIS B1803,1.25,31.75,1,Active,catalog-verified,FALSE,"C2052 double pitch conveyor chain, 31.75 mm (1.25 in) pitch, oversized (R) roller. Flat link plate contour, twice the pitch of the corresponding base roller chain. Ideal for long-span, low-speed conveyance.","double pitch, conveyor, flat plate, long span, low speed, attachment chain","Carbon Steel, Stainless Steel 304, Nickel Plated, Engineering Plastic Rollers",A1|A2|K1|K2|SA1|SA2|SK1|SK2|GNK1|EP extended pin|hollow pin|plastic roller|stainless SS|nickel NP|NEP coated|low-noise SNP,0.750,19.05,0.375,9.53,0.200,5.09,0.591,15,0.874,1.3,"{""plate_thickness_mm"": 2.0}",,,,,-10,150,Standard lubrication; lube-free and plastic-roller variants available,Tsubaki Small Size Conveyor Chain catalog (dims),RF2050R,,,,,,,,,,,PKG-01b. Dims catalog-verified from official Tsubaki PDF. Tensile equals corresponding base roller chain — pull from Tsubaki strength tables pp.91-92 in 01c patch; left blank rather than derived.
DP-C2060,Double Pitch Conveyor Chains,C2060,C2060 Double Pitch Conveyor Chain (S roller),ISO 1275-A / ASME B29.100 / JIS B1803,1.5,38.1,1,Active,catalog-verified,FALSE,"C2060 double pitch conveyor chain, 38.1 mm (1.5 in) pitch, standard (S) roller. Flat link plate contour, twice the pitch of the corresponding base roller chain. Ideal for long-span, low-speed conveyance. RS sprockets usable with S rollers at 30+ teeth.","double pitch, conveyor, flat plate, long span, low speed, attachment chain","Carbon Steel, Stainless Steel 304, Nickel Plated, Engineering Plastic Rollers",A1|A2|K1|K2|SA1|SA2|SK1|SK2|GNK1|EP extended pin|hollow pin|plastic roller|stainless SS|nickel NP|NEP coated|low-noise SNP,0.469,11.91,0.500,12.7,0.235,5.96,0.677,17.2,1.015,1.51,"{""plate_thickness_mm"": 3.2}",,,,,-10,150,Standard lubrication; lube-free and plastic-roller variants available,Tsubaki Small Size Conveyor Chain catalog (dims),RF2060S,,,,,,,,,,,PKG-01b. Dims catalog-verified from official Tsubaki PDF. Tensile equals corresponding base roller chain — pull from Tsubaki strength tables pp.91-92 in 01c patch; left blank rather than derived.
DP-C2062,Double Pitch Conveyor Chains,C2062,C2062 Double Pitch Conveyor Chain (R roller),ISO 1275-A / ASME B29.100 / JIS B1803,1.5,38.1,1,Active,catalog-verified,FALSE,"C2062 double pitch conveyor chain, 38.1 mm (1.5 in) pitch, oversized (R) roller. Flat link plate contour, twice the pitch of the corresponding base roller chain. Ideal for long-span, low-speed conveyance.","double pitch, conveyor, flat plate, long span, low speed, attachment chain","Carbon Steel, Stainless Steel 304, Nickel Plated, Engineering Plastic Rollers",A1|A2|K1|K2|SA1|SA2|SK1|SK2|GNK1|EP extended pin|hollow pin|plastic roller|stainless SS|nickel NP|NEP coated|low-noise SNP,0.875,22.23,0.500,12.7,0.235,5.96,0.677,17.2,1.472,2.19,"{""plate_thickness_mm"": 3.2}",,,,,-10,150,Standard lubrication; lube-free and plastic-roller variants available,Tsubaki Small Size Conveyor Chain catalog (dims),RF2060R,,,,,,,,,,,PKG-01b. Dims catalog-verified from official Tsubaki PDF. Tensile equals corresponding base roller chain — pull from Tsubaki strength tables pp.91-92 in 01c patch; left blank rather than derived.
DP-C2080,Double Pitch Conveyor Chains,C2080,C2080 Double Pitch Conveyor Chain (S roller),ISO 1275-A / ASME B29.100 / JIS B1803,2,50.8,1,Active,catalog-verified,FALSE,"C2080 double pitch conveyor chain, 50.8 mm (2 in) pitch, standard (S) roller. Flat link plate contour, twice the pitch of the corresponding base roller chain. Ideal for long-span, low-speed conveyance. RS sprockets usable with S rollers at 30+ teeth.","double pitch, conveyor, flat plate, long span, low speed, attachment chain","Carbon Steel, Stainless Steel 304, Nickel Plated, Engineering Plastic Rollers",A1|A2|K1|K2|SA1|SA2|SK1|SK2|GNK1|EP extended pin|hollow pin|plastic roller|stainless SS|nickel NP|NEP coated|low-noise SNP,0.625,15.88,0.625,15.88,0.313,7.94,0.906,23,1.620,2.41,"{""plate_thickness_mm"": 4.0}",,,,,-10,150,Standard lubrication; lube-free and plastic-roller variants available,Tsubaki Small Size Conveyor Chain catalog (dims),RF2080S,,,,,,,,,,,PKG-01b. Dims catalog-verified from official Tsubaki PDF. Tensile equals corresponding base roller chain — pull from Tsubaki strength tables pp.91-92 in 01c patch; left blank rather than derived.
DP-C2082,Double Pitch Conveyor Chains,C2082,C2082 Double Pitch Conveyor Chain (R roller),ISO 1275-A / ASME B29.100 / JIS B1803,2,50.8,1,Active,catalog-verified,FALSE,"C2082 double pitch conveyor chain, 50.8 mm (2 in) pitch, oversized (R) roller. Flat link plate contour, twice the pitch of the corresponding base roller chain. Ideal for long-span, low-speed conveyance.","double pitch, conveyor, flat plate, long span, low speed, attachment chain","Carbon Steel, Stainless Steel 304, Nickel Plated, Engineering Plastic Rollers",A1|A2|K1|K2|SA1|SA2|SK1|SK2|GNK1|EP extended pin|hollow pin|plastic roller|stainless SS|nickel NP|NEP coated|low-noise SNP,1.125,28.58,0.625,15.88,0.313,7.94,0.906,23,2.365,3.52,"{""plate_thickness_mm"": 4.0}",,,,,-10,150,Standard lubrication; lube-free and plastic-roller variants available,Tsubaki Small Size Conveyor Chain catalog (dims),RF2080R,,,,,,,,,,,PKG-01b. Dims catalog-verified from official Tsubaki PDF. Tensile equals corresponding base roller chain — pull from Tsubaki strength tables pp.91-92 in 01c patch; left blank rather than derived.
DP-C2100,Double Pitch Conveyor Chains,C2100,C2100 Double Pitch Conveyor Chain (S roller),ISO 1275-A / ASME B29.100 / JIS B1803,2.5,63.5,1,Active,catalog-verified,FALSE,"C2100 double pitch conveyor chain, 63.5 mm (2.5 in) pitch, standard (S) roller. Flat link plate contour, twice the pitch of the corresponding base roller chain. Ideal for long-span, low-speed conveyance. RS sprockets usable with S rollers at 30+ teeth.","double pitch, conveyor, flat plate, long span, low speed, attachment chain","Carbon Steel, Stainless Steel 304, Nickel Plated, Engineering Plastic Rollers",A1|A2|K1|K2|SA1|SA2|SK1|SK2|GNK1|EP extended pin|hollow pin|plastic roller|stainless SS|nickel NP|NEP coated|low-noise SNP,0.750,19.05,0.750,19.05,0.376,9.54,1.126,28.6,2.379,3.54,"{""plate_thickness_mm"": 4.8}",,,,,-10,150,Standard lubrication; lube-free and plastic-roller variants available,Tsubaki Small Size Conveyor Chain catalog (dims),RF2100S,,,,,,,,,,,PKG-01b. Dims catalog-verified from official Tsubaki PDF. Tensile equals corresponding base roller chain — pull from Tsubaki strength tables pp.91-92 in 01c patch; left blank rather than derived.
DP-C2102,Double Pitch Conveyor Chains,C2102,C2102 Double Pitch Conveyor Chain (R roller),ISO 1275-A / ASME B29.100 / JIS B1803,2.5,63.5,1,Active,catalog-verified,FALSE,"C2102 double pitch conveyor chain, 63.5 mm (2.5 in) pitch, oversized (R) roller. Flat link plate contour, twice the pitch of the corresponding base roller chain. Ideal for long-span, low-speed conveyance.","double pitch, conveyor, flat plate, long span, low speed, attachment chain","Carbon Steel, Stainless Steel 304, Nickel Plated, Engineering Plastic Rollers",A1|A2|K1|K2|SA1|SA2|SK1|SK2|GNK1|EP extended pin|hollow pin|plastic roller|stainless SS|nickel NP|NEP coated|low-noise SNP,1.563,39.69,0.750,19.05,0.376,9.54,1.126,28.6,3.898,5.8,"{""plate_thickness_mm"": 4.8}",,,,,-10,150,Standard lubrication; lube-free and plastic-roller variants available,Tsubaki Small Size Conveyor Chain catalog (dims),RF2100R,,,,,,,,,,,PKG-01b. Dims catalog-verified from official Tsubaki PDF. Tensile equals corresponding base roller chain — pull from Tsubaki strength tables pp.91-92 in 01c patch; left blank rather than derived.
DP-C2120,Double Pitch Conveyor Chains,C2120,C2120 Double Pitch Conveyor Chain (S roller),ISO 1275-A / ASME B29.100 / JIS B1803,3,76.2,1,Active,catalog-verified,FALSE,"C2120 double pitch conveyor chain, 76.2 mm (3 in) pitch, standard (S) roller. Flat link plate contour, twice the pitch of the corresponding base roller chain. Ideal for long-span, low-speed conveyance. RS sprockets usable with S rollers at 30+ teeth.","double pitch, conveyor, flat plate, long span, low speed, attachment chain","Carbon Steel, Stainless Steel 304, Nickel Plated, Engineering Plastic Rollers",A1|A2|K1|K2|SA1|SA2|SK1|SK2|GNK1|EP extended pin|hollow pin|plastic roller|stainless SS|nickel NP|NEP coated|low-noise SNP,0.875,22.23,1.000,25.4,0.437,11.11,1.354,34.4,3.414,5.08,"{""plate_thickness_mm"": 5.6}",,,,,-10,150,Standard lubrication; lube-free and plastic-roller variants available,Tsubaki Small Size Conveyor Chain catalog (dims),RF2120S,,,,,,,,,,,PKG-01b. Dims catalog-verified from official Tsubaki PDF. Tensile equals corresponding base roller chain — pull from Tsubaki strength tables pp.91-92 in 01c patch; left blank rather than derived.
DP-C2122,Double Pitch Conveyor Chains,C2122,C2122 Double Pitch Conveyor Chain (R roller),ISO 1275-A / ASME B29.100 / JIS B1803,3,76.2,1,Active,catalog-verified,FALSE,"C2122 double pitch conveyor chain, 76.2 mm (3 in) pitch, oversized (R) roller. Flat link plate contour, twice the pitch of the corresponding base roller chain. Ideal for long-span, low-speed conveyance.","double pitch, conveyor, flat plate, long span, low speed, attachment chain","Carbon Steel, Stainless Steel 304, Nickel Plated, Engineering Plastic Rollers",A1|A2|K1|K2|SA1|SA2|SK1|SK2|GNK1|EP extended pin|hollow pin|plastic roller|stainless SS|nickel NP|NEP coated|low-noise SNP,1.750,44.45,1.000,25.4,0.437,11.11,1.354,34.4,5.463,8.13,"{""plate_thickness_mm"": 5.6}",,,,,-10,150,Standard lubrication; lube-free and plastic-roller variants available,Tsubaki Small Size Conveyor Chain catalog (dims),RF2120R,,,,,,,,,,,PKG-01b. Dims catalog-verified from official Tsubaki PDF. Tensile equals corresponding base roller chain — pull from Tsubaki strength tables pp.91-92 in 01c patch; left blank rather than derived.
DP-C2160,Double Pitch Conveyor Chains,C2160,C2160 Double Pitch Conveyor Chain (S roller),ISO 1275-A / ASME B29.100 / JIS B1803,4,101.6,1,Active,catalog-verified,FALSE,"C2160 double pitch conveyor chain, 101.6 mm (4 in) pitch, standard (S) roller. Flat link plate contour, twice the pitch of the corresponding base roller chain. Ideal for long-span, low-speed conveyance. RS sprockets usable with S rollers at 30+ teeth.","double pitch, conveyor, flat plate, long span, low speed, attachment chain","Carbon Steel, Stainless Steel 304, Nickel Plated, Engineering Plastic Rollers",A1|A2|K1|K2|SA1|SA2|SK1|SK2|GNK1|EP extended pin|hollow pin|plastic roller|stainless SS|nickel NP|NEP coated|low-noise SNP,1.125,28.58,1.250,31.75,0.563,14.29,1.898,48.2,6.021,8.96,"{""plate_thickness_mm"": 7.15}",,,,,-10,150,Standard lubrication; lube-free and plastic-roller variants available,Tsubaki Small Size Conveyor Chain catalog (dims),RF2160S,,,,,,,,,,,PKG-01b. Dims catalog-verified from official Tsubaki PDF. Tensile equals corresponding base roller chain — pull from Tsubaki strength tables pp.91-92 in 01c patch; left blank rather than derived.
DP-C2162,Double Pitch Conveyor Chains,C2162,C2162 Double Pitch Conveyor Chain (R roller),ISO 1275-A / ASME B29.100 / JIS B1803,4,101.6,1,Active,catalog-verified,FALSE,"C2162 double pitch conveyor chain, 101.6 mm (4 in) pitch, oversized (R) roller. Flat link plate contour, twice the pitch of the corresponding base roller chain. Ideal for long-span, low-speed conveyance.","double pitch, conveyor, flat plate, long span, low speed, attachment chain","Carbon Steel, Stainless Steel 304, Nickel Plated, Engineering Plastic Rollers",A1|A2|K1|K2|SA1|SA2|SK1|SK2|GNK1|EP extended pin|hollow pin|plastic roller|stainless SS|nickel NP|NEP coated|low-noise SNP,2.250,57.15,1.250,31.75,0.563,14.29,1.898,48.2,9.206,13.7,"{""plate_thickness_mm"": 7.15}",,,,,-10,150,Standard lubrication; lube-free and plastic-roller variants available,Tsubaki Small Size Conveyor Chain catalog (dims),RF2160R,,,,,,,,,,,PKG-01b. Dims catalog-verified from official Tsubaki PDF. Tensile equals corresponding base roller chain — pull from Tsubaki strength tables pp.91-92 in 01c patch; left blank rather than derived.
HP-40HP,Hollow Pin Chains,40HP,40HP Hollow Pin Chain (single pitch),ANSI B29.1 derived / Tsubaki HP,0.5,12.7,1,Active,catalog-verified,FALSE,"40HP single pitch hollow pin chain, 12.7 mm pitch, rollerless (bush only). 4 mm hollow pin bore accepts cross rods and attachment pins without welding or bolting.","hollow pin, cross rod, attachment mounting, conveyor, rollerless","Carbon Steel, Stainless Steel 304, Nickel Plated",stainless SS|nickel NP|extended cross rods|custom bore,0.312,7.92,0.313,7.95,0.224,5.68,0.472,12,0.356,0.53,"{""hollow_bore_mm"": 4.0, ""plate_thickness_mm"": 1.5}",,,,,-10,150,Standard; lube-free variant available,Tsubaki EU product pages (dims),RS40-HP,,,,,,,,,,,PKG-01d. Dims catalog-verified (tsubaki.eu). Tensile mfr-specific for hollow pin (reduced vs solid pin) — fill via cross-supplier normalization. Possible overlap with Wave C HP records: dedupe by chain_number on merge.
HP-50HP,Hollow Pin Chains,50HP,50HP Hollow Pin Chain (single pitch),ANSI B29.1 derived / Tsubaki HP,0.625,15.875,1,Active,catalog-verified,FALSE,"50HP single pitch hollow pin chain, 15.875 mm pitch, rollerless (bush only). 5.12 mm hollow pin bore accepts cross rods and attachment pins without welding or bolting.","hollow pin, cross rod, attachment mounting, conveyor, rollerless","Carbon Steel, Stainless Steel 304, Nickel Plated",stainless SS|nickel NP|extended cross rods|custom bore,0.400,10.16,0.375,9.53,0.284,7.22,0.591,15,0.578,0.86,"{""hollow_bore_mm"": 5.12, ""plate_thickness_mm"": 2.0}",,,,,-10,150,Standard; lube-free variant available,Tsubaki EU product pages (dims),RS50-HP,,,,,,,,,,,PKG-01d. Dims catalog-verified (tsubaki.eu). Tensile mfr-specific for hollow pin (reduced vs solid pin) — fill via cross-supplier normalization. Possible overlap with Wave C HP records: dedupe by chain_number on merge.
HP-60HP,Hollow Pin Chains,60HP,60HP Hollow Pin Chain (single pitch),ANSI B29.1 derived / Tsubaki HP,0.75,19.05,1,Active,catalog-verified,FALSE,"60HP single pitch hollow pin chain, 19.05 mm pitch, rollerless (bush only). 5.99 mm hollow pin bore accepts cross rods and attachment pins without welding or bolting.","hollow pin, cross rod, attachment mounting, conveyor, rollerless","Carbon Steel, Stainless Steel 304, Nickel Plated",stainless SS|nickel NP|extended cross rods|custom bore,0.469,11.91,0.500,12.7,0.330,8.38,0.713,18.1,0.853,1.27,"{""hollow_bore_mm"": 5.99, ""plate_thickness_mm"": 2.4}",,,,,-10,150,Standard; lube-free variant available,Tsubaki EU product pages (dims),RS60-HP,,,,,,,,,,,PKG-01d. Dims catalog-verified (tsubaki.eu). Tensile mfr-specific for hollow pin (reduced vs solid pin) — fill via cross-supplier normalization. Possible overlap with Wave C HP records: dedupe by chain_number on merge.
HP-80HP,Hollow Pin Chains,80HP,80HP Hollow Pin Chain (single pitch),ANSI B29.1 derived / Tsubaki HP,1,25.4,1,Active,catalog-verified,FALSE,"80HP single pitch hollow pin chain, 25.4 mm pitch, rollerless (bush only). 8.02 mm hollow pin bore accepts cross rods and attachment pins without welding or bolting.","hollow pin, cross rod, attachment mounting, conveyor, rollerless","Carbon Steel, Stainless Steel 304, Nickel Plated",stainless SS|nickel NP|extended cross rods|custom bore,0.625,15.88,0.625,15.88,0.448,11.38,0.949,24.1,1.445,2.15,"{""hollow_bore_mm"": 8.02, ""plate_thickness_mm"": 3.2}",,,,,-10,150,Standard; lube-free variant available,Tsubaki EU product pages (dims),RS80-HP,,,,,,,,,,,PKG-01d. Dims catalog-verified (tsubaki.eu). Tensile mfr-specific for hollow pin (reduced vs solid pin) — fill via cross-supplier normalization. Possible overlap with Wave C HP records: dedupe by chain_number on merge.
HP-C2040HP,Hollow Pin Chains,C2040HP,"C2040HP Double Pitch Hollow Pin Chain (S bush, rollerless)",ASME B29.100 derived / Tsubaki HP,1,25.4,1,Active,catalog-verified,FALSE,"C2040HP double pitch hollow pin chain, 25.4 mm pitch, S bush (rollerless). 4 mm hollow pin bore accepts cross rods and attachment pins; flat double pitch plates for long-span conveyance.","hollow pin, double pitch, cross rod, attachment mounting, conveyor","Carbon Steel, Stainless Steel 304, Nickel Plated",stainless SS|nickel NP|extended cross rods|custom bore,0.312,7.92,0.313,7.95,0.224,5.68,0.472,12,0.309,0.46,"{""hollow_bore_mm"": 4.0, ""plate_thickness_mm"": 1.5}",,,,,-10,150,Standard; lube-free variant available,Tsubaki EU product pages (dims),RF2040S-HP,,,,,,,,,,,PKG-01d. Dims catalog-verified (tsubaki.eu). Tensile mfr-specific for hollow pin — fill via cross-supplier normalization. Possible overlap with Wave C HP records: dedupe by chain_number on merge.
HP-C2042HP,Hollow Pin Chains,C2042HP,C2042HP Double Pitch Hollow Pin Chain (R roller),ASME B29.100 derived / Tsubaki HP,1,25.4,1,Active,catalog-verified,TRUE,"C2042HP double pitch hollow pin chain, 25.4 mm pitch, R roller. 4 mm hollow pin bore accepts cross rods and attachment pins; flat double pitch plates for long-span conveyance.","hollow pin,double pitch,cross rod,attachment mounting,conveyor","Carbon Steel,Stainless Steel 304,Nickel Plated",stainless SS|nickel NP|extended cross rods|custom bore,0.625,15.88,0.313,7.95,0.224,5.68,0.472,12,0.551,0.82,"{""hollow_bore_mm"": 4.0, ""plate_thickness_mm"": 1.5}",2470,11.0,,,-10,150,Standard; lube-free variant available,Tsubaki EU product pages (dims),RF2040R-HP,C2042HP,,,,,,,,,,"PKG-01d. Dims catalog-verified (tsubaki.eu). Tensile mfr-specific for hollow pin — fill via cross-supplier normalization. Possible overlap with Wave C HP records: dedupe by chain_number on merge. | MERGE CONFLICT with donghua — kept baseline, both values: inner_width_in: 0.313 (tsubaki) vs 0.309 (donghua); pin_dia_in: 0.224 (tsubaki) vs 0.222 (donghua); weight_lbs_ft: 0.551 (tsubaki) vs 0.524 (donghua)."
HP-C2050HP,Hollow Pin Chains,C2050HP,"C2050HP Double Pitch Hollow Pin Chain (S bush, rollerless)",ASME B29.100 derived / Tsubaki HP,1.25,31.75,1,Active,catalog-verified,FALSE,"C2050HP double pitch hollow pin chain, 31.75 mm pitch, S bush (rollerless). 5.12 mm hollow pin bore accepts cross rods and attachment pins; flat double pitch plates for long-span conveyance.","hollow pin, double pitch, cross rod, attachment mounting, conveyor","Carbon Steel, Stainless Steel 304, Nickel Plated",stainless SS|nickel NP|extended cross rods|custom bore,0.400,10.16,0.375,9.53,0.284,7.22,0.591,15,0.504,0.75,"{""hollow_bore_mm"": 5.12, ""plate_thickness_mm"": 2.0}",,,,,-10,150,Standard; lube-free variant available,Tsubaki EU product pages (dims),RF2050S-HP,,,,,,,,,,,PKG-01d. Dims catalog-verified (tsubaki.eu). Tensile mfr-specific for hollow pin — fill via cross-supplier normalization. Possible overlap with Wave C HP records: dedupe by chain_number on merge.
HP-C2052HP,Hollow Pin Chains,C2052HP,C2052HP Double Pitch Hollow Pin Chain (R roller),ASME B29.100 derived / Tsubaki HP,1.25,31.75,1,Active,catalog-verified,TRUE,"C2052HP double pitch hollow pin chain, 31.75 mm pitch, R roller. 5.12 mm hollow pin bore accepts cross rods and attachment pins; flat double pitch plates for long-span conveyance.","hollow pin,double pitch,cross rod,attachment mounting,conveyor","Carbon Steel,Stainless Steel 304,Nickel Plated",stainless SS|nickel NP|extended cross rods|custom bore,0.750,19.05,0.375,9.53,0.284,7.22,0.591,15,0.813,1.21,"{""hollow_bore_mm"": 5.12, ""plate_thickness_mm"": 2.0}",4590,20.4,,,-10,150,Standard; lube-free variant available,Tsubaki EU product pages (dims),RF2050R-HP,C2052HP,,,,,,,,,,"PKG-01d. Dims catalog-verified (tsubaki.eu). Tensile mfr-specific for hollow pin — fill via cross-supplier normalization. Possible overlap with Wave C HP records: dedupe by chain_number on merge. | MERGE CONFLICT with donghua — kept baseline, both values: roller_dia_in: 0.750 (tsubaki) vs 0.75 (donghua); weight_lbs_ft: 0.813 (tsubaki) vs 0.840 (donghua)."
HP-C2060HP,Hollow Pin Chains,C2060HP,"C2060HP Double Pitch Hollow Pin Chain (S bush, rollerless)",ASME B29.100 derived / Tsubaki HP,1.5,38.1,1,Active,catalog-verified,FALSE,"C2060HP double pitch hollow pin chain, 38.1 mm pitch, S bush (rollerless). 5.99 mm hollow pin bore accepts cross rods and attachment pins; flat double pitch plates for long-span conveyance.","hollow pin, double pitch, cross rod, attachment mounting, conveyor","Carbon Steel, Stainless Steel 304, Nickel Plated",stainless SS|nickel NP|extended cross rods|custom bore,0.469,11.91,0.500,12.7,0.330,8.38,0.677,17.2,0.927,1.38,"{""hollow_bore_mm"": 5.99, ""plate_thickness_mm"": 2.4}",,,,,-10,150,Standard; lube-free variant available,Tsubaki EU product pages (dims),RF2060S-HP,,,,,,,,,,,PKG-01d. Dims catalog-verified (tsubaki.eu). Tensile mfr-specific for hollow pin — fill via cross-supplier normalization. Possible overlap with Wave C HP records: dedupe by chain_number on merge.
HP-C2062HP,Hollow Pin Chains,C2062HP,C2062HP Double Pitch Hollow Pin Chain (R roller),ASME B29.100 derived / Tsubaki HP,1.5,38.1,1,Active,catalog-verified,TRUE,"C2062HP double pitch hollow pin chain, 38.1 mm pitch, R roller. 5.99 mm hollow pin bore accepts cross rods and attachment pins; flat double pitch plates for long-span conveyance.","hollow pin,double pitch,cross rod,attachment mounting,conveyor","Carbon Steel,Stainless Steel 304,Nickel Plated",stainless SS|nickel NP|extended cross rods|custom bore,0.875,22.23,0.500,12.7,0.330,8.38,0.677,17.2,1.384,2.06,"{""hollow_bore_mm"": 5.99, ""plate_thickness_mm"": 2.4}",5400,24.0,,,-10,150,Standard; lube-free variant available,Tsubaki EU product pages (dims),RF2060R-HP,C2062HP,,,,,,,,,,"PKG-01d. Dims catalog-verified (tsubaki.eu). Tensile mfr-specific for hollow pin — fill via cross-supplier normalization. Possible overlap with Wave C HP records: dedupe by chain_number on merge. | MERGE CONFLICT with donghua — kept baseline, both values: inner_width_in: 0.500 (tsubaki) vs 0.5 (donghua); pin_dia_in: 0.330 (tsubaki) vs 0.327 (donghua); plate_height_in: 0.677 (tsubaki) vs 0.669 (donghua); weight_lbs_ft: 1.384 (tsubaki) vs 1.156 (donghua)."
HP-C2080HP,Hollow Pin Chains,C2080HP,"C2080HP Double Pitch Hollow Pin Chain (S bush, rollerless)",ASME B29.100 derived / Tsubaki HP,2,50.8,1,Active,catalog-verified,FALSE,"C2080HP double pitch hollow pin chain, 50.8 mm pitch, S bush (rollerless). 8.02 mm hollow pin bore accepts cross rods and attachment pins; flat double pitch plates for long-span conveyance.","hollow pin, double pitch, cross rod, attachment mounting, conveyor","Carbon Steel, Stainless Steel 304, Nickel Plated",stainless SS|nickel NP|extended cross rods|custom bore,0.625,15.88,0.625,15.88,0.448,11.38,0.906,23,1.210,1.8,"{""hollow_bore_mm"": 8.02, ""plate_thickness_mm"": 3.2}",,,,,-10,150,Standard; lube-free variant available,Tsubaki EU product pages (dims),RF2080S-HP,,,,,,,,,,,PKG-01d. Dims catalog-verified (tsubaki.eu). Tensile mfr-specific for hollow pin — fill via cross-supplier normalization. Possible overlap with Wave C HP records: dedupe by chain_number on merge.
HP-C2082HP,Hollow Pin Chains,C2082HP,C2082HP Double Pitch Hollow Pin Chain (R roller),ASME B29.100 derived / Tsubaki HP,2,50.8,1,Active,catalog-verified,TRUE,"C2082HP double pitch hollow pin chain, 50.8 mm pitch, R roller. 8.02 mm hollow pin bore accepts cross rods and attachment pins; flat double pitch plates for long-span conveyance.","hollow pin,double pitch,cross rod,attachment mounting,conveyor","Carbon Steel,Stainless Steel 304,Nickel Plated",stainless SS|nickel NP|extended cross rods|custom bore,1.125,28.58,0.625,15.88,0.448,11.38,0.906,23,1.888,2.81,"{""hollow_bore_mm"": 8.02, ""plate_thickness_mm"": 3.2}",11240,50.0,,,-10,150,Standard; lube-free variant available,Tsubaki EU product pages (dims),RF2080R-HP,C2082HP,,,,,,,,,,"PKG-01d. Dims catalog-verified (tsubaki.eu). Tensile mfr-specific for hollow pin — fill via cross-supplier normalization. Possible overlap with Wave C HP records: dedupe by chain_number on merge. | MERGE CONFLICT with donghua — kept baseline, both values: inner_width_in: 0.625 (tsubaki) vs 0.62 (donghua); pin_dia_in: 0.448 (tsubaki) vs 0.449 (donghua); plate_height_in: 0.906 (tsubaki) vs 0.945 (donghua); weight_lbs_ft: 1.888 (tsubaki) vs 1.895 (donghua)."
LF-BL422,Leaf Chains,BL422,BL422 Leaf Chain (2x2 lacing),ASME/ANSI B29.8,0.5,12.7,1,Active,catalog-verified,FALSE,"BL422 heavy-series leaf chain, 12.7 mm (0.5 in) pitch, 2x2 lacing. Link plates and pins only — runs over sheaves, not sprockets. For lifting, balancing and linear motion: forklift masts, hoists, counterweights.","leaf chain, forklift mast, lifting, hoist, counterweight, balancing",Carbon Steel (heat treated),clevis terminals|sheaves|custom lacing,,,,,0.200,5.08,,,,,"{""lacing"": ""2x2"", ""overall_pin_length_in"": 0.427, ""overall_pin_length_mm"": 10.85}",5000,22.2,,,,,Periodic oiling of pin joints,ASME/ANSI B29.8 min tensile; dims verified catalog.tsubaki.ca,BL422,,,,,,,,,,,PKG-01f. Catalog-verified. Tsubaki published min tensile 5300 lb exceeds ANSI min. Plate height + weight via 01f addendum (Code).
LF-BL423,Leaf Chains,BL423,BL423 Leaf Chain (2x3 lacing),ASME/ANSI B29.8,0.5,12.7,1,Active,catalog-verified,FALSE,"BL423 heavy-series leaf chain, 12.7 mm (0.5 in) pitch, 2x3 lacing. Link plates and pins only — runs over sheaves, not sprockets. For lifting, balancing and linear motion applications.","leaf chain, forklift mast, lifting, hoist, counterweight, balancing",Carbon Steel (heat treated),clevis terminals|sheaves|custom lacing,,,,,0.200,5.08,,,,,"{""lacing"": ""2x3"", ""overall_pin_length_in"": 0.510, ""overall_pin_length_mm"": 12.95}",5000,22.2,,,,,Periodic oiling of pin joints,ASME/ANSI B29.8 min tensile; dims verified catalog.tsubaki.ca,BL423,,,,,,,,,,,PKG-01f. Catalog-verified. Tsubaki published min tensile 5300 lb exceeds ANSI min. Plate height + weight via 01f addendum (Code).
LF-BL434,Leaf Chains,BL434,BL434 Leaf Chain (3x4 lacing),ASME/ANSI B29.8,0.5,12.7,1,Active,catalog-verified,FALSE,"BL434 heavy-series leaf chain, 12.7 mm (0.5 in) pitch, 3x4 lacing. Link plates and pins only — runs over sheaves, not sprockets. For lifting, balancing and linear motion applications.","leaf chain, forklift mast, lifting, hoist, counterweight, balancing",Carbon Steel (heat treated),clevis terminals|sheaves|custom lacing,,,,,0.200,5.08,,,,,"{""lacing"": ""3x4"", ""overall_pin_length_in"": 0.677, ""overall_pin_length_mm"": 17.2}",7500,33.4,,,,,Periodic oiling of pin joints,ASME/ANSI B29.8 min tensile; dims verified catalog.tsubaki.ca,BL434,,,,,,,,,,,PKG-01f. Catalog-verified. Tsubaki published min tensile 7900 lb exceeds ANSI min. Plate height + weight via 01f addendum (Code).
LF-BL444,Leaf Chains,BL444,BL444 Leaf Chain (4x4 lacing),ASME/ANSI B29.8,0.5,12.7,1,Active,catalog-verified,FALSE,"BL444 heavy-series leaf chain, 12.7 mm (0.5 in) pitch, 4x4 lacing. Link plates and pins only — runs over sheaves, not sprockets. For lifting, balancing and linear motion applications.","leaf chain, forklift mast, lifting, hoist, counterweight, balancing",Carbon Steel (heat treated),clevis terminals|sheaves|custom lacing,,,,,0.200,5.08,,,,,"{""lacing"": ""4x4"", ""overall_pin_length_in"": 0.764, ""overall_pin_length_mm"": 19.41}",10000,44.5,,,,,Periodic oiling of pin joints,ASME/ANSI B29.8 min tensile; dims verified catalog.tsubaki.ca,BL444,,,,,,,,,,,PKG-01f. Catalog-verified. Tsubaki published min tensile 10600 lb exceeds ANSI min. Plate height + weight via 01f addendum (Code).
LF-BL446,Leaf Chains,BL446,BL446 Leaf Chain (4x6 lacing),ASME/ANSI B29.8,0.5,12.7,1,Active,catalog-verified,FALSE,"BL446 heavy-series leaf chain, 12.7 mm (0.5 in) pitch, 4x6 lacing. Link plates and pins only — runs over sheaves, not sprockets. For lifting, balancing and linear motion applications.","leaf chain, forklift mast, lifting, hoist, counterweight, balancing",Carbon Steel (heat treated),clevis terminals|sheaves|custom lacing,,,,,0.200,5.08,,,,,"{""lacing"": ""4x6"", ""overall_pin_length_in"": 0.929, ""overall_pin_length_mm"": 23.6}",10000,44.5,,,,,Periodic oiling of pin joints,ASME/ANSI B29.8 min tensile; dims verified catalog.tsubaki.ca,BL446,,,,,,,,,,,PKG-01f. Catalog-verified. Tsubaki published min tensile 10600 lb exceeds ANSI min. Plate height + weight via 01f addendum (Code).
LF-BL466,Leaf Chains,BL466,BL466 Leaf Chain (6x6 lacing),ASME/ANSI B29.8,0.5,12.7,1,Active,catalog-verified,FALSE,"BL466 heavy-series leaf chain, 12.7 mm (0.5 in) pitch, 6x6 lacing. Link plates and pins only — runs over sheaves, not sprockets. For lifting, balancing and linear motion applications.","leaf chain, forklift mast, lifting, hoist, counterweight, balancing",Carbon Steel (heat treated),clevis terminals|sheaves|custom lacing,,,,,0.200,5.08,,,,,"{""lacing"": ""6x6"", ""overall_pin_length_in"": 1.094, ""overall_pin_length_mm"": 27.79}",15000,66.7,,,,,Periodic oiling of pin joints,ASME/ANSI B29.8 min tensile; dims verified catalog.tsubaki.ca,BL466,,,,,,,,,,,PKG-01f. Catalog-verified. Tsubaki published min tensile 15600 lb exceeds ANSI min. Plate height + weight via 01f addendum (Code).
LF-BL522,Leaf Chains,BL522,BL522 Leaf Chain (2x2 lacing),ASME/ANSI B29.8,0.625,15.875,1,Active,catalog-verified,FALSE,"BL522 heavy-series leaf chain, 15.875 mm (0.625 in) pitch, 2x2 lacing. Link plates and pins only — runs over sheaves, not sprockets. For lifting, balancing and linear motion applications.","leaf chain, forklift mast, lifting, hoist, counterweight, balancing",Carbon Steel (heat treated),clevis terminals|sheaves|custom lacing,,,,,0.234,5.94,,,,,"{""lacing"": ""2x2"", ""overall_pin_length_in"": 0.498, ""overall_pin_length_mm"": 12.65}",7500,33.4,,,,,Periodic oiling of pin joints,ASME/ANSI B29.8 min tensile; dims verified catalog.tsubaki.ca,BL522,,,,,,,,,,,PKG-01f. Catalog-verified. Tsubaki published min tensile 8800 lb exceeds ANSI min. Plate height + weight via 01f addendum (Code).
LF-BL523,Leaf Chains,BL523,BL523 Leaf Chain (2x3 lacing),ASME/ANSI B29.8,0.625,15.875,1,Active,catalog-verified,FALSE,"BL523 heavy-series leaf chain, 15.875 mm (0.625 in) pitch, 2x3 lacing. Link plates and pins only — runs over sheaves, not sprockets. For lifting, balancing and linear motion applications.","leaf chain, forklift mast, lifting, hoist, counterweight, balancing",Carbon Steel (heat treated),clevis terminals|sheaves|custom lacing,,,,,0.234,5.94,,,,,"{""lacing"": ""2x3"", ""overall_pin_length_in"": 0.594, ""overall_pin_length_mm"": 15.09}",7500,33.4,,,,,Periodic oiling of pin joints,ASME/ANSI B29.8 min tensile; dims verified catalog.tsubaki.ca,BL523,,,,,,,,,,,PKG-01f. Catalog-verified. Tsubaki published min tensile 8800 lb exceeds ANSI min. Plate height + weight via 01f addendum (Code).
LF-BL534,Leaf Chains,BL534,BL534 Leaf Chain (3x4 lacing),ASME/ANSI B29.8,0.625,15.875,1,Active,catalog-verified,FALSE,"BL534 heavy-series leaf chain, 15.875 mm (0.625 in) pitch, 3x4 lacing. Link plates and pins only — runs over sheaves, not sprockets. For lifting, balancing and linear motion applications.","leaf chain, forklift mast, lifting, hoist, counterweight, balancing",Carbon Steel (heat treated),clevis terminals|sheaves|custom lacing,,,,,0.234,5.94,,,,,"{""lacing"": ""3x4"", ""overall_pin_length_in"": 0.791, ""overall_pin_length_mm"": 20.09}",11000,48.9,,,,,Periodic oiling of pin joints,ASME/ANSI B29.8 min tensile; dims verified catalog.tsubaki.ca,BL534,,,,,,,,,,,PKG-01f. Catalog-verified. Tsubaki published min tensile 13200 lb exceeds ANSI min. Plate height + weight via 01f addendum (Code).
LF-BL544,Leaf Chains,BL544,BL544 Leaf Chain (4x4 lacing),ASME/ANSI B29.8,0.625,15.875,1,Active,catalog-verified,FALSE,"BL544 heavy-series leaf chain, 15.875 mm (0.625 in) pitch, 4x4 lacing. Link plates and pins only — runs over sheaves, not sprockets. For lifting, balancing and linear motion applications.","leaf chain, forklift mast, lifting, hoist, counterweight, balancing",Carbon Steel (heat treated),clevis terminals|sheaves|custom lacing,,,,,0.234,5.94,,,,,"{""lacing"": ""4x4"", ""overall_pin_length_in"": 0.888, ""overall_pin_length_mm"": 22.56}",15000,66.7,,,,,Periodic oiling of pin joints,ASME/ANSI B29.8 min tensile; dims verified catalog.tsubaki.ca,BL544,,,,,,,,,,,PKG-01f. Catalog-verified. Tsubaki published min tensile 17600 lb exceeds ANSI min. Plate height + weight via 01f addendum (Code).
LF-BL546,Leaf Chains,BL546,BL546 Leaf Chain (4x6 lacing),ASME/ANSI B29.8,0.625,15.875,1,Active,catalog-verified,FALSE,"BL546 heavy-series leaf chain, 15.875 mm (0.625 in) pitch, 4x6 lacing. Link plates and pins only — runs over sheaves, not sprockets. For lifting, balancing and linear motion applications.","leaf chain, forklift mast, lifting, hoist, counterweight, balancing",Carbon Steel (heat treated),clevis terminals|sheaves|custom lacing,,,,,0.234,5.94,,,,,"{""lacing"": ""4x6"", ""overall_pin_length_in"": 1.083, ""overall_pin_length_mm"": 27.51}",15000,66.7,,,,,Periodic oiling of pin joints,ASME/ANSI B29.8 min tensile; dims verified catalog.tsubaki.ca,BL546,,,,,,,,,,,PKG-01f. Catalog-verified. Tsubaki published min tensile 17600 lb exceeds ANSI min. Plate height + weight via 01f addendum (Code).
LF-BL566,Leaf Chains,BL566,BL566 Leaf Chain (6x6 lacing),ASME/ANSI B29.8,0.625,15.875,1,Active,catalog-verified,FALSE,"BL566 heavy-series leaf chain, 15.875 mm (0.625 in) pitch, 6x6 lacing. Link plates and pins only — runs over sheaves, not sprockets. For lifting, balancing and linear motion applications.","leaf chain, forklift mast, lifting, hoist, counterweight, balancing",Carbon Steel (heat treated),clevis terminals|sheaves|custom lacing,,,,,0.234,5.94,,,,,"{""lacing"": ""6x6"", ""overall_pin_length_in"": 1.278, ""overall_pin_length_mm"": 32.46}",22500,100.1,,,,,Periodic oiling of pin joints,ASME/ANSI B29.8 min tensile; dims verified catalog.tsubaki.ca,BL566,,,,,,,,,,,PKG-01f. Catalog-verified. Tsubaki published min tensile 26400 lb exceeds ANSI min. Plate height + weight via 01f addendum (Code).
LF-BL622,Leaf Chains,BL622,BL622 Leaf Chain (2x2 lacing),ASME/ANSI B29.8,0.75,19.05,1,Active,catalog-verified,FALSE,"BL622 heavy-series leaf chain, 19.05 mm (0.75 in) pitch, 2x2 lacing. Link plates and pins only — runs over sheaves, not sprockets. For lifting, balancing and linear motion applications.","leaf chain, forklift mast, lifting, hoist, counterweight, balancing",Carbon Steel (heat treated),clevis terminals|sheaves|custom lacing,,,,,0.312,7.92,,,,,"{""lacing"": ""2x2"", ""overall_pin_length_in"": 0.645, ""overall_pin_length_mm"": 16.38}",11000,48.9,,,,,Periodic oiling of pin joints,ASME/ANSI B29.8 min tensile; dims verified catalog.tsubaki.ca,BL622,,,,,,,,,,,PKG-01f. Catalog-verified. Tsubaki published min tensile 14300 lb exceeds ANSI min. Plate height + weight via 01f addendum (Code).
LF-BL623,Leaf Chains,BL623,BL623 Leaf Chain (2x3 lacing),ASME/ANSI B29.8,0.75,19.05,1,Active,catalog-verified,FALSE,"BL623 heavy-series leaf chain, 19.05 mm (0.75 in) pitch, 2x3 lacing. Link plates and pins only — runs over sheaves, not sprockets. For lifting, balancing and linear motion applications.","leaf chain, forklift mast, lifting, hoist, counterweight, balancing",Carbon Steel (heat treated),clevis terminals|sheaves|custom lacing,,,,,0.312,7.92,,,,,"{""lacing"": ""2x3"", ""overall_pin_length_in"": 0.778, ""overall_pin_length_mm"": 19.76}",11000,48.9,,,,,Periodic oiling of pin joints,ASME/ANSI B29.8 min tensile; dims verified catalog.tsubaki.ca,BL623,,,,,,,,,,,PKG-01f. Catalog-verified. Tsubaki published min tensile 14300 lb exceeds ANSI min. Plate height + weight via 01f addendum (Code).
LF-BL634,Leaf Chains,BL634,BL634 Leaf Chain (3x4 lacing),ASME/ANSI B29.8,0.75,19.05,1,Active,catalog-verified,FALSE,"BL634 heavy-series leaf chain, 19.05 mm (0.75 in) pitch, 3x4 lacing. Link plates and pins only — runs over sheaves, not sprockets. For lifting, balancing and linear motion applications.","leaf chain, forklift mast, lifting, hoist, counterweight, balancing",Carbon Steel (heat treated),clevis terminals|sheaves|custom lacing,,,,,0.312,7.92,,,,,"{""lacing"": ""3x4"", ""overall_pin_length_in"": 1.041, ""overall_pin_length_mm"": 26.44}",17000,75.6,,,,,Periodic oiling of pin joints,ASME/ANSI B29.8 min tensile; dims verified catalog.tsubaki.ca,BL634,,,,,,,,,,,PKG-01f. Catalog-verified. Tsubaki published min tensile 21500 lb exceeds ANSI min. Plate height + weight via 01f addendum (Code).
LF-BL644,Leaf Chains,BL644,BL644 Leaf Chain (4x4 lacing),ASME/ANSI B29.8,0.75,19.05,1,Active,catalog-verified,FALSE,"BL644 heavy-series leaf chain, 19.05 mm (0.75 in) pitch, 4x4 lacing. Link plates and pins only — runs over sheaves, not sprockets. For lifting, balancing and linear motion applications.","leaf chain, forklift mast, lifting, hoist, counterweight, balancing",Carbon Steel (heat treated),clevis terminals|sheaves|custom lacing,,,,,0.312,7.92,,,,,"{""lacing"": ""4x4"", ""overall_pin_length_in"": 1.173, ""overall_pin_length_mm"": 29.79}",22000,97.9,,,,,Periodic oiling of pin joints,ASME/ANSI B29.8 min tensile; dims verified catalog.tsubaki.ca,BL644,,,,,,,,,,,PKG-01f. Catalog-verified. Tsubaki published min tensile 28500 lb exceeds ANSI min. Plate height + weight via 01f addendum (Code).
LF-BL646,Leaf Chains,BL646,BL646 Leaf Chain (4x6 lacing),ASME/ANSI B29.8,0.75,19.05,1,Active,catalog-verified,FALSE,"BL646 heavy-series leaf chain, 19.05 mm (0.75 in) pitch, 4x6 lacing. Link plates and pins only — runs over sheaves, not sprockets. For lifting, balancing and linear motion applications.","leaf chain, forklift mast, lifting, hoist, counterweight, balancing",Carbon Steel (heat treated),clevis terminals|sheaves|custom lacing,,,,,0.312,7.92,,,,,"{""lacing"": ""4x6"", ""overall_pin_length_in"": 1.437, ""overall_pin_length_mm"": 36.5}",22000,97.9,,,,,Periodic oiling of pin joints,ASME/ANSI B29.8 min tensile; dims verified catalog.tsubaki.ca,BL646,,,,,,,,,,,PKG-01f. Catalog-verified. Tsubaki published min tensile 28500 lb exceeds ANSI min. Plate height + weight via 01f addendum (Code).
LF-BL666,Leaf Chains,BL666,BL666 Leaf Chain (6x6 lacing),ASME/ANSI B29.8,0.75,19.05,1,Active,catalog-verified,FALSE,"BL666 heavy-series leaf chain, 19.05 mm (0.75 in) pitch, 6x6 lacing. Link plates and pins only — runs over sheaves, not sprockets. For lifting, balancing and linear motion applications.","leaf chain, forklift mast, lifting, hoist, counterweight, balancing",Carbon Steel (heat treated),clevis terminals|sheaves|custom lacing,,,,,0.312,7.92,,,,,"{""lacing"": ""6x6"", ""overall_pin_length_in"": 1.701, ""overall_pin_length_mm"": 43.21}",33000,146.8,,,,,Periodic oiling of pin joints,ASME/ANSI B29.8 min tensile; dims verified catalog.tsubaki.ca,BL666,,,,,,,,,,,PKG-01f. Catalog-verified. Tsubaki published min tensile 43000 lb exceeds ANSI min. Plate height + weight via 01f addendum (Code).
LF-BL822,Leaf Chains,BL822,BL822 Leaf Chain (2x2 lacing),ASME/ANSI B29.8,1,25.4,1,Active,catalog-verified,FALSE,"BL822 heavy-series leaf chain, 25.4 mm (1 in) pitch, 2x2 lacing. Link plates and pins only — runs over sheaves, not sprockets. For lifting, balancing and linear motion applications.","leaf chain, forklift mast, lifting, hoist, counterweight, balancing",Carbon Steel (heat treated),clevis terminals|sheaves|custom lacing,,,,,0.375,9.53,,,,,"{""lacing"": ""2x2"", ""overall_pin_length_in"": 0.794, ""overall_pin_length_mm"": 20.17}",19000,84.5,,,,,Periodic oiling of pin joints,ASME/ANSI B29.8 min tensile; dims verified catalog.tsubaki.ca,BL822,,,,,,,,,,,PKG-01f. Catalog-verified. Tsubaki published min tensile 23100 lb exceeds ANSI min. Plate height + weight via 01f addendum (Code).
LF-BL823,Leaf Chains,BL823,BL823 Leaf Chain (2x3 lacing),ASME/ANSI B29.8,1,25.4,1,Active,catalog-verified,FALSE,"BL823 heavy-series leaf chain, 25.4 mm (1 in) pitch, 2x3 lacing. Link plates and pins only — runs over sheaves, not sprockets. For lifting, balancing and linear motion applications.","leaf chain, forklift mast, lifting, hoist, counterweight, balancing",Carbon Steel (heat treated),clevis terminals|sheaves|custom lacing,,,,,0.375,9.53,,,,,"{""lacing"": ""2x3"", ""overall_pin_length_in"": 0.953, ""overall_pin_length_mm"": 24.21}",19000,84.5,,,,,Periodic oiling of pin joints,ASME/ANSI B29.8 min tensile; dims verified catalog.tsubaki.ca,BL823,,,,,,,,,,,PKG-01f. Catalog-verified. Tsubaki published min tensile 23100 lb exceeds ANSI min. Plate height + weight via 01f addendum (Code).
LF-BL834,Leaf Chains,BL834,BL834 Leaf Chain (3x4 lacing),ASME/ANSI B29.8,1,25.4,1,Active,catalog-verified,FALSE,"BL834 heavy-series leaf chain, 25.4 mm (1 in) pitch, 3x4 lacing. Link plates and pins only — runs over sheaves, not sprockets. For lifting, balancing and linear motion applications.","leaf chain, forklift mast, lifting, hoist, counterweight, balancing",Carbon Steel (heat treated),clevis terminals|sheaves|custom lacing,,,,,0.375,9.53,,,,,"{""lacing"": ""3x4"", ""overall_pin_length_in"": 1.281, ""overall_pin_length_mm"": 32.54}",29000,129.0,,,,,Periodic oiling of pin joints,ASME/ANSI B29.8 min tensile; dims verified catalog.tsubaki.ca,BL834,,,,,,,,,,,PKG-01f. Catalog-verified. Tsubaki published min tensile 34800 lb exceeds ANSI min. Plate height + weight via 01f addendum (Code).
LF-BL844,Leaf Chains,BL844,BL844 Leaf Chain (4x4 lacing),ASME/ANSI B29.8,1,25.4,1,Active,catalog-verified,FALSE,"BL844 heavy-series leaf chain, 25.4 mm (1 in) pitch, 4x4 lacing. Link plates and pins only — runs over sheaves, not sprockets. For lifting, balancing and linear motion applications.","leaf chain, forklift mast, lifting, hoist, counterweight, balancing",Carbon Steel (heat treated),clevis terminals|sheaves|custom lacing,,,,,0.375,9.53,,,,,"{""lacing"": ""4x4"", ""overall_pin_length_in"": 1.453, ""overall_pin_length_mm"": 36.91}",38000,169.0,,,,,Periodic oiling of pin joints,ASME/ANSI B29.8 min tensile; dims verified catalog.tsubaki.ca,BL844,,,,,,,,,,,PKG-01f. Catalog-verified. Tsubaki published min tensile 46200 lb exceeds ANSI min. Plate height + weight via 01f addendum (Code).
LF-BL846,Leaf Chains,BL846,BL846 Leaf Chain (4x6 lacing),ASME/ANSI B29.8,1,25.4,1,Active,catalog-verified,FALSE,"BL846 heavy-series leaf chain, 25.4 mm (1 in) pitch, 4x6 lacing. Link plates and pins only — runs over sheaves, not sprockets. For lifting, balancing and linear motion applications.","leaf chain, forklift mast, lifting, hoist, counterweight, balancing",Carbon Steel (heat treated),clevis terminals|sheaves|custom lacing,,,,,0.375,9.53,,,,,"{""lacing"": ""4x6"", ""overall_pin_length_in"": 1.772, ""overall_pin_length_mm"": 45.01}",38000,169.0,,,,,Periodic oiling of pin joints,ASME/ANSI B29.8 min tensile; dims verified catalog.tsubaki.ca,BL846,,,,,,,,,,,PKG-01f. Catalog-verified. Tsubaki published min tensile 46200 lb exceeds ANSI min. Plate height + weight via 01f addendum (Code).
LF-BL866,Leaf Chains,BL866,BL866 Leaf Chain (6x6 lacing),ASME/ANSI B29.8,1,25.4,1,Active,catalog-verified,FALSE,"BL866 heavy-series leaf chain, 25.4 mm (1 in) pitch, 6x6 lacing. Link plates and pins only — runs over sheaves, not sprockets. For lifting, balancing and linear motion applications.","leaf chain, forklift mast, lifting, hoist, counterweight, balancing",Carbon Steel (heat treated),clevis terminals|sheaves|custom lacing,,,,,0.375,9.53,,,,,"{""lacing"": ""6x6"", ""overall_pin_length_in"": 2.098, ""overall_pin_length_mm"": 53.29}",57000,253.5,,,,,Periodic oiling of pin joints,ASME/ANSI B29.8 min tensile; dims verified catalog.tsubaki.ca,BL866,,,,,,,,,,,PKG-01f. Catalog-verified. Tsubaki published min tensile 69500 lb exceeds ANSI min. Plate height + weight via 01f addendum (Code).
LF-BL1022,Leaf Chains,BL1022,BL1022 Leaf Chain (2x2 lacing),ASME/ANSI B29.8,1.25,31.75,1,Active,catalog-verified,FALSE,"BL1022 heavy-series leaf chain, 31.75 mm (1.25 in) pitch, 2x2 lacing. Link plates and pins only — runs over sheaves, not sprockets. For lifting, balancing and linear motion applications.","leaf chain, forklift mast, lifting, hoist, counterweight, balancing",Carbon Steel (heat treated),clevis terminals|sheaves|custom lacing,,,,,0.437,11.1,,,,,"{""lacing"": ""2x2"", ""overall_pin_length_in"": 0.944, ""overall_pin_length_mm"": 23.98}",26000,115.7,,,,,Periodic oiling of pin joints,ASME/ANSI B29.8 min tensile; dims verified catalog.tsubaki.ca,BL1022,,,,,,,,,,,PKG-01f. Catalog-verified. Tsubaki published min tensile 31700 lb exceeds ANSI min. Plate height + weight via 01f addendum (Code).
DP-C2040H,Double Pitch Conveyor Chains,C2040H,"C2040H Double Pitch Conveyor Chain (H spec, S roller)",ISO 1275 / ASME B29.100 / JIS B1803,1,25.4,1,Active,catalog-verified,FALSE,"C2040H heavy-spec double pitch conveyor chain, 25.4 mm pitch, standard (S) roller. Thicker link plates than standard series for higher fatigue and shock capacity on long-span conveyors.","double pitch, conveyor, flat plate, long span, low speed, attachment chain","Carbon Steel, Stainless Steel 304, Nickel Plated",A1|A2|K1|K2|SA1|SA2|SK1|SK2|EP extended pin|hollow pin|stainless SS|nickel NP|zinc ZP|dacromet DR,0.313,7.95,0.309,7.85,0.156,3.96,0.472,12.0,0.437,0.65,"{""plate_thickness_mm"": 2.03}",3170,14.1,,,-10,150,Standard lubrication; stainless and plated variants available,"Donghua Chain Group catalog (official PDF, en.dhchain.com)",,C208AH,,,,,,,,,,"PKG-02a (Donghua). Catalog-verified from Donghua catalog p.130 (en.dhchain.com PDF). H-spec heavy plate; min tensile equals standard series, higher average (17.2 kN avg). Dedupe by chain_number vs Tsubaki/Wave records on import."
DP-C2042H,Double Pitch Conveyor Chains,C2042H,"C2042H Double Pitch Conveyor Chain (H spec, R roller)",ISO 1275 / ASME B29.100 / JIS B1803,1,25.4,1,Active,catalog-verified,FALSE,"C2042H heavy-spec double pitch conveyor chain, 25.4 mm pitch, oversized (R) roller. Thicker link plates than standard series for higher fatigue and shock capacity.","double pitch, conveyor, flat plate, long span, low speed, attachment chain","Carbon Steel, Stainless Steel 304, Nickel Plated",A1|A2|K1|K2|SA1|SA2|SK1|SK2|EP extended pin|hollow pin|stainless SS|nickel NP|zinc ZP|dacromet DR,0.625,15.88,0.309,7.85,0.156,3.96,0.472,12.0,0.672,1.0,"{""plate_thickness_mm"": 2.03}",3170,14.1,,,-10,150,Standard lubrication; stainless and plated variants available,"Donghua Chain Group catalog (official PDF, en.dhchain.com)",,C208AHL,,,,,,,,,,"PKG-02a (Donghua). Catalog-verified from Donghua catalog p.130 (en.dhchain.com PDF). H-spec heavy plate; min tensile equals standard series, higher average (17.2 kN avg). Dedupe by chain_number vs Tsubaki/Wave records on import."
DP-C2060H,Double Pitch Conveyor Chains,C2060H,"C2060H Double Pitch Conveyor Chain (H spec, S roller)",ISO 1275 / ASME B29.100 / JIS B1803,1.5,38.1,1,Active,catalog-verified,TRUE,"C2060H heavy-spec double pitch conveyor chain, 38.1 mm pitch, standard (S) roller. Thicker link plates than standard series for higher fatigue and shock capacity on long-span conveyors.","double pitch,conveyor,flat plate,long span,low speed,attachment chain","Carbon Steel,Stainless Steel 304,Nickel Plated,carbon steel",A1|A2|K1|K2|SA1|SA2|SK1|SK2|EP extended pin|hollow pin|stainless SS|nickel NP|zinc ZP|dacromet DR,0.469,11.91,0.495,12.57,0.234,5.94,0.709,18.0,0.968,1.44,"{""plate_thickness_mm"": 3.25}",7150,31.8,,,-10,150,Standard lubrication; stainless and plated variants available,"Donghua Chain Group catalog (official PDF, en.dhchain.com)",,C212AH,,C2060H,,,,,,,,"PKG-02a (Donghua). Catalog-verified from Donghua catalog p.130 (en.dhchain.com PDF). H-spec heavy plate; min tensile equals standard series, higher average (41.6 kN avg). Dedupe by chain_number vs Tsubaki/Wave records on import. | MERGE CONFLICT with macchain — kept baseline, both values: plate_height_in: 0.709 (donghua) vs 0.67 (macchain); weight_lbs_ft: 0.968 (donghua) vs 0.93 (macchain); tensile_lbs: 7150 (donghua) vs 12300 (macchain); tensile_kn: 31.8 (donghua) vs 54.7 (macchain)."
DP-C2062H,Double Pitch Conveyor Chains,C2062H,"C2062H Double Pitch Conveyor Chain (H spec, R roller)",ISO 1275 / ASME B29.100 / JIS B1803,1.5,38.1,1,Active,catalog-verified,FALSE,"C2062H heavy-spec double pitch conveyor chain, 38.1 mm pitch, oversized (R) roller. Thicker link plates than standard series for higher fatigue and shock capacity.","double pitch, conveyor, flat plate, long span, low speed, attachment chain","Carbon Steel, Stainless Steel 304, Nickel Plated",A1|A2|K1|K2|SA1|SA2|SK1|SK2|EP extended pin|hollow pin|stainless SS|nickel NP|zinc ZP|dacromet DR,0.875,22.23,0.495,12.57,0.234,5.94,0.709,18.0,1.391,2.07,"{""plate_thickness_mm"": 3.25}",7150,31.8,,,-10,150,Standard lubrication; stainless and plated variants available,"Donghua Chain Group catalog (official PDF, en.dhchain.com)",,C212AHL,,,,,,,,,,"PKG-02a (Donghua). Catalog-verified from Donghua catalog p.130 (en.dhchain.com PDF). H-spec heavy plate; min tensile equals standard series, higher average (41.6 kN avg). Dedupe by chain_number vs Tsubaki/Wave records on import."
DP-C2080H,Double Pitch Conveyor Chains,C2080H,"C2080H Double Pitch Conveyor Chain (H spec, S roller)",ISO 1275 / ASME B29.100 / JIS B1803,2,50.8,1,Active,catalog-verified,TRUE,"C2080H heavy-spec double pitch conveyor chain, 50.8 mm pitch, standard (S) roller. Thicker link plates than standard series for higher fatigue and shock capacity on long-span conveyors.","double pitch,conveyor,flat plate,long span,low speed,attachment chain","Carbon Steel,Stainless Steel 304,Nickel Plated,carbon steel",A1|A2|K1|K2|SA1|SA2|SK1|SK2|EP extended pin|hollow pin|stainless SS|nickel NP|zinc ZP|dacromet DR,0.625,15.88,0.62,15.75,0.312,7.92,0.945,24.0,1.707,2.54,"{""plate_thickness_mm"": 4.0}",12750,56.7,,,-10,150,Standard lubrication; stainless and plated variants available,"Donghua Chain Group catalog (official PDF, en.dhchain.com)",,C216AH,,C2080H,,,,,,,,"PKG-02a (Donghua). Catalog-verified from Donghua catalog p.130 (en.dhchain.com PDF). H-spec heavy plate; min tensile equals standard series, higher average (70.0 kN avg). Dedupe by chain_number vs Tsubaki/Wave records on import. | MERGE CONFLICT with macchain — kept baseline, both values: plate_height_in: 0.945 (donghua) vs 0.89 (macchain); weight_lbs_ft: 1.707 (donghua) vs 1.56 (macchain); tensile_lbs: 12750 (donghua) vs 20200 (macchain); tensile_kn: 56.7 (donghua) vs 89.9 (macchain)."
DP-C2082H,Double Pitch Conveyor Chains,C2082H,"C2082H Double Pitch Conveyor Chain (H spec, R roller)",ISO 1275 / ASME B29.100 / JIS B1803,2,50.8,1,Active,catalog-verified,FALSE,"C2082H heavy-spec double pitch conveyor chain, 50.8 mm pitch, oversized (R) roller. Thicker link plates than standard series for higher fatigue and shock capacity.","double pitch, conveyor, flat plate, long span, low speed, attachment chain","Carbon Steel, Stainless Steel 304, Nickel Plated",A1|A2|K1|K2|SA1|SA2|SK1|SK2|EP extended pin|hollow pin|stainless SS|nickel NP|zinc ZP|dacromet DR,1.125,28.58,0.62,15.75,0.312,7.92,0.945,24.0,2.406,3.58,"{""plate_thickness_mm"": 4.0}",12750,56.7,,,-10,150,Standard lubrication; stainless and plated variants available,"Donghua Chain Group catalog (official PDF, en.dhchain.com)",,C216AHL,,,,,,,,,,"PKG-02a (Donghua). Catalog-verified from Donghua catalog p.130 (en.dhchain.com PDF). H-spec heavy plate; min tensile equals standard series, higher average (70.0 kN avg). Dedupe by chain_number vs Tsubaki/Wave records on import."
DP-C2100H,Double Pitch Conveyor Chains,C2100H,"C2100H Double Pitch Conveyor Chain (H spec, S roller)",ISO 1275 / ASME B29.100 / JIS B1803,2.5,63.5,1,Active,catalog-verified,TRUE,"C2100H heavy-spec double pitch conveyor chain, 63.5 mm pitch, standard (S) roller. Thicker link plates than standard series for higher fatigue and shock capacity on long-span conveyors.","double pitch,conveyor,flat plate,long span,low speed,attachment chain","Carbon Steel,Stainless Steel 304,Nickel Plated,carbon steel",A1|A2|K1|K2|SA1|SA2|SK1|SK2|EP extended pin|hollow pin|stainless SS|nickel NP|zinc ZP|dacromet DR,0.75,19.05,0.744,18.9,0.375,9.53,1.181,30.0,2.392,3.56,"{""plate_thickness_mm"": 4.8}",19900,88.5,,,-10,150,Standard lubrication; stainless and plated variants available,"Donghua Chain Group catalog (official PDF, en.dhchain.com)",,C220AH,,C2100H,,,,,,,,"PKG-02a (Donghua). Catalog-verified from Donghua catalog p.130 (en.dhchain.com PDF). H-spec heavy plate; min tensile equals standard series, higher average (112.4 kN avg). Dedupe by chain_number vs Tsubaki/Wave records on import. | MERGE CONFLICT with macchain — kept baseline, both values: plate_height_in: 1.181 (donghua) vs 1.126 (macchain); weight_lbs_ft: 2.392 (donghua) vs 2.33 (macchain); tensile_lbs: 19900 (donghua) vs 30800 (macchain); tensile_kn: 88.5 (donghua) vs 137.0 (macchain)."
DP-C2102H,Double Pitch Conveyor Chains,C2102H,"C2102H Double Pitch Conveyor Chain (H spec, R roller)",ISO 1275 / ASME B29.100 / JIS B1803,2.5,63.5,1,Active,catalog-verified,FALSE,"C2102H heavy-spec double pitch conveyor chain, 63.5 mm pitch, oversized (R) roller. Thicker link plates than standard series for higher fatigue and shock capacity.","double pitch, conveyor, flat plate, long span, low speed, attachment chain","Carbon Steel, Stainless Steel 304, Nickel Plated",A1|A2|K1|K2|SA1|SA2|SK1|SK2|EP extended pin|hollow pin|stainless SS|nickel NP|zinc ZP|dacromet DR,1.562,39.67,0.744,18.9,0.375,9.53,1.181,30.0,3.616,5.38,"{""plate_thickness_mm"": 4.8}",19900,88.5,,,-10,150,Standard lubrication; stainless and plated variants available,"Donghua Chain Group catalog (official PDF, en.dhchain.com)",,C220AHL,,,,,,,,,,"PKG-02a (Donghua). Catalog-verified from Donghua catalog p.130 (en.dhchain.com PDF). H-spec heavy plate; min tensile equals standard series, higher average (112.4 kN avg). Dedupe by chain_number vs Tsubaki/Wave records on import."
DP-C2120H,Double Pitch Conveyor Chains,C2120H,"C2120H Double Pitch Conveyor Chain (H spec, S roller)",ISO 1275 / ASME B29.100 / JIS B1803,3,76.2,1,Active,catalog-verified,FALSE,"C2120H heavy-spec double pitch conveyor chain, 76.2 mm pitch, standard (S) roller. Thicker link plates than standard series for higher fatigue and shock capacity on long-span conveyors.","double pitch, conveyor, flat plate, long span, low speed, attachment chain","Carbon Steel, Stainless Steel 304, Nickel Plated",A1|A2|K1|K2|SA1|SA2|SK1|SK2|EP extended pin|hollow pin|stainless SS|nickel NP|zinc ZP|dacromet DR,0.875,22.23,0.993,25.22,0.437,11.1,1.406,35.7,3.535,5.26,"{""plate_thickness_mm"": 5.6}",28550,127.0,,,-10,150,Standard lubrication; stainless and plated variants available,"Donghua Chain Group catalog (official PDF, en.dhchain.com)",,C224AH,,,,,,,,,,"PKG-02a (Donghua). Catalog-verified from Donghua catalog p.130 (en.dhchain.com PDF). H-spec heavy plate; min tensile equals standard series, higher average (160.9 kN avg). Dedupe by chain_number vs Tsubaki/Wave records on import."
DP-C2122H,Double Pitch Conveyor Chains,C2122H,"C2122H Double Pitch Conveyor Chain (H spec, R roller)",ISO 1275 / ASME B29.100 / JIS B1803,3,76.2,1,Active,catalog-verified,FALSE,"C2122H heavy-spec double pitch conveyor chain, 76.2 mm pitch, oversized (R) roller. Thicker link plates than standard series for higher fatigue and shock capacity.","double pitch, conveyor, flat plate, long span, low speed, attachment chain","Carbon Steel, Stainless Steel 304, Nickel Plated",A1|A2|K1|K2|SA1|SA2|SK1|SK2|EP extended pin|hollow pin|stainless SS|nickel NP|zinc ZP|dacromet DR,1.75,44.45,0.993,25.22,0.437,11.1,1.406,35.7,5.551,8.26,"{""plate_thickness_mm"": 5.6}",28550,127.0,,,-10,150,Standard lubrication; stainless and plated variants available,"Donghua Chain Group catalog (official PDF, en.dhchain.com)",,C224AHL,,,,,,,,,,"PKG-02a (Donghua). Catalog-verified from Donghua catalog p.130 (en.dhchain.com PDF). H-spec heavy plate; min tensile equals standard series, higher average (160.9 kN avg). Dedupe by chain_number vs Tsubaki/Wave records on import."
DP-C2160H,Double Pitch Conveyor Chains,C2160H,"C2160H Double Pitch Conveyor Chain (H spec, S roller)",ISO 1275 / ASME B29.100 / JIS B1803,4,101.6,1,Active,catalog-verified,FALSE,"C2160H heavy-spec double pitch conveyor chain, 101.6 mm pitch, standard (S) roller. Thicker link plates than standard series for higher fatigue and shock capacity on long-span conveyors.","double pitch, conveyor, flat plate, long span, low speed, attachment chain","Carbon Steel, Stainless Steel 304, Nickel Plated",A1|A2|K1|K2|SA1|SA2|SK1|SK2|EP extended pin|hollow pin|stainless SS|nickel NP|zinc ZP|dacromet DR,1.125,28.58,1.25,31.75,0.562,14.27,1.882,47.8,6.089,9.06,"{""plate_thickness_mm"": 7.2}",50990,226.8,,,-10,150,Standard lubrication; stainless and plated variants available,"Donghua Chain Group catalog (official PDF, en.dhchain.com)",,C232AH,,,,,,,,,,"PKG-02a (Donghua). Catalog-verified from Donghua catalog p.130 (en.dhchain.com PDF). H-spec heavy plate; min tensile equals standard series, higher average (285.8 kN avg). Dedupe by chain_number vs Tsubaki/Wave records on import."
DP-C2162H,Double Pitch Conveyor Chains,C2162H,"C2162H Double Pitch Conveyor Chain (H spec, R roller)",ISO 1275 / ASME B29.100 / JIS B1803,4,101.6,1,Active,catalog-verified,FALSE,"C2162H heavy-spec double pitch conveyor chain, 101.6 mm pitch, oversized (R) roller. Thicker link plates than standard series for higher fatigue and shock capacity.","double pitch, conveyor, flat plate, long span, low speed, attachment chain","Carbon Steel, Stainless Steel 304, Nickel Plated",A1|A2|K1|K2|SA1|SA2|SK1|SK2|EP extended pin|hollow pin|stainless SS|nickel NP|zinc ZP|dacromet DR,2.25,57.15,1.25,31.75,0.562,14.27,1.882,47.8,9.301,13.84,"{""plate_thickness_mm"": 7.2}",50990,226.8,,,-10,150,Standard lubrication; stainless and plated variants available,"Donghua Chain Group catalog (official PDF, en.dhchain.com)",,C232AHL,,,,,,,,,,"PKG-02a (Donghua). Catalog-verified from Donghua catalog p.130 (en.dhchain.com PDF). H-spec heavy plate; min tensile equals standard series, higher average (285.8 kN avg). Dedupe by chain_number vs Tsubaki/Wave records on import."
DP-C208B,Double Pitch Conveyor Chains,C208B,C208B Double Pitch Conveyor Chain (BS series),ISO 1275-B / DIN 8181,1,25.4,1,Active,catalog-verified,FALSE,"C208B BS-series double pitch conveyor chain, 25.4 mm pitch, small roller (large roller C208BL variant, dia 15.88 mm). European double pitch line for long-span, low-speed conveyance.","double pitch, conveyor, flat plate, long span, low speed, attachment chain","Carbon Steel, Stainless Steel 304, Nickel Plated",A1|A2|K1|K2|SA1|SA2|SK1|SK2|EP extended pin|hollow pin|stainless SS|nickel NP|zinc ZP|dacromet DR|large roller L variant,0.335,8.51,0.305,7.75,0.175,4.45,0.465,11.8,0.370,0.55,"{""plate_thickness_mm"": ""1.6"", ""large_roller_dia_mm"": 15.88, ""weight_large_roller_kg_m"": 0.89}",4050,18.0,,,-10,150,Standard lubrication; stainless and plated variants available,"Donghua Chain Group catalog (official PDF, en.dhchain.com)",,C208B/C208BL,,,,,,,,,,PKG-02a (Donghua). Catalog-verified from Donghua catalog p.130. Avg tensile 19.4 kN. Small + large roller normalized as one record (L = roller option).
DP-C210B,Double Pitch Conveyor Chains,C210B,C210B Double Pitch Conveyor Chain (BS series),ISO 1275-B / DIN 8181,1.25,31.75,1,Active,catalog-verified,FALSE,"C210B BS-series double pitch conveyor chain, 31.75 mm pitch, small roller (large roller C210BL variant, dia 19.05 mm). European double pitch line for long-span, low-speed conveyance.","double pitch, conveyor, flat plate, long span, low speed, attachment chain","Carbon Steel, Stainless Steel 304, Nickel Plated",A1|A2|K1|K2|SA1|SA2|SK1|SK2|EP extended pin|hollow pin|stainless SS|nickel NP|zinc ZP|dacromet DR|large roller L variant,0.4,10.16,0.38,9.65,0.2,5.08,0.579,14.7,0.504,0.75,"{""plate_thickness_mm"": ""1.7"", ""large_roller_dia_mm"": 19.05, ""weight_large_roller_kg_m"": 1.21}",5040,22.4,,,-10,150,Standard lubrication; stainless and plated variants available,"Donghua Chain Group catalog (official PDF, en.dhchain.com)",,C210B/C210BL,,,,,,,,,,PKG-02a (Donghua). Catalog-verified from Donghua catalog p.130. Avg tensile 24.6 kN. Small + large roller normalized as one record (L = roller option).
DP-C212B,Double Pitch Conveyor Chains,C212B,C212B Double Pitch Conveyor Chain (BS series),ISO 1275-B / DIN 8181,1.5,38.1,1,Active,catalog-verified,FALSE,"C212B BS-series double pitch conveyor chain, 38.1 mm pitch, small roller (large roller C212BL variant, dia 22.23 mm). European double pitch line for long-span, low-speed conveyance.","double pitch, conveyor, flat plate, long span, low speed, attachment chain","Carbon Steel, Stainless Steel 304, Nickel Plated",A1|A2|K1|K2|SA1|SA2|SK1|SK2|EP extended pin|hollow pin|stainless SS|nickel NP|zinc ZP|dacromet DR|large roller L variant,0.475,12.07,0.46,11.68,0.225,5.72,0.63,16.0,0.605,0.9,"{""plate_thickness_mm"": ""1.85"", ""large_roller_dia_mm"": 22.23, ""weight_large_roller_kg_m"": 1.55}",6520,29.0,,,-10,150,Standard lubrication; stainless and plated variants available,"Donghua Chain Group catalog (official PDF, en.dhchain.com)",,C212B/C212BL,,,,,,,,,,PKG-02a (Donghua). Catalog-verified from Donghua catalog p.130. Avg tensile 31.9 kN. Small + large roller normalized as one record (L = roller option).
DP-C216B,Double Pitch Conveyor Chains,C216B,C216B Double Pitch Conveyor Chain (BS series),ISO 1275-B / DIN 8181,2,50.8,1,Active,catalog-verified,FALSE,"C216B BS-series double pitch conveyor chain, 50.8 mm pitch, small roller (large roller C216BL variant, dia 28.58 mm). European double pitch line for long-span, low-speed conveyance.","double pitch, conveyor, flat plate, long span, low speed, attachment chain","Carbon Steel, Stainless Steel 304, Nickel Plated",A1|A2|K1|K2|SA1|SA2|SK1|SK2|EP extended pin|hollow pin|stainless SS|nickel NP|zinc ZP|dacromet DR|large roller L variant,0.625,15.88,0.67,17.02,0.326,8.28,0.827,21.0,1.438,2.14,"{""plate_thickness_mm"": ""4.15/3.10"", ""large_roller_dia_mm"": 28.58, ""weight_large_roller_kg_m"": 3.27}",13490,60.0,,,-10,150,Standard lubrication; stainless and plated variants available,"Donghua Chain Group catalog (official PDF, en.dhchain.com)",,C216B/C216BL,,,,,,,,,,PKG-02a (Donghua). Catalog-verified from Donghua catalog p.130. Avg tensile 66.0 kN. Small + large roller normalized as one record (L = roller option).
DP-C220B,Double Pitch Conveyor Chains,C220B,C220B Double Pitch Conveyor Chain (BS series),ISO 1275-B / DIN 8181,2.5,63.5,1,Active,catalog-verified,FALSE,"C220B BS-series double pitch conveyor chain, 63.5 mm pitch, small roller (large roller C220BL variant, dia 39.67 mm). European double pitch line for long-span, low-speed conveyance.","double pitch, conveyor, flat plate, long span, low speed, attachment chain","Carbon Steel, Stainless Steel 304, Nickel Plated",A1|A2|K1|K2|SA1|SA2|SK1|SK2|EP extended pin|hollow pin|stainless SS|nickel NP|zinc ZP|dacromet DR|large roller L variant,0.75,19.05,0.77,19.56,0.401,10.19,1.039,26.4,1.969,2.93,"{""plate_thickness_mm"": ""4.50/3.50"", ""large_roller_dia_mm"": 39.67, ""weight_large_roller_kg_m"": 5.01}",21360,95.0,,,-10,150,Standard lubrication; stainless and plated variants available,"Donghua Chain Group catalog (official PDF, en.dhchain.com)",,C220B/C220BL,,,,,,,,,,PKG-02a (Donghua). Catalog-verified from Donghua catalog p.130. Avg tensile 104.5 kN. Small + large roller normalized as one record (L = roller option).
DP-C224B,Double Pitch Conveyor Chains,C224B,C224B Double Pitch Conveyor Chain (BS series),ISO 1275-B / DIN 8181,3,76.2,1,Active,catalog-verified,FALSE,"C224B BS-series double pitch conveyor chain, 76.2 mm pitch, small roller (large roller C224BL variant, dia 44.45 mm). European double pitch line for long-span, low-speed conveyance.","double pitch, conveyor, flat plate, long span, low speed, attachment chain","Carbon Steel, Stainless Steel 304, Nickel Plated",A1|A2|K1|K2|SA1|SA2|SK1|SK2|EP extended pin|hollow pin|stainless SS|nickel NP|zinc ZP|dacromet DR|large roller L variant,1,25.4,1,25.4,0.576,14.63,1.307,33.2,3.474,5.17,"{""plate_thickness_mm"": ""6.00/4.80"", ""large_roller_dia_mm"": 44.45, ""weight_large_roller_kg_m"": 7.88}",35970,160.0,,,-10,150,Standard lubrication; stainless and plated variants available,"Donghua Chain Group catalog (official PDF, en.dhchain.com)",,C224B/C224BL,,,,,,,,,,PKG-02a (Donghua). Catalog-verified from Donghua catalog p.130. Avg tensile 176.0 kN. Small + large roller normalized as one record (L = roller option).
HP-08BHP,Hollow Pin Chains,08BHP,08BHP Hollow Pin Chain,ISO 606-B derived / hollow pin,0.5,12.7,1,Active,catalog-verified,FALSE,"08BHP hollow pin conveyor chain, 12.7 mm pitch. BS single pitch hollow pin, bush dia 8.51 mm, bore 4.50 mm. Hollow pin accepts cross rods and attachment pins without welding or bolting.","hollow pin, cross rod, attachment mounting, conveyor","Carbon Steel, Stainless Steel 304, Nickel Plated",stainless SS|nickel NP|extended cross rods|custom bore,0.335,8.51,0.305,7.75,0.258,6.55,0.465,11.8,0.349,0.52,"{""hollow_bore_mm"": 4.5, ""plate_thickness_mm"": ""1.3""}",2500,11.1,,,-10,150,Standard lubrication; stainless and plated variants available,"Donghua Chain Group catalog (official PDF, en.dhchain.com)",,08BHP,,,,,,,,,,PKG-02a (Donghua). Catalog-verified from Donghua catalog pp.301-305 (en.dhchain.com PDF). Avg tensile 12.1 kN. Dedupe by chain_number vs Wave C / PKG-01d on import; richer data wins per field.
HP-12BHP,Hollow Pin Chains,12BHP,12BHP Hollow Pin Chain,ISO 606-B derived / hollow pin,0.75,19.05,1,Active,catalog-verified,FALSE,"12BHP hollow pin conveyor chain, 19.05 mm pitch. BS single pitch hollow pin, roller dia 12.07 mm, bore 4.00 mm. Hollow pin accepts cross rods and attachment pins without welding or bolting.","hollow pin, cross rod, attachment mounting, conveyor","Carbon Steel, Stainless Steel 304, Nickel Plated",stainless SS|nickel NP|extended cross rods|custom bore,0.475,12.07,0.46,11.68,0.256,6.5,0.626,15.9,0.733,1.09,"{""hollow_bore_mm"": 4.0, ""plate_thickness_mm"": ""1.85""}",5620,25.0,,,-10,150,Standard lubrication; stainless and plated variants available,"Donghua Chain Group catalog (official PDF, en.dhchain.com)",,12BHP,,,,,,,,,,PKG-02a (Donghua). Catalog-verified from Donghua catalog pp.301-305 (en.dhchain.com PDF). Avg tensile 25.9 kN. Dedupe by chain_number vs Wave C / PKG-01d on import; richer data wins per field.
HP-C2042H-HP,Hollow Pin Chains,C2042H-HP,C2042H-HP Hollow Pin Chain,ASME B29.100 derived / hollow pin,1,25.4,1,Active,catalog-verified,FALSE,"C2042H-HP hollow pin conveyor chain, 25.4 mm pitch. Heavy-plate double pitch hollow pin, R roller 15.88 mm, bore 4.00 mm. Hollow pin accepts cross rods and attachment pins without welding or bolting.","hollow pin, cross rod, attachment mounting, conveyor","Carbon Steel, Stainless Steel 304, Nickel Plated",stainless SS|nickel NP|extended cross rods|custom bore,0.625,15.88,0.309,7.85,0.222,5.63,0.472,12.0,0.638,0.95,"{""hollow_bore_mm"": 4.0, ""plate_thickness_mm"": ""2.03""}",2470,11.0,,,-10,150,Standard lubrication; stainless and plated variants available,"Donghua Chain Group catalog (official PDF, en.dhchain.com)",,C2042H-HP,,,,,,,,,,PKG-02a (Donghua). Catalog-verified from Donghua catalog pp.301-305 (en.dhchain.com PDF). Avg tensile 13.2 kN. Dedupe by chain_number vs Wave C / PKG-01d on import; richer data wins per field.
HP-C2052H-HP,Hollow Pin Chains,C2052H-HP,C2052H-HP Hollow Pin Chain,ASME B29.100 derived / hollow pin,1.25,31.75,1,Active,catalog-verified,FALSE,"C2052H-HP hollow pin conveyor chain, 31.75 mm pitch. Heavy-plate double pitch hollow pin, R roller 19.05 mm, bore 5.12 mm. Hollow pin accepts cross rods and attachment pins without welding or bolting.","hollow pin, cross rod, attachment mounting, conveyor","Carbon Steel, Stainless Steel 304, Nickel Plated",stainless SS|nickel NP|extended cross rods|custom bore,0.75,19.05,0.375,9.53,0.284,7.22,0.591,15.0,0.968,1.44,"{""hollow_bore_mm"": 5.12, ""plate_thickness_mm"": ""2.42""}",4590,20.4,,,-10,150,Standard lubrication; stainless and plated variants available,"Donghua Chain Group catalog (official PDF, en.dhchain.com)",,C2052H-HP,,,,,,,,,,PKG-02a (Donghua). Catalog-verified from Donghua catalog pp.301-305 (en.dhchain.com PDF). Avg tensile 23.5 kN. Dedupe by chain_number vs Wave C / PKG-01d on import; richer data wins per field.
HP-C2062H-HP,Hollow Pin Chains,C2062H-HP,C2062H-HP Hollow Pin Chain,ASME B29.100 derived / hollow pin,1.5,38.1,1,Active,catalog-verified,FALSE,"C2062H-HP hollow pin conveyor chain, 38.1 mm pitch. Heavy-plate double pitch hollow pin, R roller 22.23 mm, bore 6.00 mm. Hollow pin accepts cross rods and attachment pins without welding or bolting.","hollow pin, cross rod, attachment mounting, conveyor","Carbon Steel, Stainless Steel 304, Nickel Plated",stainless SS|nickel NP|extended cross rods|custom bore,0.875,22.23,0.5,12.7,0.327,8.31,0.669,17.0,1.337,1.99,"{""hollow_bore_mm"": 6.0, ""plate_thickness_mm"": ""3.25""}",5400,24.0,,,-10,150,Standard lubrication; stainless and plated variants available,"Donghua Chain Group catalog (official PDF, en.dhchain.com)",,C2062H-HP,,,,,,,,,,PKG-02a (Donghua). Catalog-verified from Donghua catalog pp.301-305 (en.dhchain.com PDF). Avg tensile 27.6 kN. Dedupe by chain_number vs Wave C / PKG-01d on import; richer data wins per field.
HP-C2082H-HP,Hollow Pin Chains,C2082H-HP,C2082H-HP Hollow Pin Chain,ASME B29.100 derived / hollow pin,2,50.8,1,Active,catalog-verified,FALSE,"C2082H-HP hollow pin conveyor chain, 50.8 mm pitch. Heavy-plate double pitch hollow pin, R roller 28.58 mm, bore 8.05 mm. Hollow pin accepts cross rods and attachment pins without welding or bolting.","hollow pin, cross rod, attachment mounting, conveyor","Carbon Steel, Stainless Steel 304, Nickel Plated",stainless SS|nickel NP|extended cross rods|custom bore,1.125,28.58,0.62,15.75,0.449,11.4,0.945,24.0,2.245,3.34,"{""hollow_bore_mm"": 8.05, ""plate_thickness_mm"": ""4.0""}",11240,50.0,,,-10,150,Standard lubrication; stainless and plated variants available,"Donghua Chain Group catalog (official PDF, en.dhchain.com)",,C2082H-HP,,,,,,,,,,PKG-02a (Donghua). Catalog-verified from Donghua catalog pp.301-305 (en.dhchain.com PDF). Avg tensile 56.5 kN. Dedupe by chain_number vs Wave C / PKG-01d on import; richer data wins per field.
HP-C2102HP,Hollow Pin Chains,C2102HP,C2102HP Hollow Pin Chain,ASME B29.100 derived / hollow pin,2.5,63.5,1,Active,catalog-verified,FALSE,"C2102HP hollow pin conveyor chain, 63.5 mm pitch. Double pitch hollow pin, oversized (R) roller 39.67 mm, bore 9.50 mm. Hollow pin accepts cross rods and attachment pins without welding or bolting.","hollow pin, cross rod, attachment mounting, conveyor","Carbon Steel, Stainless Steel 304, Nickel Plated",stainless SS|nickel NP|extended cross rods|custom bore,1.562,39.67,0.744,18.9,0.535,13.6,1.181,30.0,3.448,5.13,"{""hollow_bore_mm"": 9.5, ""plate_thickness_mm"": ""4.0""}",13490,60.0,,,-10,150,Standard lubrication; stainless and plated variants available,"Donghua Chain Group catalog (official PDF, en.dhchain.com)",,C2102HP,,,,,,,,,,PKG-02a (Donghua). Catalog-verified from Donghua catalog pp.301-305 (en.dhchain.com PDF). Avg tensile 72.0 kN. Dedupe by chain_number vs Wave C / PKG-01d on import; richer data wins per field.
ISO-M20,Conveyor Roller Chains,M20,M20 Metric Conveyor Chain (ISO M-series),ISO 1977 / DIN 8167,1.575,40.0,1,Active,catalog-verified,FALSE,"M20 metric M-series conveyor chain, 40.0 mm base pitch, 20 kN minimum tensile (ISO 1977 — chain number equals tensile in kN). Solid-pin bush chain available without rollers or with S (small), P (large), or F (flanged) rollers. Available pitches: 40/50/63/80/100/125/160 mm. For heavy conveying in metallurgy, mining, sugar, paper and bulk handling.","metric conveyor, M-series, ISO conveyor chain, solid pin, slat conveyor, bulk handling, metallurgy, mining","Carbon Steel, Alloy Steel, Stainless Steel",without rollers (bush only)|S small rollers|P large rollers|F flanged rollers|welded pin heads|MC hollow pin variant|MT large-roller high-plate variant|A1-A2-K1-K2 attachments,,,0.354,9.0,0.236,6.0,0.63,16.0,0.874,1.3,"{""bush_dia_mm"": 12.5, ""pin_length_mm"": 16.0, ""plate_thickness_mm"": 2.5, ""available_pitches_mm"": ""40/50/63/80/100/125/160""}",4500,20.0,,,-20,200,Standard; welded-pin and stainless variants available,Donghua Chain Group catalog pp.217-218 (official en.dhchain.com PDF),,M20,,,,,,,,,,"PKG-02c (Donghua). Catalog-verified ISO M-series, Donghua catalog pp.217-218. ISO 1977: chain number = min tensile in kN. Weight is nominal base-pitch S-roller approx; refine per roller type if needed. MC (hollow pin) + MT (high-plate) variants are separate records in this package. Cross-link Tsubaki RF metric where pitch+tensile match."
ISO-M28,Conveyor Roller Chains,M28,M28 Metric Conveyor Chain (ISO M-series),ISO 1977 / DIN 8167,1.969,50.0,1,Active,catalog-verified,FALSE,"M28 metric M-series conveyor chain, 50.0 mm base pitch, 28 kN minimum tensile (ISO 1977 — chain number equals tensile in kN). Solid-pin bush chain available without rollers or with S (small), P (large), or F (flanged) rollers. Available pitches: 50/63/80/100/125/160/200 mm. For heavy conveying in metallurgy, mining, sugar, paper and bulk handling.","metric conveyor, M-series, ISO conveyor chain, solid pin, slat conveyor, bulk handling, metallurgy, mining","Carbon Steel, Alloy Steel, Stainless Steel",without rollers (bush only)|S small rollers|P large rollers|F flanged rollers|welded pin heads|MC hollow pin variant|MT large-roller high-plate variant|A1-A2-K1-K2 attachments,,,0.394,10.0,0.276,7.0,0.709,18.0,1.142,1.7,"{""bush_dia_mm"": 15.0, ""pin_length_mm"": 18.0, ""plate_thickness_mm"": 3.0, ""available_pitches_mm"": ""50/63/80/100/125/160/200""}",6290,28.0,,,-20,200,Standard; welded-pin and stainless variants available,Donghua Chain Group catalog pp.217-218 (official en.dhchain.com PDF),,M28,,,,,,,,,,"PKG-02c (Donghua). Catalog-verified ISO M-series, Donghua catalog pp.217-218. ISO 1977: chain number = min tensile in kN. Weight is nominal base-pitch S-roller approx; refine per roller type if needed. MC (hollow pin) + MT (high-plate) variants are separate records in this package. Cross-link Tsubaki RF metric where pitch+tensile match."
ISO-M40,Conveyor Roller Chains,M40,M40 Metric Conveyor Chain (ISO M-series),ISO 1977 / DIN 8167,2.48,63.0,1,Active,catalog-verified,FALSE,"M40 metric M-series conveyor chain, 63.0 mm base pitch, 40 kN minimum tensile (ISO 1977 — chain number equals tensile in kN). Solid-pin bush chain available without rollers or with S (small), P (large), or F (flanged) rollers. Available pitches: 63/80/100/125/160/200/250 mm. For heavy conveying in metallurgy, mining, sugar, paper and bulk handling.","metric conveyor, M-series, ISO conveyor chain, solid pin, slat conveyor, bulk handling, metallurgy, mining","Carbon Steel, Alloy Steel, Stainless Steel",without rollers (bush only)|S small rollers|P large rollers|F flanged rollers|welded pin heads|MC hollow pin variant|MT large-roller high-plate variant|A1-A2-K1-K2 attachments,,,0.492,12.5,0.335,8.5,0.787,20.0,1.546,2.3,"{""bush_dia_mm"": 18.0, ""pin_length_mm"": 20.0, ""plate_thickness_mm"": 3.5, ""available_pitches_mm"": ""63/80/100/125/160/200/250""}",8990,40.0,,,-20,200,Standard; welded-pin and stainless variants available,Donghua Chain Group catalog pp.217-218 (official en.dhchain.com PDF),,M40,,,,,,,,,,"PKG-02c (Donghua). Catalog-verified ISO M-series, Donghua catalog pp.217-218. ISO 1977: chain number = min tensile in kN. Weight is nominal base-pitch S-roller approx; refine per roller type if needed. MC (hollow pin) + MT (high-plate) variants are separate records in this package. Cross-link Tsubaki RF metric where pitch+tensile match."
ISO-M56,Conveyor Roller Chains,M56,M56 Metric Conveyor Chain (ISO M-series),ISO 1977 / DIN 8167,2.48,63.0,1,Active,catalog-verified,FALSE,"M56 metric M-series conveyor chain, 63.0 mm base pitch, 56 kN minimum tensile (ISO 1977 — chain number equals tensile in kN). Solid-pin bush chain available without rollers or with S (small), P (large), or F (flanged) rollers. Available pitches: 63/80/100/125/160/200/250 mm. For heavy conveying in metallurgy, mining, sugar, paper and bulk handling.","metric conveyor, M-series, ISO conveyor chain, solid pin, slat conveyor, bulk handling, metallurgy, mining","Carbon Steel, Alloy Steel, Stainless Steel",without rollers (bush only)|S small rollers|P large rollers|F flanged rollers|welded pin heads|MC hollow pin variant|MT large-roller high-plate variant|A1-A2-K1-K2 attachments,,,0.591,15.0,0.394,10.0,0.945,24.0,1.949,2.9,"{""bush_dia_mm"": 21.0, ""pin_length_mm"": 24.0, ""plate_thickness_mm"": 4.0, ""available_pitches_mm"": ""63/80/100/125/160/200/250""}",12590,56.0,,,-20,200,Standard; welded-pin and stainless variants available,Donghua Chain Group catalog pp.217-218 (official en.dhchain.com PDF),,M56,,,,,,,,,,"PKG-02c (Donghua). Catalog-verified ISO M-series, Donghua catalog pp.217-218. ISO 1977: chain number = min tensile in kN. Weight is nominal base-pitch S-roller approx; refine per roller type if needed. MC (hollow pin) + MT (high-plate) variants are separate records in this package. Cross-link Tsubaki RF metric where pitch+tensile match."
ISO-M80,Conveyor Roller Chains,M80,M80 Metric Conveyor Chain (ISO M-series),ISO 1977 / DIN 8167,3.15,80.0,1,Active,catalog-verified,FALSE,"M80 metric M-series conveyor chain, 80.0 mm base pitch, 80 kN minimum tensile (ISO 1977 — chain number equals tensile in kN). Solid-pin bush chain available without rollers or with S (small), P (large), or F (flanged) rollers. Available pitches: 80/100/125/160/200/250/315 mm. For heavy conveying in metallurgy, mining, sugar, paper and bulk handling.","metric conveyor, M-series, ISO conveyor chain, solid pin, slat conveyor, bulk handling, metallurgy, mining","Carbon Steel, Alloy Steel, Stainless Steel",without rollers (bush only)|S small rollers|P large rollers|F flanged rollers|welded pin heads|MC hollow pin variant|MT large-roller high-plate variant|A1-A2-K1-K2 attachments,,,0.709,18.0,0.472,12.0,1.102,28.0,3.024,4.5,"{""bush_dia_mm"": 25.0, ""pin_length_mm"": 28.0, ""plate_thickness_mm"": 5.0, ""available_pitches_mm"": ""80/100/125/160/200/250/315""}",17980,80.0,,,-20,200,Standard; welded-pin and stainless variants available,Donghua Chain Group catalog pp.217-218 (official en.dhchain.com PDF),,M80,,,,,,,,,,"PKG-02c (Donghua). Catalog-verified ISO M-series, Donghua catalog pp.217-218. ISO 1977: chain number = min tensile in kN. Weight is nominal base-pitch S-roller approx; refine per roller type if needed. MC (hollow pin) + MT (high-plate) variants are separate records in this package. Cross-link Tsubaki RF metric where pitch+tensile match."
ISO-M112,Conveyor Roller Chains,M112,M112 Metric Conveyor Chain (ISO M-series),ISO 1977 / DIN 8167,3.937,100.0,1,Active,catalog-verified,FALSE,"M112 metric M-series conveyor chain, 100.0 mm base pitch, 112 kN minimum tensile (ISO 1977 — chain number equals tensile in kN). Solid-pin bush chain available without rollers or with S (small), P (large), or F (flanged) rollers. Available pitches: 100/125/160/200/250/315/400 mm. For heavy conveying in metallurgy, mining, sugar, paper and bulk handling.","metric conveyor, M-series, ISO conveyor chain, solid pin, slat conveyor, bulk handling, metallurgy, mining","Carbon Steel, Alloy Steel, Stainless Steel",without rollers (bush only)|S small rollers|P large rollers|F flanged rollers|welded pin heads|MC hollow pin variant|MT large-roller high-plate variant|A1-A2-K1-K2 attachments,,,0.827,21.0,0.591,15.0,1.26,32.0,4.167,6.2,"{""bush_dia_mm"": 30.0, ""pin_length_mm"": 32.0, ""plate_thickness_mm"": 6.0, ""available_pitches_mm"": ""100/125/160/200/250/315/400""}",25180,112.0,,,-20,200,Standard; welded-pin and stainless variants available,Donghua Chain Group catalog pp.217-218 (official en.dhchain.com PDF),,M112,,,,,,,,,,"PKG-02c (Donghua). Catalog-verified ISO M-series, Donghua catalog pp.217-218. ISO 1977: chain number = min tensile in kN. Weight is nominal base-pitch S-roller approx; refine per roller type if needed. MC (hollow pin) + MT (high-plate) variants are separate records in this package. Cross-link Tsubaki RF metric where pitch+tensile match."
ISO-M160,Conveyor Roller Chains,M160,M160 Metric Conveyor Chain (ISO M-series),ISO 1977 / DIN 8167,4.921,125.0,1,Active,catalog-verified,FALSE,"M160 metric M-series conveyor chain, 125.0 mm base pitch, 160 kN minimum tensile (ISO 1977 — chain number equals tensile in kN). Solid-pin bush chain available without rollers or with S (small), P (large), or F (flanged) rollers. Available pitches: 125/160/200/250/315/400/500 mm. For heavy conveying in metallurgy, mining, sugar, paper and bulk handling.","metric conveyor, M-series, ISO conveyor chain, solid pin, slat conveyor, bulk handling, metallurgy, mining","Carbon Steel, Alloy Steel, Stainless Steel",without rollers (bush only)|S small rollers|P large rollers|F flanged rollers|welded pin heads|MC hollow pin variant|MT large-roller high-plate variant|A1-A2-K1-K2 attachments,,,0.984,25.0,0.709,18.0,1.457,37.0,5.914,8.8,"{""bush_dia_mm"": 36.0, ""pin_length_mm"": 37.0, ""plate_thickness_mm"": 7.0, ""available_pitches_mm"": ""125/160/200/250/315/400/500""}",35970,160.0,,,-20,200,Standard; welded-pin and stainless variants available,Donghua Chain Group catalog pp.217-218 (official en.dhchain.com PDF),,M160,,,,,,,,,,"PKG-02c (Donghua). Catalog-verified ISO M-series, Donghua catalog pp.217-218. ISO 1977: chain number = min tensile in kN. Weight is nominal base-pitch S-roller approx; refine per roller type if needed. MC (hollow pin) + MT (high-plate) variants are separate records in this package. Cross-link Tsubaki RF metric where pitch+tensile match."
ISO-M224,Conveyor Roller Chains,M224,M224 Metric Conveyor Chain (ISO M-series),ISO 1977 / DIN 8167,6.299,160.0,1,Active,catalog-verified,FALSE,"M224 metric M-series conveyor chain, 160.0 mm base pitch, 224 kN minimum tensile (ISO 1977 — chain number equals tensile in kN). Solid-pin bush chain available without rollers or with S (small), P (large), or F (flanged) rollers. Available pitches: 160/200/250/315/400/500/630 mm. For heavy conveying in metallurgy, mining, sugar, paper and bulk handling.","metric conveyor, M-series, ISO conveyor chain, solid pin, slat conveyor, bulk handling, metallurgy, mining","Carbon Steel, Alloy Steel, Stainless Steel",without rollers (bush only)|S small rollers|P large rollers|F flanged rollers|welded pin heads|MC hollow pin variant|MT large-roller high-plate variant|A1-A2-K1-K2 attachments,,,1.181,30.0,0.827,21.0,1.693,43.0,8.401,12.5,"{""bush_dia_mm"": 42.0, ""pin_length_mm"": 43.0, ""plate_thickness_mm"": 8.0, ""available_pitches_mm"": ""160/200/250/315/400/500/630""}",50360,224.0,,,-20,200,Standard; welded-pin and stainless variants available,Donghua Chain Group catalog pp.217-218 (official en.dhchain.com PDF),,M224,,,,,,,,,,"PKG-02c (Donghua). Catalog-verified ISO M-series, Donghua catalog pp.217-218. ISO 1977: chain number = min tensile in kN. Weight is nominal base-pitch S-roller approx; refine per roller type if needed. MC (hollow pin) + MT (high-plate) variants are separate records in this package. Cross-link Tsubaki RF metric where pitch+tensile match."
ISO-M315,Conveyor Roller Chains,M315,M315 Metric Conveyor Chain (ISO M-series),ISO 1977 / DIN 8167,7.874,200.0,1,Active,catalog-verified,FALSE,"M315 metric M-series conveyor chain, 200.0 mm base pitch, 315 kN minimum tensile (ISO 1977 — chain number equals tensile in kN). Solid-pin bush chain available without rollers or with S (small), P (large), or F (flanged) rollers. Available pitches: 200/250/315/400/500/630/800 mm. For heavy conveying in metallurgy, mining, sugar, paper and bulk handling.","metric conveyor, M-series, ISO conveyor chain, solid pin, slat conveyor, bulk handling, metallurgy, mining","Carbon Steel, Alloy Steel, Stainless Steel",without rollers (bush only)|S small rollers|P large rollers|F flanged rollers|welded pin heads|MC hollow pin variant|MT large-roller high-plate variant|A1-A2-K1-K2 attachments,,,1.417,36.0,0.984,25.0,1.89,48.0,12.097,18.0,"{""bush_dia_mm"": 50.0, ""pin_length_mm"": 48.0, ""plate_thickness_mm"": 10.0, ""available_pitches_mm"": ""200/250/315/400/500/630/800""}",70810,315.0,,,-20,200,Standard; welded-pin and stainless variants available,Donghua Chain Group catalog pp.217-218 (official en.dhchain.com PDF),,M315,,,,,,,,,,"PKG-02c (Donghua). Catalog-verified ISO M-series, Donghua catalog pp.217-218. ISO 1977: chain number = min tensile in kN. Weight is nominal base-pitch S-roller approx; refine per roller type if needed. MC (hollow pin) + MT (high-plate) variants are separate records in this package. Cross-link Tsubaki RF metric where pitch+tensile match."
ISO-M450,Conveyor Roller Chains,M450,M450 Metric Conveyor Chain (ISO M-series),ISO 1977 / DIN 8167,9.843,250.0,1,Active,catalog-verified,FALSE,"M450 metric M-series conveyor chain, 250.0 mm base pitch, 450 kN minimum tensile (ISO 1977 — chain number equals tensile in kN). Solid-pin bush chain available without rollers or with S (small), P (large), or F (flanged) rollers. Available pitches: 250/315/400/500/630/800 mm. For heavy conveying in metallurgy, mining, sugar, paper and bulk handling.","metric conveyor, M-series, ISO conveyor chain, solid pin, slat conveyor, bulk handling, metallurgy, mining","Carbon Steel, Alloy Steel, Stainless Steel",without rollers (bush only)|S small rollers|P large rollers|F flanged rollers|welded pin heads|MC hollow pin variant|MT large-roller high-plate variant|A1-A2-K1-K2 attachments,,,1.654,42.0,1.181,30.0,2.205,56.0,16.801,25.0,"{""bush_dia_mm"": 60.0, ""pin_length_mm"": 56.0, ""plate_thickness_mm"": 12.0, ""available_pitches_mm"": ""250/315/400/500/630/800""}",101160,450.0,,,-20,200,Standard; welded-pin and stainless variants available,Donghua Chain Group catalog pp.217-218 (official en.dhchain.com PDF),,M450,,,,,,,,,,"PKG-02c (Donghua). Catalog-verified ISO M-series, Donghua catalog pp.217-218. ISO 1977: chain number = min tensile in kN. Weight is nominal base-pitch S-roller approx; refine per roller type if needed. MC (hollow pin) + MT (high-plate) variants are separate records in this package. Cross-link Tsubaki RF metric where pitch+tensile match."
ISO-MC28,Hollow Pin Chains,MC28,MC28 Metric Hollow Pin Conveyor Chain (ISO MC-series),ISO 1977 / DIN 8167 (MC hollow pin),2.48,63.0,1,Active,catalog-verified,FALSE,"MC28 metric MC-series hollow pin conveyor chain, 63.0 mm base pitch, 28 kN minimum tensile (40 kN hardened). Hollow pin accepts cross rods and attachment shafts without welding. Available without rollers or with S/P/F rollers. For heavy conveying and material lifting in metallurgy, mining and bulk handling.","metric conveyor, M-series, hollow pin, cross rod, attachment mounting, ISO conveyor chain, bulk handling","Carbon Steel, Alloy Steel, Stainless Steel",without rollers (bush only)|S small rollers|P large rollers|F flanged rollers|extended cross rods|hardened high-tensile variant,,,0.787,20.0,0.512,13.0,0.984,25.0,,,"{""hollow_bore_mm"": 8.2, ""bush_dia_mm"": 25.0, ""pin_length_mm"": 36.0, ""plate_thickness_mm"": 3.5, ""roller_dia_mm"": 36.0, ""tensile_hardened_kn"": 40.0}",6290,28.0,,,-20,200,Standard; hardened high-tensile and stainless variants available,Donghua Chain Group catalog p.233 (official en.dhchain.com PDF),,MC28,,,,,,,,,,"PKG-02c (Donghua). Catalog-verified ISO MC hollow-pin series, Donghua catalog p.233. Min tensile 28 kN annealed; 40 kN hardened (in extra_dims). Dedupe vs HP-* records by pitch/number on import."
ISO-MC56,Hollow Pin Chains,MC56,MC56 Metric Hollow Pin Conveyor Chain (ISO MC-series),ISO 1977 / DIN 8167 (MC hollow pin),3.15,80.0,1,Active,catalog-verified,FALSE,"MC56 metric MC-series hollow pin conveyor chain, 80.0 mm base pitch, 56 kN minimum tensile (40 kN hardened). Hollow pin accepts cross rods and attachment shafts without welding. Available without rollers or with S/P/F rollers. For heavy conveying and material lifting in metallurgy, mining and bulk handling.","metric conveyor, M-series, hollow pin, cross rod, attachment mounting, ISO conveyor chain, bulk handling","Carbon Steel, Alloy Steel, Stainless Steel",without rollers (bush only)|S small rollers|P large rollers|F flanged rollers|extended cross rods|hardened high-tensile variant,,,0.945,24.0,0.61,15.5,1.378,35.0,,,"{""hollow_bore_mm"": 10.2, ""bush_dia_mm"": 36.0, ""pin_length_mm"": 45.0, ""plate_thickness_mm"": 4.0, ""roller_dia_mm"": 45.0, ""tensile_hardened_kn"": 40.0}",12590,56.0,,,-20,200,Standard; hardened high-tensile and stainless variants available,Donghua Chain Group catalog p.233 (official en.dhchain.com PDF),,MC56,,,,,,,,,,"PKG-02c (Donghua). Catalog-verified ISO MC hollow-pin series, Donghua catalog p.233. Min tensile 56 kN annealed; 40 kN hardened (in extra_dims). Dedupe vs HP-* records by pitch/number on import."
ISO-MC112,Hollow Pin Chains,MC112,MC112 Metric Hollow Pin Conveyor Chain (ISO MC-series),ISO 1977 / DIN 8167 (MC hollow pin),3.937,100.0,1,Active,catalog-verified,FALSE,"MC112 metric MC-series hollow pin conveyor chain, 100.0 mm base pitch, 112 kN minimum tensile (90 kN hardened). Hollow pin accepts cross rods and attachment shafts without welding. Available without rollers or with S/P/F rollers. For heavy conveying and material lifting in metallurgy, mining and bulk handling.","metric conveyor, M-series, hollow pin, cross rod, attachment mounting, ISO conveyor chain, bulk handling","Carbon Steel, Alloy Steel, Stainless Steel",without rollers (bush only)|S small rollers|P large rollers|F flanged rollers|extended cross rods|hardened high-tensile variant,,,1.26,32.0,0.866,22.0,1.969,50.0,,,"{""hollow_bore_mm"": 14.3, ""bush_dia_mm"": 50.0, ""pin_length_mm"": 62.5, ""plate_thickness_mm"": 6.0, ""roller_dia_mm"": 62.5, ""tensile_hardened_kn"": 90.0}",25180,112.0,,,-20,200,Standard; hardened high-tensile and stainless variants available,Donghua Chain Group catalog p.233 (official en.dhchain.com PDF),,MC112,,,,,,,,,,"PKG-02c (Donghua). Catalog-verified ISO MC hollow-pin series, Donghua catalog p.233. Min tensile 112 kN annealed; 90 kN hardened (in extra_dims). Dedupe vs HP-* records by pitch/number on import."
ISO-MC224,Hollow Pin Chains,MC224,MC224 Metric Hollow Pin Conveyor Chain (ISO MC-series),ISO 1977 / DIN 8167 (MC hollow pin),6.299,160.0,1,Active,catalog-verified,FALSE,"MC224 metric MC-series hollow pin conveyor chain, 160.0 mm base pitch, 224 kN minimum tensile (350 kN hardened). Hollow pin accepts cross rods and attachment shafts without welding. Available without rollers or with S/P/F rollers. For heavy conveying and material lifting in metallurgy, mining and bulk handling.","metric conveyor, M-series, hollow pin, cross rod, attachment mounting, ISO conveyor chain, bulk handling","Carbon Steel, Alloy Steel, Stainless Steel",without rollers (bush only)|S small rollers|P large rollers|F flanged rollers|extended cross rods|hardened high-tensile variant,,,1.693,43.0,1.22,31.0,2.756,70.0,,,"{""hollow_bore_mm"": 20.3, ""bush_dia_mm"": 70.0, ""pin_length_mm"": 83.0, ""plate_thickness_mm"": 8.0, ""roller_dia_mm"": 83.0, ""tensile_hardened_kn"": 350.0}",50360,224.0,,,-20,200,Standard; hardened high-tensile and stainless variants available,Donghua Chain Group catalog p.233 (official en.dhchain.com PDF),,MC224,,,,,,,,,,"PKG-02c (Donghua). Catalog-verified ISO MC hollow-pin series, Donghua catalog p.233. Min tensile 224 kN annealed; 350 kN hardened (in extra_dims). Dedupe vs HP-* records by pitch/number on import."
ISO-MT20,Conveyor Roller Chains,MT20,MT20 Metric High-Plate Conveyor Chain (ISO MT-series),ISO 1977 / DIN 8167 (MT high-plate),1.575,40.0,1,Active,catalog-verified,FALSE,"MT20 metric MT-series conveyor chain, 40.0 mm base pitch, 32 kN minimum tensile. Heightened side plates with large P-type rollers for high-load conveying with material carried directly on the chain. For metallurgy, mining and bulk handling.","metric conveyor, M-series, MT high-plate, large roller, ISO conveyor chain, heavy duty, bulk handling, metallurgy, mining","Carbon Steel, Alloy Steel, Stainless Steel",large P roller|heightened side plates|S small rollers|F flanged rollers|hardened high-tensile variant|A1-A2-K1-K2 attachments,0.354,9.0,0.63,16.0,0.63,16.0,0.984,25.0,,,"{""pin_length_mm"": 35.0, ""plate_thickness_mm"": 2.5, ""roller_dia_mm"": 9.0}",7190,32.0,,,-20,200,Standard; hardened high-tensile and stainless variants available,Donghua Chain Group catalog p.232 (official en.dhchain.com PDF),,MT20,,,,,,,,,,"PKG-02c (Donghua). Catalog-verified ISO MT high-plate series, Donghua catalog p.232. Note MT number does NOT equal tensile (unlike base M-series); MT tensiles are higher per the high-plate design."
ISO-MT28,Conveyor Roller Chains,MT28,MT28 Metric High-Plate Conveyor Chain (ISO MT-series),ISO 1977 / DIN 8167 (MT high-plate),1.969,50.0,1,Active,catalog-verified,FALSE,"MT28 metric MT-series conveyor chain, 50.0 mm base pitch, 42 kN minimum tensile. Heightened side plates with large P-type rollers for high-load conveying with material carried directly on the chain. For metallurgy, mining and bulk handling.","metric conveyor, M-series, MT high-plate, large roller, ISO conveyor chain, heavy duty, bulk handling, metallurgy, mining","Carbon Steel, Alloy Steel, Stainless Steel",large P roller|heightened side plates|S small rollers|F flanged rollers|hardened high-tensile variant|A1-A2-K1-K2 attachments,0.394,10.0,0.787,20.0,0.709,18.0,1.181,30.0,,,"{""pin_length_mm"": 40.0, ""plate_thickness_mm"": 3.0, ""roller_dia_mm"": 10.0}",9440,42.0,,,-20,200,Standard; hardened high-tensile and stainless variants available,Donghua Chain Group catalog p.232 (official en.dhchain.com PDF),,MT28,,,,,,,,,,"PKG-02c (Donghua). Catalog-verified ISO MT high-plate series, Donghua catalog p.232. Note MT number does NOT equal tensile (unlike base M-series); MT tensiles are higher per the high-plate design."
ISO-MT40,Conveyor Roller Chains,MT40,MT40 Metric High-Plate Conveyor Chain (ISO MT-series),ISO 1977 / DIN 8167 (MT high-plate),2.48,63.0,1,Active,catalog-verified,FALSE,"MT40 metric MT-series conveyor chain, 63.0 mm base pitch, 60 kN minimum tensile. Heightened side plates with large P-type rollers for high-load conveying with material carried directly on the chain. For metallurgy, mining and bulk handling.","metric conveyor, M-series, MT high-plate, large roller, ISO conveyor chain, heavy duty, bulk handling, metallurgy, mining","Carbon Steel, Alloy Steel, Stainless Steel",large P roller|heightened side plates|S small rollers|F flanged rollers|hardened high-tensile variant|A1-A2-K1-K2 attachments,0.492,12.5,0.886,22.5,0.787,20.0,1.378,35.0,,,"{""pin_length_mm"": 45.0, ""plate_thickness_mm"": 3.5, ""roller_dia_mm"": 12.5}",13490,60.0,,,-20,200,Standard; hardened high-tensile and stainless variants available,Donghua Chain Group catalog p.232 (official en.dhchain.com PDF),,MT40,,,,,,,,,,"PKG-02c (Donghua). Catalog-verified ISO MT high-plate series, Donghua catalog p.232. Note MT number does NOT equal tensile (unlike base M-series); MT tensiles are higher per the high-plate design."
ISO-MT56,Conveyor Roller Chains,MT56,MT56 Metric High-Plate Conveyor Chain (ISO MT-series),ISO 1977 / DIN 8167 (MT high-plate),2.48,63.0,1,Active,catalog-verified,FALSE,"MT56 metric MT-series conveyor chain, 63.0 mm base pitch, 85 kN minimum tensile. Heightened side plates with large P-type rollers for high-load conveying with material carried directly on the chain. For metallurgy, mining and bulk handling.","metric conveyor, M-series, MT high-plate, large roller, ISO conveyor chain, heavy duty, bulk handling, metallurgy, mining","Carbon Steel, Alloy Steel, Stainless Steel",large P roller|heightened side plates|S small rollers|F flanged rollers|hardened high-tensile variant|A1-A2-K1-K2 attachments,0.591,15.0,1.181,30.0,0.945,24.0,1.772,45.0,,,"{""pin_length_mm"": 52.0, ""plate_thickness_mm"": 4.0, ""roller_dia_mm"": 15.0}",19110,85.0,,,-20,200,Standard; hardened high-tensile and stainless variants available,Donghua Chain Group catalog p.232 (official en.dhchain.com PDF),,MT56,,,,,,,,,,"PKG-02c (Donghua). Catalog-verified ISO MT high-plate series, Donghua catalog p.232. Note MT number does NOT equal tensile (unlike base M-series); MT tensiles are higher per the high-plate design."
ISO-MT80,Conveyor Roller Chains,MT80,MT80 Metric High-Plate Conveyor Chain (ISO MT-series),ISO 1977 / DIN 8167 (MT high-plate),3.15,80.0,1,Active,catalog-verified,FALSE,"MT80 metric MT-series conveyor chain, 80.0 mm base pitch, 125 kN minimum tensile. Heightened side plates with large P-type rollers for high-load conveying with material carried directly on the chain. For metallurgy, mining and bulk handling.","metric conveyor, M-series, MT high-plate, large roller, ISO conveyor chain, heavy duty, bulk handling, metallurgy, mining","Carbon Steel, Alloy Steel, Stainless Steel",large P roller|heightened side plates|S small rollers|F flanged rollers|hardened high-tensile variant|A1-A2-K1-K2 attachments,0.709,18.0,1.28,32.5,1.102,28.0,1.969,50.0,,,"{""pin_length_mm"": 62.0, ""plate_thickness_mm"": 5.0, ""roller_dia_mm"": 18.0}",28100,125.0,,,-20,200,Standard; hardened high-tensile and stainless variants available,Donghua Chain Group catalog p.232 (official en.dhchain.com PDF),,MT80,,,,,,,,,,"PKG-02c (Donghua). Catalog-verified ISO MT high-plate series, Donghua catalog p.232. Note MT number does NOT equal tensile (unlike base M-series); MT tensiles are higher per the high-plate design."
ISO-MT112,Conveyor Roller Chains,MT112,MT112 Metric High-Plate Conveyor Chain (ISO MT-series),ISO 1977 / DIN 8167 (MT high-plate),3.937,100.0,1,Active,catalog-verified,FALSE,"MT112 metric MT-series conveyor chain, 100.0 mm base pitch, 175 kN minimum tensile. Heightened side plates with large P-type rollers for high-load conveying with material carried directly on the chain. For metallurgy, mining and bulk handling.","metric conveyor, M-series, MT high-plate, large roller, ISO conveyor chain, heavy duty, bulk handling, metallurgy, mining","Carbon Steel, Alloy Steel, Stainless Steel",large P roller|heightened side plates|S small rollers|F flanged rollers|hardened high-tensile variant|A1-A2-K1-K2 attachments,0.827,21.0,1.575,40.0,1.26,32.0,2.362,60.0,,,"{""pin_length_mm"": 73.0, ""plate_thickness_mm"": 6.0, ""roller_dia_mm"": 21.0}",39340,175.0,,,-20,200,Standard; hardened high-tensile and stainless variants available,Donghua Chain Group catalog p.232 (official en.dhchain.com PDF),,MT112,,,,,,,,,,"PKG-02c (Donghua). Catalog-verified ISO MT high-plate series, Donghua catalog p.232. Note MT number does NOT equal tensile (unlike base M-series); MT tensiles are higher per the high-plate design."
ISO-MT160,Conveyor Roller Chains,MT160,MT160 Metric High-Plate Conveyor Chain (ISO MT-series),ISO 1977 / DIN 8167 (MT high-plate),4.921,125.0,1,Active,catalog-verified,FALSE,"MT160 metric MT-series conveyor chain, 125.0 mm base pitch, 260 kN minimum tensile. Heightened side plates with large P-type rollers for high-load conveying with material carried directly on the chain. For metallurgy, mining and bulk handling.","metric conveyor, M-series, MT high-plate, large roller, ISO conveyor chain, heavy duty, bulk handling, metallurgy, mining","Carbon Steel, Alloy Steel, Stainless Steel",large P roller|heightened side plates|S small rollers|F flanged rollers|hardened high-tensile variant|A1-A2-K1-K2 attachments,0.984,25.0,1.772,45.0,1.457,37.0,2.756,70.0,,,"{""pin_length_mm"": 85.0, ""plate_thickness_mm"": 7.0, ""roller_dia_mm"": 25.0}",58450,260.0,,,-20,200,Standard; hardened high-tensile and stainless variants available,Donghua Chain Group catalog p.232 (official en.dhchain.com PDF),,MT160,,,,,,,,,,"PKG-02c (Donghua). Catalog-verified ISO MT high-plate series, Donghua catalog p.232. Note MT number does NOT equal tensile (unlike base M-series); MT tensiles are higher per the high-plate design."
ISO-MT224,Conveyor Roller Chains,MT224,MT224 Metric High-Plate Conveyor Chain (ISO MT-series),ISO 1977 / DIN 8167 (MT high-plate),6.299,160.0,1,Active,catalog-verified,FALSE,"MT224 metric MT-series conveyor chain, 160.0 mm base pitch, 340 kN minimum tensile. Heightened side plates with large P-type rollers for high-load conveying with material carried directly on the chain. For metallurgy, mining and bulk handling.","metric conveyor, M-series, MT high-plate, large roller, ISO conveyor chain, heavy duty, bulk handling, metallurgy, mining","Carbon Steel, Alloy Steel, Stainless Steel",large P roller|heightened side plates|S small rollers|F flanged rollers|hardened high-tensile variant|A1-A2-K1-K2 attachments,1.181,30.0,2.362,60.0,1.693,43.0,3.543,90.0,,,"{""pin_length_mm"": 98.0, ""plate_thickness_mm"": 8.0, ""roller_dia_mm"": 30.0}",76440,340.0,,,-20,200,Standard; hardened high-tensile and stainless variants available,Donghua Chain Group catalog p.232 (official en.dhchain.com PDF),,MT224,,,,,,,,,,"PKG-02c (Donghua). Catalog-verified ISO MT high-plate series, Donghua catalog p.232. Note MT number does NOT equal tensile (unlike base M-series); MT tensiles are higher per the high-plate design."
ISO-MT315,Conveyor Roller Chains,MT315,MT315 Metric High-Plate Conveyor Chain (ISO MT-series),ISO 1977 / DIN 8167 (MT high-plate),7.874,200.0,1,Active,catalog-verified,FALSE,"MT315 metric MT-series conveyor chain, 200.0 mm base pitch, 315 kN minimum tensile (520 kN hardened). Heightened side plates with large P-type rollers for high-load conveying with material carried directly on the chain. For metallurgy, mining and bulk handling.","metric conveyor, M-series, MT high-plate, large roller, ISO conveyor chain, heavy duty, bulk handling, metallurgy, mining","Carbon Steel, Alloy Steel, Stainless Steel",large P roller|heightened side plates|S small rollers|F flanged rollers|hardened high-tensile variant|A1-A2-K1-K2 attachments,1.417,36.0,2.559,65.0,1.89,48.0,3.937,100.0,,,"{""pin_length_mm"": 112.0, ""plate_thickness_mm"": 10.0, ""roller_dia_mm"": 36.0, ""tensile_hardened_kn"": 520.0}",70810,315.0,,,-20,200,Standard; hardened high-tensile and stainless variants available,Donghua Chain Group catalog p.232 (official en.dhchain.com PDF),,MT315,,,,,,,,,,"PKG-02c (Donghua). Catalog-verified ISO MT high-plate series, Donghua catalog p.232. Note MT number does NOT equal tensile (unlike base M-series); MT tensiles are higher per the high-plate design. Hardened *Q = 520 kN in extra_dims."
ISO-MT450,Conveyor Roller Chains,MT450,MT450 Metric High-Plate Conveyor Chain (ISO MT-series),ISO 1977 / DIN 8167 (MT high-plate),9.843,250.0,1,Active,catalog-verified,FALSE,"MT450 metric MT-series conveyor chain, 250.0 mm base pitch, 450 kN minimum tensile (700 kN hardened). Heightened side plates with large P-type rollers for high-load conveying with material carried directly on the chain. For metallurgy, mining and bulk handling.","metric conveyor, M-series, MT high-plate, large roller, ISO conveyor chain, heavy duty, bulk handling, metallurgy, mining","Carbon Steel, Alloy Steel, Stainless Steel",large P roller|heightened side plates|S small rollers|F flanged rollers|hardened high-tensile variant|A1-A2-K1-K2 attachments,1.654,42.0,3.15,80.0,2.205,56.0,4.724,120.0,,,"{""pin_length_mm"": 135.0, ""plate_thickness_mm"": 12.0, ""roller_dia_mm"": 42.0, ""tensile_hardened_kn"": 700.0}",101160,450.0,,,-20,200,Standard; hardened high-tensile and stainless variants available,Donghua Chain Group catalog p.232 (official en.dhchain.com PDF),,MT450,,,,,,,,,,"PKG-02c (Donghua). Catalog-verified ISO MT high-plate series, Donghua catalog p.232. Note MT number does NOT equal tensile (unlike base M-series); MT tensiles are higher per the high-plate design. Hardened *Q = 700 kN in extra_dims."
FV-FV40,Conveyor Roller Chains,FV40,FV40 Metric Conveyor Chain (DIN FV-series),DIN 8167 / ISO 1977 (FV European),1.575,40.0,1,Active,catalog-verified,FALSE,"FV40 FV-series metric conveyor chain, 40.0 mm base pitch, 40 kN minimum tensile (47 kN hardened). DIN-standard European conveyor chain, solid pin, available without rollers or with S/P/F rollers. For general and mechanized conveying across European markets.","metric conveyor, FV series, DIN conveyor chain, solid pin, European, slat conveyor, bulk handling","Carbon Steel, Alloy Steel, Stainless Steel",without rollers (bush only)|S small rollers|P large rollers|F flanged rollers|FVC hollow pin variant|FVT large-roller high-plate variant|hardened high-tensile variant|A1-A2-K1-K2 attachments,,,0.709,18.0,0.472,12.0,1.772,45.0,,,"{""bush_dia_mm"": 32.0, ""pin_length_mm"": 71.5, ""plate_thickness_mm"": 4.0, ""tensile_hardened_kn"": 47.0}",8990,40.0,,,-20,200,Standard; hardened high-tensile and stainless variants available,Donghua Chain Group catalog p.234 (official en.dhchain.com PDF),,FV40,,,,,,,,,,"PKG-02d (Donghua). Catalog-verified DIN FV-series, Donghua catalog p.234. FV number = min tensile in kN; hardened *Q = 47 kN in extra_dims. FV is the DIN/European sibling of the ISO M-series (02c) - cross-link M40 where pitch matches."
FV-FV63,Conveyor Roller Chains,FV63,FV63 Metric Conveyor Chain (DIN FV-series),DIN 8167 / ISO 1977 (FV European),2.48,63.0,1,Active,catalog-verified,FALSE,"FV63 FV-series metric conveyor chain, 63.0 mm base pitch, 63 kN minimum tensile (75 kN hardened). DIN-standard European conveyor chain, solid pin, available without rollers or with S/P/F rollers. For general and mechanized conveying across European markets.","metric conveyor, FV series, DIN conveyor chain, solid pin, European, slat conveyor, bulk handling","Carbon Steel, Alloy Steel, Stainless Steel",without rollers (bush only)|S small rollers|P large rollers|F flanged rollers|FVC hollow pin variant|FVT large-roller high-plate variant|hardened high-tensile variant|A1-A2-K1-K2 attachments,,,0.787,20.0,0.551,14.0,1.969,50.0,,,"{""bush_dia_mm"": 40.0, ""pin_length_mm"": 92.0, ""plate_thickness_mm"": 5.0, ""tensile_hardened_kn"": 75.0}",14160,63.0,,,-20,200,Standard; hardened high-tensile and stainless variants available,Donghua Chain Group catalog p.234 (official en.dhchain.com PDF),,FV63,,,,,,,,,,"PKG-02d (Donghua). Catalog-verified DIN FV-series, Donghua catalog p.234. FV number = min tensile in kN; hardened *Q = 75 kN in extra_dims. FV is the DIN/European sibling of the ISO M-series (02c) - cross-link M63 where pitch matches."
FV-FV90,Conveyor Roller Chains,FV90,FV90 Metric Conveyor Chain (DIN FV-series),DIN 8167 / ISO 1977 (FV European),2.48,63.0,1,Active,catalog-verified,FALSE,"FV90 FV-series metric conveyor chain, 63.0 mm base pitch, 90 kN minimum tensile (115 kN hardened). DIN-standard European conveyor chain, solid pin, available without rollers or with S/P/F rollers. For general and mechanized conveying across European markets.","metric conveyor, FV series, DIN conveyor chain, solid pin, European, slat conveyor, bulk handling","Carbon Steel, Alloy Steel, Stainless Steel",without rollers (bush only)|S small rollers|P large rollers|F flanged rollers|FVC hollow pin variant|FVT large-roller high-plate variant|hardened high-tensile variant|A1-A2-K1-K2 attachments,,,0.984,25.0,0.63,16.0,2.165,55.0,,,"{""bush_dia_mm"": 48.0, ""pin_length_mm"": 103.5, ""plate_thickness_mm"": 6.0, ""tensile_hardened_kn"": 115.0}",20230,90.0,,,-20,200,Standard; hardened high-tensile and stainless variants available,Donghua Chain Group catalog p.234 (official en.dhchain.com PDF),,FV90,,,,,,,,,,"PKG-02d (Donghua). Catalog-verified DIN FV-series, Donghua catalog p.234. FV number = min tensile in kN; hardened *Q = 115 kN in extra_dims. FV is the DIN/European sibling of the ISO M-series (02c) - cross-link M90 where pitch matches."
FV-FV112,Conveyor Roller Chains,FV112,FV112 Metric Conveyor Chain (DIN FV-series),DIN 8167 / ISO 1977 (FV European),3.15,80.0,1,Active,catalog-verified,FALSE,"FV112 FV-series metric conveyor chain, 80.0 mm base pitch, 112 kN minimum tensile (170 kN hardened). DIN-standard European conveyor chain, solid pin, available without rollers or with S/P/F rollers. For general and mechanized conveying across European markets.","metric conveyor, FV series, DIN conveyor chain, solid pin, European, slat conveyor, bulk handling","Carbon Steel, Alloy Steel, Stainless Steel",without rollers (bush only)|S small rollers|P large rollers|F flanged rollers|FVC hollow pin variant|FVT large-roller high-plate variant|hardened high-tensile variant|A1-A2-K1-K2 attachments,,,1.181,30.0,0.709,18.0,2.559,65.0,,,"{""bush_dia_mm"": 55.0, ""pin_length_mm"": 126.5, ""plate_thickness_mm"": 7.5, ""tensile_hardened_kn"": 170.0}",25180,112.0,,,-20,200,Standard; hardened high-tensile and stainless variants available,Donghua Chain Group catalog p.234 (official en.dhchain.com PDF),,FV112,,,,,,,,,,"PKG-02d (Donghua). Catalog-verified DIN FV-series, Donghua catalog p.234. FV number = min tensile in kN; hardened *Q = 170 kN in extra_dims. FV is the DIN/European sibling of the ISO M-series (02c) - cross-link M112 where pitch matches."
FV-FV140,Conveyor Roller Chains,FV140,FV140 Metric Conveyor Chain (DIN FV-series),DIN 8167 / ISO 1977 (FV European),3.937,100.0,1,Active,catalog-verified,FALSE,"FV140 FV-series metric conveyor chain, 100.0 mm base pitch, 140 kN minimum tensile (180 kN hardened). DIN-standard European conveyor chain, solid pin, available without rollers or with S/P/F rollers. For general and mechanized conveying across European markets.","metric conveyor, FV series, DIN conveyor chain, solid pin, European, slat conveyor, bulk handling","Carbon Steel, Alloy Steel, Stainless Steel",without rollers (bush only)|S small rollers|P large rollers|F flanged rollers|FVC hollow pin variant|FVT large-roller high-plate variant|hardened high-tensile variant|A1-A2-K1-K2 attachments,,,1.181,30.0,0.709,18.0,2.165,55.0,,,"{""bush_dia_mm"": 60.0, ""pin_length_mm"": 86.0, ""plate_thickness_mm"": 6.0, ""tensile_hardened_kn"": 180.0}",31470,140.0,,,-20,200,Standard; hardened high-tensile and stainless variants available,Donghua Chain Group catalog p.234 (official en.dhchain.com PDF),,FV140,,,,,,,,,,"PKG-02d (Donghua). Catalog-verified DIN FV-series, Donghua catalog p.234. FV number = min tensile in kN; hardened *Q = 180 kN in extra_dims. FV is the DIN/European sibling of the ISO M-series (02c) - cross-link M140 where pitch matches."
FV-FV180,Conveyor Roller Chains,FV180,FV180 Metric Conveyor Chain (DIN FV-series),DIN 8167 / ISO 1977 (FV European),4.921,125.0,1,Active,catalog-verified,FALSE,"FV180 FV-series metric conveyor chain, 125.0 mm base pitch, 180 kN minimum tensile (250 kN hardened). DIN-standard European conveyor chain, solid pin, available without rollers or with S/P/F rollers. For general and mechanized conveying across European markets.","metric conveyor, FV series, DIN conveyor chain, solid pin, European, slat conveyor, bulk handling","Carbon Steel, Alloy Steel, Stainless Steel",without rollers (bush only)|S small rollers|P large rollers|F flanged rollers|FVC hollow pin variant|FVT large-roller high-plate variant|hardened high-tensile variant|A1-A2-K1-K2 attachments,,,1.654,42.0,0.787,20.0,2.559,65.0,,,"{""bush_dia_mm"": 70.0, ""pin_length_mm"": 113.0, ""plate_thickness_mm"": 8.0, ""tensile_hardened_kn"": 250.0}",40470,180.0,,,-20,200,Standard; hardened high-tensile and stainless variants available,Donghua Chain Group catalog p.234 (official en.dhchain.com PDF),,FV180,,,,,,,,,,"PKG-02d (Donghua). Catalog-verified DIN FV-series, Donghua catalog p.234. FV number = min tensile in kN; hardened *Q = 250 kN in extra_dims. FV is the DIN/European sibling of the ISO M-series (02c) - cross-link M180 where pitch matches."
FV-FV250,Conveyor Roller Chains,FV250,FV250 Metric Conveyor Chain (DIN FV-series),DIN 8167 / ISO 1977 (FV European),6.299,160.0,1,Active,catalog-verified,FALSE,"FV250 FV-series metric conveyor chain, 160.0 mm base pitch, 250 kN minimum tensile (300 kN hardened). DIN-standard European conveyor chain, solid pin, available without rollers or with S/P/F rollers. For general and mechanized conveying across European markets.","metric conveyor, FV series, DIN conveyor chain, solid pin, European, slat conveyor, bulk handling","Carbon Steel, Alloy Steel, Stainless Steel",without rollers (bush only)|S small rollers|P large rollers|F flanged rollers|FVC hollow pin variant|FVT large-roller high-plate variant|hardened high-tensile variant|A1-A2-K1-K2 attachments,,,1.969,50.0,1.024,26.0,2.953,75.0,,,"{""bush_dia_mm"": 80.0, ""pin_length_mm"": 135.0, ""plate_thickness_mm"": 8.0, ""tensile_hardened_kn"": 300.0}",56200,250.0,,,-20,200,Standard; hardened high-tensile and stainless variants available,Donghua Chain Group catalog p.234 (official en.dhchain.com PDF),,FV250,,,,,,,,,,"PKG-02d (Donghua). Catalog-verified DIN FV-series, Donghua catalog p.234. FV number = min tensile in kN; hardened *Q = 300 kN in extra_dims. FV is the DIN/European sibling of the ISO M-series (02c) - cross-link M250 where pitch matches."
FV-FV315,Conveyor Roller Chains,FV315,FV315 Metric Conveyor Chain (DIN FV-series),DIN 8167 / ISO 1977 (FV European),7.874,200.0,1,Active,catalog-verified,FALSE,"FV315 FV-series metric conveyor chain, 200.0 mm base pitch, 315 kN minimum tensile (480 kN hardened). DIN-standard European conveyor chain, solid pin, available without rollers or with S/P/F rollers. For general and mechanized conveying across European markets.","metric conveyor, FV series, DIN conveyor chain, solid pin, European, slat conveyor, bulk handling","Carbon Steel, Alloy Steel, Stainless Steel",without rollers (bush only)|S small rollers|P large rollers|F flanged rollers|FVC hollow pin variant|FVT large-roller high-plate variant|hardened high-tensile variant|A1-A2-K1-K2 attachments,,,2.362,60.0,1.181,30.0,3.543,90.0,,,"{""bush_dia_mm"": 90.0, ""pin_length_mm"": 160.0, ""plate_thickness_mm"": 10.0, ""tensile_hardened_kn"": 480.0}",70810,315.0,,,-20,200,Standard; hardened high-tensile and stainless variants available,Donghua Chain Group catalog p.234 (official en.dhchain.com PDF),,FV315,,,,,,,,,,"PKG-02d (Donghua). Catalog-verified DIN FV-series, Donghua catalog p.234. FV number = min tensile in kN; hardened *Q = 480 kN in extra_dims. FV is the DIN/European sibling of the ISO M-series (02c) - cross-link M315 where pitch matches."
FV-FVC63,Hollow Pin Chains,FVC63,FVC63 Metric Hollow Pin Conveyor Chain (DIN FVC-series),DIN 8167 / ISO 1977 (FVC hollow pin),2.48,63.0,1,Active,catalog-verified,FALSE,"FVC63 FVC-series metric hollow pin conveyor chain, 63.0 mm base pitch, 46 kN minimum tensile. Hollow pin accepts cross rods and attachment shafts without welding. DIN-standard European chain available without rollers or with S/P/F rollers. For conveying and material lifting.","metric conveyor, FV series, hollow pin, cross rod, attachment mounting, DIN conveyor chain, European, bulk handling","Carbon Steel, Alloy Steel, Stainless Steel",without rollers (bush only)|S small rollers|P large rollers|F flanged rollers|extended cross rods,,,0.866,22.0,0.472,12.0,1.772,45.0,,,"{""hollow_bore_mm"": 8.0, ""bush_dia_mm"": 40.0, ""pin_length_mm"": 86.0, ""plate_thickness_mm"": 4.0, ""roller_dia_mm"": 40.0}",10340,46.0,,,-20,200,Standard; stainless variants available,Donghua Chain Group catalog p.240 (official en.dhchain.com PDF),,FVC63,,,,,,,,,,"PKG-02d (Donghua). Catalog-verified DIN FVC hollow-pin series, Donghua catalog p.240. Dedupe vs HP-* / ISO-MC* by pitch on import. European sibling of MC-series (02c)."
FV-FVC90,Hollow Pin Chains,FVC90,FVC90 Metric Hollow Pin Conveyor Chain (DIN FVC-series),DIN 8167 / ISO 1977 (FVC hollow pin),2.48,63.0,1,Active,catalog-verified,FALSE,"FVC90 FVC-series metric hollow pin conveyor chain, 63.0 mm base pitch, 73 kN minimum tensile. Hollow pin accepts cross rods and attachment shafts without welding. DIN-standard European chain available without rollers or with S/P/F rollers. For conveying and material lifting.","metric conveyor, FV series, hollow pin, cross rod, attachment mounting, DIN conveyor chain, European, bulk handling","Carbon Steel, Alloy Steel, Stainless Steel",without rollers (bush only)|S small rollers|P large rollers|F flanged rollers|extended cross rods,,,0.984,25.0,0.551,14.0,1.969,50.0,,,"{""hollow_bore_mm"": 10.0, ""bush_dia_mm"": 48.0, ""pin_length_mm"": 97.0, ""plate_thickness_mm"": 5.0, ""roller_dia_mm"": 53.0}",16410,73.0,,,-20,200,Standard; stainless variants available,Donghua Chain Group catalog p.240 (official en.dhchain.com PDF),,FVC90,,,,,,,,,,"PKG-02d (Donghua). Catalog-verified DIN FVC hollow-pin series, Donghua catalog p.240. Dedupe vs HP-* / ISO-MC* by pitch on import. European sibling of MC-series (02c)."
FV-FVC112,Hollow Pin Chains,FVC112,FVC112 Metric Hollow Pin Conveyor Chain (DIN FVC-series),DIN 8167 / ISO 1977 (FVC hollow pin),3.15,80.0,1,Active,catalog-verified,FALSE,"FVC112 FVC-series metric hollow pin conveyor chain, 80.0 mm base pitch, 90 kN minimum tensile. Hollow pin accepts cross rods and attachment shafts without welding. DIN-standard European chain available without rollers or with S/P/F rollers. For conveying and material lifting.","metric conveyor, FV series, hollow pin, cross rod, attachment mounting, DIN conveyor chain, European, bulk handling","Carbon Steel, Alloy Steel, Stainless Steel",without rollers (bush only)|S small rollers|P large rollers|F flanged rollers|extended cross rods,,,1.181,30.0,0.63,16.0,2.362,60.0,,,"{""hollow_bore_mm"": 11.0, ""bush_dia_mm"": 55.0, ""pin_length_mm"": 117.0, ""plate_thickness_mm"": 6.0, ""roller_dia_mm"": 62.0}",20230,90.0,,,-20,200,Standard; stainless variants available,Donghua Chain Group catalog p.240 (official en.dhchain.com PDF),,FVC112,,,,,,,,,,"PKG-02d (Donghua). Catalog-verified DIN FVC hollow-pin series, Donghua catalog p.240. Dedupe vs HP-* / ISO-MC* by pitch on import. European sibling of MC-series (02c)."
FV-FVC140,Hollow Pin Chains,FVC140,FVC140 Metric Hollow Pin Conveyor Chain (DIN FVC-series),DIN 8167 / ISO 1977 (FVC hollow pin),3.937,100.0,1,Active,catalog-verified,FALSE,"FVC140 FVC-series metric hollow pin conveyor chain, 100.0 mm base pitch, 110 kN minimum tensile. Hollow pin accepts cross rods and attachment shafts without welding. DIN-standard European chain available without rollers or with S/P/F rollers. For conveying and material lifting.","metric conveyor, FV series, hollow pin, cross rod, attachment mounting, DIN conveyor chain, European, bulk handling","Carbon Steel, Alloy Steel, Stainless Steel",without rollers (bush only)|S small rollers|P large rollers|F flanged rollers|extended cross rods,,,1.378,35.0,0.709,18.0,2.638,67.0,,,"{""hollow_bore_mm"": 12.0, ""bush_dia_mm"": 60.0, ""pin_length_mm"": 103.5, ""plate_thickness_mm"": 6.0, ""roller_dia_mm"": 67.0}",24730,110.0,,,-20,200,Standard; stainless variants available,Donghua Chain Group catalog p.240 (official en.dhchain.com PDF),,FVC140,,,,,,,,,,"PKG-02d (Donghua). Catalog-verified DIN FVC hollow-pin series, Donghua catalog p.240. Dedupe vs HP-* / ISO-MC* by pitch on import. European sibling of MC-series (02c)."
FV-FVC180,Hollow Pin Chains,FVC180,FVC180 Metric Hollow Pin Conveyor Chain (DIN FVC-series),DIN 8167 / ISO 1977 (FVC hollow pin),4.921,125.0,1,Active,catalog-verified,FALSE,"FVC180 FVC-series metric hollow pin conveyor chain, 125.0 mm base pitch, 145 kN minimum tensile. Hollow pin accepts cross rods and attachment shafts without welding. DIN-standard European chain available without rollers or with S/P/F rollers. For conveying and material lifting.","metric conveyor, FV series, hollow pin, cross rod, attachment mounting, DIN conveyor chain, European, bulk handling","Carbon Steel, Alloy Steel, Stainless Steel",without rollers (bush only)|S small rollers|P large rollers|F flanged rollers|extended cross rods,,,1.772,45.0,0.787,20.0,2.756,70.0,,,"{""hollow_bore_mm"": 14.0, ""bush_dia_mm"": 70.0, ""pin_length_mm"": 88.0, ""plate_thickness_mm"": 8.0, ""roller_dia_mm"": 72.0}",32600,145.0,,,-20,200,Standard; stainless variants available,Donghua Chain Group catalog p.240 (official en.dhchain.com PDF),,FVC180,,,,,,,,,,"PKG-02d (Donghua). Catalog-verified DIN FVC hollow-pin series, Donghua catalog p.240. Dedupe vs HP-* / ISO-MC* by pitch on import. European sibling of MC-series (02c)."
FV-FVC250,Hollow Pin Chains,FVC250,FVC250 Metric Hollow Pin Conveyor Chain (DIN FVC-series),DIN 8167 / ISO 1977 (FVC hollow pin),6.299,160.0,1,Active,catalog-verified,FALSE,"FVC250 FVC-series metric hollow pin conveyor chain, 160.0 mm base pitch, 215 kN minimum tensile. Hollow pin accepts cross rods and attachment shafts without welding. DIN-standard European chain available without rollers or with S/P/F rollers. For conveying and material lifting.","metric conveyor, FV series, hollow pin, cross rod, attachment mounting, DIN conveyor chain, European, bulk handling","Carbon Steel, Alloy Steel, Stainless Steel",without rollers (bush only)|S small rollers|P large rollers|F flanged rollers|extended cross rods,,,2.165,55.0,1.024,26.0,3.15,80.0,,,"{""hollow_bore_mm"": 18.0, ""bush_dia_mm"": 80.0, ""pin_length_mm"": 121.5, ""plate_thickness_mm"": 8.0, ""roller_dia_mm"": 82.0}",48330,215.0,,,-20,200,Standard; stainless variants available,Donghua Chain Group catalog p.240 (official en.dhchain.com PDF),,FVC250,,,,,,,,,,"PKG-02d (Donghua). Catalog-verified DIN FVC hollow-pin series, Donghua catalog p.240. Dedupe vs HP-* / ISO-MC* by pitch on import. European sibling of MC-series (02c)."
FV-FVC315,Hollow Pin Chains,FVC315,FVC315 Metric Hollow Pin Conveyor Chain (DIN FVC-series),DIN 8167 / ISO 1977 (FVC hollow pin),7.874,200.0,1,Active,catalog-verified,FALSE,"FVC315 FVC-series metric hollow pin conveyor chain, 200.0 mm base pitch, 295 kN minimum tensile. Hollow pin accepts cross rods and attachment shafts without welding. DIN-standard European chain available without rollers or with S/P/F rollers. For conveying and material lifting.","metric conveyor, FV series, hollow pin, cross rod, attachment mounting, DIN conveyor chain, European, bulk handling","Carbon Steel, Alloy Steel, Stainless Steel",without rollers (bush only)|S small rollers|P large rollers|F flanged rollers|extended cross rods,,,2.559,65.0,1.181,30.0,3.543,90.0,,,"{""hollow_bore_mm"": 20.0, ""bush_dia_mm"": 90.0, ""pin_length_mm"": 140.0, ""plate_thickness_mm"": 10.0, ""roller_dia_mm"": 92.0}",66320,295.0,,,-20,200,Standard; stainless variants available,Donghua Chain Group catalog p.240 (official en.dhchain.com PDF),,FVC315,,,,,,,,,,"PKG-02d (Donghua). Catalog-verified DIN FVC hollow-pin series, Donghua catalog p.240. Dedupe vs HP-* / ISO-MC* by pitch on import. European sibling of MC-series (02c)."
FV-FVT40,Conveyor Roller Chains,FVT40,FVT40 Metric High-Plate Conveyor Chain (DIN FVT-series),DIN 8167 / ISO 1977 (FVT high-plate),1.575,40.0,1,Active,catalog-verified,FALSE,"FVT40 FVT-series metric conveyor chain, 40.0 mm base pitch, 40 kN minimum tensile (47 kN hardened). Heightened side plates with large P-type rollers for high-load conveying with material carried directly on the chain. DIN-standard European design.","metric conveyor, FV series, FVT high-plate, large roller, DIN conveyor chain, European, heavy duty, bulk handling","Carbon Steel, Alloy Steel, Stainless Steel",large P roller|heightened side plates|S small rollers|F flanged rollers|hardened high-tensile variant|A1-A2-K1-K2 attachments,0.354,9.0,0.709,18.0,,,1.378,35.0,,,"{""pin_length_mm"": 39.0, ""plate_thickness_mm"": 3.0, ""roller_dia_mm"": 9.0, ""high_plate_h_mm"": 22.5, ""tensile_hardened_kn"": 47.0}",8990,40.0,,,-20,200,Standard; hardened high-tensile and stainless variants available,Donghua Chain Group catalog p.239 (official en.dhchain.com PDF),,FVT40,,,,,,,,,,"PKG-02d (Donghua). Catalog-verified DIN FVT high-plate series, Donghua catalog p.239. FVT shares FV std Q (40 kN); hardened *Q = 47 kN in extra_dims. European sibling of MT-series (02c)."
FV-FVT63,Conveyor Roller Chains,FVT63,FVT63 Metric High-Plate Conveyor Chain (DIN FVT-series),DIN 8167 / ISO 1977 (FVT high-plate),2.48,63.0,1,Active,catalog-verified,FALSE,"FVT63 FVT-series metric conveyor chain, 63.0 mm base pitch, 63 kN minimum tensile (75 kN hardened). Heightened side plates with large P-type rollers for high-load conveying with material carried directly on the chain. DIN-standard European design.","metric conveyor, FV series, FVT high-plate, large roller, DIN conveyor chain, European, heavy duty, bulk handling","Carbon Steel, Alloy Steel, Stainless Steel",large P roller|heightened side plates|S small rollers|F flanged rollers|hardened high-tensile variant|A1-A2-K1-K2 attachments,0.472,12.0,0.866,22.0,,,1.575,40.0,,,"{""pin_length_mm"": 48.5, ""plate_thickness_mm"": 4.0, ""roller_dia_mm"": 12.0, ""high_plate_h_mm"": 25.0, ""tensile_hardened_kn"": 75.0}",14160,63.0,,,-20,200,Standard; hardened high-tensile and stainless variants available,Donghua Chain Group catalog p.239 (official en.dhchain.com PDF),,FVT63,,,,,,,,,,"PKG-02d (Donghua). Catalog-verified DIN FVT high-plate series, Donghua catalog p.239. FVT shares FV std Q (63 kN); hardened *Q = 75 kN in extra_dims. European sibling of MT-series (02c)."
FV-FVT90,Conveyor Roller Chains,FVT90,FVT90 Metric High-Plate Conveyor Chain (DIN FVT-series),DIN 8167 / ISO 1977 (FVT high-plate),2.48,63.0,1,Active,catalog-verified,FALSE,"FVT90 FVT-series metric conveyor chain, 63.0 mm base pitch, 90 kN minimum tensile (115 kN hardened). Heightened side plates with large P-type rollers for high-load conveying with material carried directly on the chain. DIN-standard European design.","metric conveyor, FV series, FVT high-plate, large roller, DIN conveyor chain, European, heavy duty, bulk handling","Carbon Steel, Alloy Steel, Stainless Steel",large P roller|heightened side plates|S small rollers|F flanged rollers|hardened high-tensile variant|A1-A2-K1-K2 attachments,0.551,14.0,0.984,25.0,,,1.772,45.0,,,"{""pin_length_mm"": 56.5, ""plate_thickness_mm"": 5.0, ""roller_dia_mm"": 14.0, ""high_plate_h_mm"": 27.5, ""tensile_hardened_kn"": 115.0}",20230,90.0,,,-20,200,Standard; hardened high-tensile and stainless variants available,Donghua Chain Group catalog p.239 (official en.dhchain.com PDF),,FVT90,,,,,,,,,,"PKG-02d (Donghua). Catalog-verified DIN FVT high-plate series, Donghua catalog p.239. FVT shares FV std Q (90 kN); hardened *Q = 115 kN in extra_dims. European sibling of MT-series (02c)."
FV-FVT112,Conveyor Roller Chains,FVT112,FVT112 Metric High-Plate Conveyor Chain (DIN FVT-series),DIN 8167 / ISO 1977 (FVT high-plate),3.15,80.0,1,Active,catalog-verified,FALSE,"FVT112 FVT-series metric conveyor chain, 80.0 mm base pitch, 112 kN minimum tensile (170 kN hardened). Heightened side plates with large P-type rollers for high-load conveying with material carried directly on the chain. DIN-standard European design.","metric conveyor, FV series, FVT high-plate, large roller, DIN conveyor chain, European, heavy duty, bulk handling","Carbon Steel, Alloy Steel, Stainless Steel",large P roller|heightened side plates|S small rollers|F flanged rollers|hardened high-tensile variant|A1-A2-K1-K2 attachments,0.63,16.0,1.181,30.0,,,1.969,50.0,,,"{""pin_length_mm"": 66.0, ""plate_thickness_mm"": 6.0, ""roller_dia_mm"": 16.0, ""high_plate_h_mm"": 30.0, ""tensile_hardened_kn"": 170.0}",25180,112.0,,,-20,200,Standard; hardened high-tensile and stainless variants available,Donghua Chain Group catalog p.239 (official en.dhchain.com PDF),,FVT112,,,,,,,,,,"PKG-02d (Donghua). Catalog-verified DIN FVT high-plate series, Donghua catalog p.239. FVT shares FV std Q (112 kN); hardened *Q = 170 kN in extra_dims. European sibling of MT-series (02c)."
FV-FVT140,Conveyor Roller Chains,FVT140,FVT140 Metric High-Plate Conveyor Chain (DIN FVT-series),DIN 8167 / ISO 1977 (FVT high-plate),3.937,100.0,1,Active,catalog-verified,FALSE,"FVT140 FVT-series metric conveyor chain, 100.0 mm base pitch, 140 kN minimum tensile (180 kN hardened). Heightened side plates with large P-type rollers for high-load conveying with material carried directly on the chain. DIN-standard European design.","metric conveyor, FV series, FVT high-plate, large roller, DIN conveyor chain, European, heavy duty, bulk handling","Carbon Steel, Alloy Steel, Stainless Steel",large P roller|heightened side plates|S small rollers|F flanged rollers|hardened high-tensile variant|A1-A2-K1-K2 attachments,0.709,18.0,1.378,35.0,,,2.362,60.0,,,"{""pin_length_mm"": 71.5, ""plate_thickness_mm"": 6.0, ""roller_dia_mm"": 18.0, ""high_plate_h_mm"": 37.5, ""tensile_hardened_kn"": 180.0}",31470,140.0,,,-20,200,Standard; hardened high-tensile and stainless variants available,Donghua Chain Group catalog p.239 (official en.dhchain.com PDF),,FVT140,,,,,,,,,,"PKG-02d (Donghua). Catalog-verified DIN FVT high-plate series, Donghua catalog p.239. FVT shares FV std Q (140 kN); hardened *Q = 180 kN in extra_dims. European sibling of MT-series (02c)."
FV-FVT180,Conveyor Roller Chains,FVT180,FVT180 Metric High-Plate Conveyor Chain (DIN FVT-series),DIN 8167 / ISO 1977 (FVT high-plate),4.921,125.0,1,Active,catalog-verified,FALSE,"FVT180 FVT-series metric conveyor chain, 125.0 mm base pitch, 180 kN minimum tensile (250 kN hardened). Heightened side plates with large P-type rollers for high-load conveying with material carried directly on the chain. DIN-standard European design.","metric conveyor, FV series, FVT high-plate, large roller, DIN conveyor chain, European, heavy duty, bulk handling","Carbon Steel, Alloy Steel, Stainless Steel",large P roller|heightened side plates|S small rollers|F flanged rollers|hardened high-tensile variant|A1-A2-K1-K2 attachments,0.787,20.0,1.772,45.0,,,2.756,70.0,,,"{""pin_length_mm"": 92.0, ""plate_thickness_mm"": 8.0, ""roller_dia_mm"": 20.0, ""high_plate_h_mm"": 45.0, ""tensile_hardened_kn"": 250.0}",40470,180.0,,,-20,200,Standard; hardened high-tensile and stainless variants available,Donghua Chain Group catalog p.239 (official en.dhchain.com PDF),,FVT180,,,,,,,,,,"PKG-02d (Donghua). Catalog-verified DIN FVT high-plate series, Donghua catalog p.239. FVT shares FV std Q (180 kN); hardened *Q = 250 kN in extra_dims. European sibling of MT-series (02c)."
FV-FVT250,Conveyor Roller Chains,FVT250,FVT250 Metric High-Plate Conveyor Chain (DIN FVT-series),DIN 8167 / ISO 1977 (FVT high-plate),6.299,160.0,1,Active,catalog-verified,FALSE,"FVT250 FVT-series metric conveyor chain, 160.0 mm base pitch, 250 kN minimum tensile (300 kN hardened). Heightened side plates with large P-type rollers for high-load conveying with material carried directly on the chain. DIN-standard European design.","metric conveyor, FV series, FVT high-plate, large roller, DIN conveyor chain, European, heavy duty, bulk handling","Carbon Steel, Alloy Steel, Stainless Steel",large P roller|heightened side plates|S small rollers|F flanged rollers|hardened high-tensile variant|A1-A2-K1-K2 attachments,1.024,26.0,2.165,55.0,,,3.15,80.0,,,"{""pin_length_mm"": 103.5, ""plate_thickness_mm"": 8.0, ""roller_dia_mm"": 26.0, ""high_plate_h_mm"": 50.0, ""tensile_hardened_kn"": 300.0}",56200,250.0,,,-20,200,Standard; hardened high-tensile and stainless variants available,Donghua Chain Group catalog p.239 (official en.dhchain.com PDF),,FVT250,,,,,,,,,,"PKG-02d (Donghua). Catalog-verified DIN FVT high-plate series, Donghua catalog p.239. FVT shares FV std Q (250 kN); hardened *Q = 300 kN in extra_dims. European sibling of MT-series (02c)."
FV-FVT315,Conveyor Roller Chains,FVT315,FVT315 Metric High-Plate Conveyor Chain (DIN FVT-series),DIN 8167 / ISO 1977 (FVT high-plate),6.299,160.0,1,Active,catalog-verified,FALSE,"FVT315 FVT-series metric conveyor chain, 160.0 mm base pitch, 315 kN minimum tensile (480 kN hardened). Heightened side plates with large P-type rollers for high-load conveying with material carried directly on the chain. DIN-standard European design.","metric conveyor, FV series, FVT high-plate, large roller, DIN conveyor chain, European, heavy duty, bulk handling","Carbon Steel, Alloy Steel, Stainless Steel",large P roller|heightened side plates|S small rollers|F flanged rollers|hardened high-tensile variant|A1-A2-K1-K2 attachments,1.181,30.0,2.559,65.0,,,3.543,90.0,,,"{""pin_length_mm"": 126.5, ""plate_thickness_mm"": 10.0, ""roller_dia_mm"": 30.0, ""high_plate_h_mm"": 55.0, ""tensile_hardened_kn"": 480.0}",70810,315.0,,,-20,200,Standard; hardened high-tensile and stainless variants available,Donghua Chain Group catalog p.239 (official en.dhchain.com PDF),,FVT315,,,,,,,,,,"PKG-02d (Donghua). Catalog-verified DIN FVT high-plate series, Donghua catalog p.239. FVT shares FV std Q (315 kN); hardened *Q = 480 kN in extra_dims. European sibling of MT-series (02c)."
AG-S32,Agricultural Conveyor Chains,S32,S32 Steel Agricultural Chain (S-type),DIN 8189 / ISO 487,1.15,29.21,1,Active,catalog-verified,FALSE,"S32 S-type steel agricultural roller chain, 29.21 mm pitch, 8.0 kN minimum tensile. Waisted side-plate design (lighter while retaining strength) for farm machinery — seed drills, harvesters, grain elevators and conveyors. Available zinc-plated and with K1/A1 attachments. Manufactured to DIN 8189 / ISO 487.","agricultural chain, S-type steel chain, farm machinery, harvester, seed drill, grain elevator, conveyor, DIN 8189, ISO 487, waisted side plate",45Mn Steel (heat treated); Zinc-plated option,zinc-plated for weather resistance|K1/A1/A2/K2 attachments|scraper-bar attachments|rubber-plate attachments|R high-tensile variant|H heat-treated variant|solid or hollow pin,0.45,11.43,0.625,15.88,0.176,4.47,0.531,13.5,0.578,0.86,"{""pin_length_mm"": 26.7, ""Lc_mm"": 28.8}",1800,8.0,,,-20,150,Standard; zinc-plated option for outdoor/weather exposure,"Donghua Chain Group catalog p.490 (official en.dhchain.com PDF), cross-checked vs DIN 8189 reference",,S32,,,,,,,,,,"PKG-02e (Donghua). Catalog-verified from Donghua p.490, cross-checked against the DIN 8189/ISO 487 standard reference table (pitch+tensile matched exactly). S-type = waisted-side-plate agricultural chain. Donghua catalog p.490 also lists many F-suffix and K/A attachment variants (deferred as proprietary). Dedupe vs any existing S-series; CA-type (straight-plate) agricultural chains are a separate family/slice."
AG-S42,Agricultural Conveyor Chains,S42,S42 Steel Agricultural Chain (S-type),DIN 8189 / ISO 487,1.375,34.93,1,Active,catalog-verified,FALSE,"S42 S-type steel agricultural roller chain, 34.93 mm pitch, 26.7 kN minimum tensile. Waisted side-plate design (lighter while retaining strength) for farm machinery — seed drills, harvesters, grain elevators and conveyors. Available zinc-plated and with K1/A1 attachments. Manufactured to DIN 8189 / ISO 487.","agricultural chain, S-type steel chain, farm machinery, harvester, seed drill, grain elevator, conveyor, DIN 8189, ISO 487, waisted side plate",45Mn Steel (heat treated); Zinc-plated option,zinc-plated for weather resistance|K1/A1/A2/K2 attachments|scraper-bar attachments|rubber-plate attachments|R high-tensile variant|H heat-treated variant|solid or hollow pin,0.562,14.27,0.75,19.05,0.276,7.01,0.78,19.8,1.075,1.6,"{""pin_length_mm"": 34.3, ""Lc_mm"": 37.0}",6000,26.7,,,-20,150,Standard; zinc-plated option for outdoor/weather exposure,"Donghua Chain Group catalog p.490 (official en.dhchain.com PDF), cross-checked vs DIN 8189 reference",,S42,,,,,,,,,,"PKG-02e (Donghua). Catalog-verified from Donghua p.490, cross-checked against the DIN 8189/ISO 487 standard reference table (pitch+tensile matched exactly). S-type = waisted-side-plate agricultural chain. Donghua catalog p.490 also lists many F-suffix and K/A attachment variants (deferred as proprietary). Dedupe vs any existing S-series; CA-type (straight-plate) agricultural chains are a separate family/slice."
AG-S45,Agricultural Conveyor Chains,S45,S45 Steel Agricultural Chain (S-type),DIN 8189 / ISO 487,1.63,41.4,1,Active,catalog-verified,FALSE,"S45 S-type steel agricultural roller chain, 41.4 mm pitch, 17.8 kN minimum tensile. Waisted side-plate design (lighter while retaining strength) for farm machinery — seed drills, harvesters, grain elevators and conveyors. Available zinc-plated and with K1/A1 attachments. Manufactured to DIN 8189 / ISO 487.","agricultural chain, S-type steel chain, farm machinery, harvester, seed drill, grain elevator, conveyor, DIN 8189, ISO 487, waisted side plate",45Mn Steel (heat treated); Zinc-plated option,zinc-plated for weather resistance|K1/A1/A2/K2 attachments|scraper-bar attachments|rubber-plate attachments|R high-tensile variant|H heat-treated variant|solid or hollow pin,0.6,15.24,0.875,22.23,0.226,5.74,0.681,17.3,0.981,1.46,"{""pin_length_mm"": 37.7, ""Lc_mm"": 40.4}",4000,17.8,,,-20,150,Standard; zinc-plated option for outdoor/weather exposure,"Donghua Chain Group catalog p.490 (official en.dhchain.com PDF), cross-checked vs DIN 8189 reference",,S45,,,,,,,,,,"PKG-02e (Donghua). Catalog-verified from Donghua p.490, cross-checked against the DIN 8189/ISO 487 standard reference table (pitch+tensile matched exactly). S-type = waisted-side-plate agricultural chain. Donghua catalog p.490 also lists many F-suffix and K/A attachment variants (deferred as proprietary). Dedupe vs any existing S-series; CA-type (straight-plate) agricultural chains are a separate family/slice."
AG-S51,Agricultural Conveyor Chains,S51,S51 Steel Agricultural Chain (S-type),DIN 8189 / ISO 487,1.5,38.1,1,Active,catalog-verified,FALSE,"S51 S-type steel agricultural roller chain, 38.1 mm pitch, 36.1 kN minimum tensile. Waisted side-plate design (lighter while retaining strength) for farm machinery — seed drills, harvesters, grain elevators and conveyors. Available zinc-plated and with K1/A1 attachments. Manufactured to DIN 8189 / ISO 487.","agricultural chain, S-type steel chain, farm machinery, harvester, seed drill, grain elevator, conveyor, DIN 8189, ISO 487, waisted side plate",45Mn Steel (heat treated); Zinc-plated option,zinc-plated for weather resistance|K1/A1/A2/K2 attachments|scraper-bar attachments|rubber-plate attachments|R high-tensile variant|H heat-treated variant|solid or hollow pin,0.6,15.24,0.63,16.0,0.226,5.74,0.681,17.3,0.739,1.1,"{""pin_length_mm"": 30.0, ""Lc_mm"": 35.0}",8120,36.1,,,-20,150,Standard; zinc-plated option for outdoor/weather exposure,"Donghua Chain Group catalog p.490 (official en.dhchain.com PDF), cross-checked vs DIN 8189 reference",,S51,,,,,,,,,,"PKG-02e (Donghua). Catalog-verified from Donghua p.490, cross-checked against the DIN 8189/ISO 487 standard reference table (pitch+tensile matched exactly). S-type = waisted-side-plate agricultural chain. Donghua catalog p.490 also lists many F-suffix and K/A attachment variants (deferred as proprietary). Dedupe vs any existing S-series; CA-type (straight-plate) agricultural chains are a separate family/slice."
AG-S52,Agricultural Conveyor Chains,S52,S52 Steel Agricultural Chain (S-type),DIN 8189 / ISO 487,1.5,38.1,1,Active,catalog-verified,FALSE,"S52 S-type steel agricultural roller chain, 38.1 mm pitch, 17.8 kN minimum tensile. Waisted side-plate design (lighter while retaining strength) for farm machinery — seed drills, harvesters, grain elevators and conveyors. Available zinc-plated and with K1/A1 attachments. Manufactured to DIN 8189 / ISO 487.","agricultural chain, S-type steel chain, farm machinery, harvester, seed drill, grain elevator, conveyor, DIN 8189, ISO 487, waisted side plate",45Mn Steel (heat treated); Zinc-plated option,zinc-plated for weather resistance|K1/A1/A2/K2 attachments|scraper-bar attachments|rubber-plate attachments|R high-tensile variant|H heat-treated variant|solid or hollow pin,0.6,15.24,0.875,22.23,0.226,5.74,0.681,17.3,1.129,1.68,"{""pin_length_mm"": 37.7, ""Lc_mm"": 40.4}",4000,17.8,,,-20,150,Standard; zinc-plated option for outdoor/weather exposure,"Donghua Chain Group catalog p.490 (official en.dhchain.com PDF), cross-checked vs DIN 8189 reference",,S52,,,,,,,,,,"PKG-02e (Donghua). Catalog-verified from Donghua p.490, cross-checked against the DIN 8189/ISO 487 standard reference table (pitch+tensile matched exactly). S-type = waisted-side-plate agricultural chain. Donghua catalog p.490 also lists many F-suffix and K/A attachment variants (deferred as proprietary). Dedupe vs any existing S-series; CA-type (straight-plate) agricultural chains are a separate family/slice."
AG-S55,Agricultural Conveyor Chains,S55,S55 Steel Agricultural Chain (S-type),DIN 8189 / ISO 487,1.63,41.4,1,Active,catalog-verified,FALSE,"S55 S-type steel agricultural roller chain, 41.4 mm pitch, 17.8 kN minimum tensile. Waisted side-plate design (lighter while retaining strength) for farm machinery — seed drills, harvesters, grain elevators and conveyors. Available zinc-plated and with K1/A1 attachments. Manufactured to DIN 8189 / ISO 487.","agricultural chain, S-type steel chain, farm machinery, harvester, seed drill, grain elevator, conveyor, DIN 8189, ISO 487, waisted side plate",45Mn Steel (heat treated); Zinc-plated option,zinc-plated for weather resistance|K1/A1/A2/K2 attachments|scraper-bar attachments|rubber-plate attachments|R high-tensile variant|H heat-treated variant|solid or hollow pin,0.7,17.78,0.875,22.23,0.226,5.74,0.681,17.3,1.210,1.8,"{""pin_length_mm"": 37.7, ""Lc_mm"": 40.4}",4000,17.8,,,-20,150,Standard; zinc-plated option for outdoor/weather exposure,"Donghua Chain Group catalog p.490 (official en.dhchain.com PDF), cross-checked vs DIN 8189 reference",,S55,,,,,,,,,,"PKG-02e (Donghua). Catalog-verified from Donghua p.490, cross-checked against the DIN 8189/ISO 487 standard reference table (pitch+tensile matched exactly). S-type = waisted-side-plate agricultural chain. Donghua catalog p.490 also lists many F-suffix and K/A attachment variants (deferred as proprietary). Dedupe vs any existing S-series; CA-type (straight-plate) agricultural chains are a separate family/slice."
AG-S55R,Agricultural Conveyor Chains,S55R,S55R Steel Agricultural Chain (S-type),DIN 8189 / ISO 487,1.63,41.4,1,Active,catalog-verified,FALSE,"S55R S-type steel agricultural roller chain, 41.4 mm pitch, 44.5 kN minimum tensile. Waisted side-plate design (lighter while retaining strength) for farm machinery — seed drills, harvesters, grain elevators and conveyors. Available zinc-plated and with K1/A1 attachments. Manufactured to DIN 8189 / ISO 487.","agricultural chain, S-type steel chain, farm machinery, harvester, seed drill, grain elevator, conveyor, DIN 8189, ISO 487, waisted side plate",45Mn Steel (heat treated); Zinc-plated option,zinc-plated for weather resistance|K1/A1/A2/K2 attachments|scraper-bar attachments|rubber-plate attachments|R high-tensile variant|H heat-treated variant|solid or hollow pin,0.7,17.78,0.875,22.23,0.35,8.9,0.882,22.4,1.673,2.49,"{""pin_length_mm"": 41.0, ""Lc_mm"": 44.0}",10000,44.5,,,-20,150,Standard; zinc-plated option for outdoor/weather exposure,"Donghua Chain Group catalog p.490 (official en.dhchain.com PDF), cross-checked vs DIN 8189 reference",,S55R,,,,,,,,,,"PKG-02e (Donghua). Catalog-verified from Donghua p.490, cross-checked against the DIN 8189/ISO 487 standard reference table (pitch+tensile matched exactly). S-type = waisted-side-plate agricultural chain. Donghua catalog p.490 also lists many F-suffix and K/A attachment variants (deferred as proprietary). Dedupe vs any existing S-series; CA-type (straight-plate) agricultural chains are a separate family/slice."
AG-S62,Agricultural Conveyor Chains,S62,S62 Steel Agricultural Chain (S-type),DIN 8189 / ISO 487,1.65,41.91,1,Active,catalog-verified,FALSE,"S62 S-type steel agricultural roller chain, 41.91 mm pitch, 26.7 kN minimum tensile. Waisted side-plate design (lighter while retaining strength) for farm machinery — seed drills, harvesters, grain elevators and conveyors. Available zinc-plated and with K1/A1 attachments. Manufactured to DIN 8189 / ISO 487.","agricultural chain, S-type steel chain, farm machinery, harvester, seed drill, grain elevator, conveyor, DIN 8189, ISO 487, waisted side plate",45Mn Steel (heat treated); Zinc-plated option,zinc-plated for weather resistance|K1/A1/A2/K2 attachments|scraper-bar attachments|rubber-plate attachments|R high-tensile variant|H heat-treated variant|solid or hollow pin,0.75,19.05,1,25.4,0.226,5.74,0.681,17.3,1.257,1.87,"{""pin_length_mm"": 41.0, ""Lc_mm"": 44.0}",6000,26.7,,,-20,150,Standard; zinc-plated option for outdoor/weather exposure,"Donghua Chain Group catalog p.490 (official en.dhchain.com PDF), cross-checked vs DIN 8189 reference",,S62,,,,,,,,,,"PKG-02e (Donghua). Catalog-verified from Donghua p.490, cross-checked against the DIN 8189/ISO 487 standard reference table (pitch+tensile matched exactly). S-type = waisted-side-plate agricultural chain. Donghua catalog p.490 also lists many F-suffix and K/A attachment variants (deferred as proprietary). Dedupe vs any existing S-series; CA-type (straight-plate) agricultural chains are a separate family/slice."
AG-S77,Agricultural Conveyor Chains,S77,S77 Steel Agricultural Chain (S-type),DIN 8189 / ISO 487,2.297,58.34,1,Active,catalog-verified,FALSE,"S77 S-type steel agricultural roller chain, 58.34 mm pitch, 44.5 kN minimum tensile. Waisted side-plate design (lighter while retaining strength) for farm machinery — seed drills, harvesters, grain elevators and conveyors. Available zinc-plated and with K1/A1 attachments. Manufactured to DIN 8189 / ISO 487.","agricultural chain, S-type steel chain, farm machinery, harvester, seed drill, grain elevator, conveyor, DIN 8189, ISO 487, waisted side plate",45Mn Steel (heat treated); Zinc-plated option,zinc-plated for weather resistance|K1/A1/A2/K2 attachments|scraper-bar attachments|rubber-plate attachments|R high-tensile variant|H heat-treated variant|solid or hollow pin,0.719,18.26,0.875,22.23,0.351,8.92,1.031,26.2,1.781,2.65,"{""pin_length_mm"": 43.2, ""Lc_mm"": 46.4}",10000,44.5,,,-20,150,Standard; zinc-plated option for outdoor/weather exposure,"Donghua Chain Group catalog p.490 (official en.dhchain.com PDF), cross-checked vs DIN 8189 reference",,S77,,,,,,,,,,"PKG-02e (Donghua). Catalog-verified from Donghua p.490, cross-checked against the DIN 8189/ISO 487 standard reference table (pitch+tensile matched exactly). S-type = waisted-side-plate agricultural chain. Donghua catalog p.490 also lists many F-suffix and K/A attachment variants (deferred as proprietary). Dedupe vs any existing S-series; CA-type (straight-plate) agricultural chains are a separate family/slice."
AG-S88,Agricultural Conveyor Chains,S88,S88 Steel Agricultural Chain (S-type),DIN 8189 / ISO 487,2.609,66.27,1,Active,catalog-verified,FALSE,"S88 S-type steel agricultural roller chain, 66.27 mm pitch, 44.5 kN minimum tensile. Waisted side-plate design (lighter while retaining strength) for farm machinery — seed drills, harvesters, grain elevators and conveyors. Available zinc-plated and with K1/A1 attachments. Manufactured to DIN 8189 / ISO 487.","agricultural chain, S-type steel chain, farm machinery, harvester, seed drill, grain elevator, conveyor, DIN 8189, ISO 487, waisted side plate",45Mn Steel (heat treated); Zinc-plated option,zinc-plated for weather resistance|K1/A1/A2/K2 attachments|scraper-bar attachments|rubber-plate attachments|R high-tensile variant|H heat-treated variant|solid or hollow pin,0.9,22.86,1.125,28.58,0.351,8.92,1.031,26.2,2.184,3.25,"{""pin_length_mm"": 49.8, ""Lc_mm"": 53.0}",10000,44.5,,,-20,150,Standard; zinc-plated option for outdoor/weather exposure,"Donghua Chain Group catalog p.490 (official en.dhchain.com PDF), cross-checked vs DIN 8189 reference",,S88,,,,,,,,,,"PKG-02e (Donghua). Catalog-verified from Donghua p.490, cross-checked against the DIN 8189/ISO 487 standard reference table (pitch+tensile matched exactly). S-type = waisted-side-plate agricultural chain. Donghua catalog p.490 also lists many F-suffix and K/A attachment variants (deferred as proprietary). Dedupe vs any existing S-series; CA-type (straight-plate) agricultural chains are a separate family/slice."
LF-LL0622,Leaf Chains,LL0622,"LL0622 Leaf Chain (LL-series, 2x2 lacing)",ISO 4347 / DIN 8152,0.375,9.525,1,Active,catalog-verified,FALSE,"LL0622 LL-series leaf (plate) chain, 9.525 mm pitch, 2x2 plate lacing, 9.0 kN minimum tensile (11.6 kN average). DIN/ISO European leaf chain for vertical lifting and horizontal traction — forklift masts, balance/counterweight, climbing platforms and drilling rigs. Companion to the LH (BL) and AL leaf series.","leaf chain, LL series, plate chain, lift chain, forklift, mast, balance, vertical lifting, horizontal traction, DIN 8152, ISO 4347",High-strength heat-treated steel; corrosion-resistant surface options,LH (BL) and AL series companions|connecting rings / end joints|double-hole connecting pin|special connectors|corrosion-resistant surface treatment|anti-fatigue high-reliability grade,,,,,0.129,3.28,0.323,8.2,,,"{""plate_lacing"": ""2x2"", ""plate_thickness_mm"": 1.04, ""avg_tensile_kn"": 11.6}",2020,9.0,,,-20,150,Standard; corrosion-resistant surface treatment optional,Donghua Chain Group catalog pp.441-442 (official en.dhchain.com PDF),,LL0622,,,,,,,,,,"PKG-02f (Donghua). Catalog-verified LL-series leaf chain, Donghua catalog pp.441-442. LL = DIN 8152/ISO 4347 European leaf chain, the metric sibling of LH(BL) and AL. tensile_kn = min Q; avg Q0 in extra_dims. Plate height/thickness/pin are the per-pitch base geometry shared across lacings of size 06; inner width n/a for leaf chains (link-plate stacks, no rollers/bushes). 02f complements the 02b leaf equivalents (AL/BL->Donghua LH). Dedupe vs existing LF-* leaf records; cross-link LL<->BL by pitch where applicable."
LF-LL0644,Leaf Chains,LL0644,"LL0644 Leaf Chain (LL-series, 4x4 lacing)",ISO 4347 / DIN 8152,0.375,9.525,1,Active,catalog-verified,FALSE,"LL0644 LL-series leaf (plate) chain, 9.525 mm pitch, 4x4 plate lacing, 18.0 kN minimum tensile (23.0 kN average). DIN/ISO European leaf chain for vertical lifting and horizontal traction — forklift masts, balance/counterweight, climbing platforms and drilling rigs. Companion to the LH (BL) and AL leaf series.","leaf chain, LL series, plate chain, lift chain, forklift, mast, balance, vertical lifting, horizontal traction, DIN 8152, ISO 4347",High-strength heat-treated steel; corrosion-resistant surface options,LH (BL) and AL series companions|connecting rings / end joints|double-hole connecting pin|special connectors|corrosion-resistant surface treatment|anti-fatigue high-reliability grade,,,,,0.129,3.28,0.323,8.2,,,"{""plate_lacing"": ""4x4"", ""plate_thickness_mm"": 1.04, ""avg_tensile_kn"": 23.0}",4050,18.0,,,-20,150,Standard; corrosion-resistant surface treatment optional,Donghua Chain Group catalog pp.441-442 (official en.dhchain.com PDF),,LL0644,,,,,,,,,,"PKG-02f (Donghua). Catalog-verified LL-series leaf chain, Donghua catalog pp.441-442. LL = DIN 8152/ISO 4347 European leaf chain, the metric sibling of LH(BL) and AL. tensile_kn = min Q; avg Q0 in extra_dims. Plate height/thickness/pin are the per-pitch base geometry shared across lacings of size 06; inner width n/a for leaf chains (link-plate stacks, no rollers/bushes). 02f complements the 02b leaf equivalents (AL/BL->Donghua LH). Dedupe vs existing LF-* leaf records; cross-link LL<->BL by pitch where applicable."
LF-LL0666,Leaf Chains,LL0666,"LL0666 Leaf Chain (LL-series, 6x6 lacing)",ISO 4347 / DIN 8152,0.375,9.525,1,Active,catalog-verified,FALSE,"LL0666 LL-series leaf (plate) chain, 9.525 mm pitch, 6x6 plate lacing, 24.9 kN minimum tensile (33.2 kN average). DIN/ISO European leaf chain for vertical lifting and horizontal traction — forklift masts, balance/counterweight, climbing platforms and drilling rigs. Companion to the LH (BL) and AL leaf series.","leaf chain, LL series, plate chain, lift chain, forklift, mast, balance, vertical lifting, horizontal traction, DIN 8152, ISO 4347",High-strength heat-treated steel; corrosion-resistant surface options,LH (BL) and AL series companions|connecting rings / end joints|double-hole connecting pin|special connectors|corrosion-resistant surface treatment|anti-fatigue high-reliability grade,,,,,0.129,3.28,0.323,8.2,,,"{""plate_lacing"": ""6x6"", ""plate_thickness_mm"": 1.04, ""avg_tensile_kn"": 33.2}",5600,24.9,,,-20,150,Standard; corrosion-resistant surface treatment optional,Donghua Chain Group catalog pp.441-442 (official en.dhchain.com PDF),,LL0666,,,,,,,,,,"PKG-02f (Donghua). Catalog-verified LL-series leaf chain, Donghua catalog pp.441-442. LL = DIN 8152/ISO 4347 European leaf chain, the metric sibling of LH(BL) and AL. tensile_kn = min Q; avg Q0 in extra_dims. Plate height/thickness/pin are the per-pitch base geometry shared across lacings of size 06; inner width n/a for leaf chains (link-plate stacks, no rollers/bushes). 02f complements the 02b leaf equivalents (AL/BL->Donghua LH). Dedupe vs existing LF-* leaf records; cross-link LL<->BL by pitch where applicable."
LF-LL0822,Leaf Chains,LL0822,"LL0822 Leaf Chain (LL-series, 2x2 lacing)",ISO 4347 / DIN 8152,0.5,12.7,1,Active,catalog-verified,FALSE,"LL0822 LL-series leaf (plate) chain, 12.7 mm pitch, 2x2 plate lacing, 18.2 kN minimum tensile (25.5 kN average). DIN/ISO European leaf chain for vertical lifting and horizontal traction — forklift masts, balance/counterweight, climbing platforms and drilling rigs. Companion to the LH (BL) and AL leaf series.","leaf chain, LL series, plate chain, lift chain, forklift, mast, balance, vertical lifting, horizontal traction, DIN 8152, ISO 4347",High-strength heat-treated steel; corrosion-resistant surface options,LH (BL) and AL series companions|connecting rings / end joints|double-hole connecting pin|special connectors|corrosion-resistant surface treatment|anti-fatigue high-reliability grade,,,,,0.175,4.45,0.433,11.0,,,"{""plate_lacing"": ""2x2"", ""plate_thickness_mm"": 1.5, ""avg_tensile_kn"": 25.5}",4090,18.2,,,-20,150,Standard; corrosion-resistant surface treatment optional,Donghua Chain Group catalog pp.441-442 (official en.dhchain.com PDF),,LL0822,,,,,,,,,,"PKG-02f (Donghua). Catalog-verified LL-series leaf chain, Donghua catalog pp.441-442. LL = DIN 8152/ISO 4347 European leaf chain, the metric sibling of LH(BL) and AL. tensile_kn = min Q; avg Q0 in extra_dims. Plate height/thickness/pin are the per-pitch base geometry shared across lacings of size 08; inner width n/a for leaf chains (link-plate stacks, no rollers/bushes). 02f complements the 02b leaf equivalents (AL/BL->Donghua LH). Dedupe vs existing LF-* leaf records; cross-link LL<->BL by pitch where applicable."
LF-LL0844,Leaf Chains,LL0844,"LL0844 Leaf Chain (LL-series, 4x4 lacing)",ISO 4347 / DIN 8152,0.5,12.7,1,Active,catalog-verified,FALSE,"LL0844 LL-series leaf (plate) chain, 12.7 mm pitch, 4x4 plate lacing, 36.4 kN minimum tensile (51.0 kN average). DIN/ISO European leaf chain for vertical lifting and horizontal traction — forklift masts, balance/counterweight, climbing platforms and drilling rigs. Companion to the LH (BL) and AL leaf series.","leaf chain, LL series, plate chain, lift chain, forklift, mast, balance, vertical lifting, horizontal traction, DIN 8152, ISO 4347",High-strength heat-treated steel; corrosion-resistant surface options,LH (BL) and AL series companions|connecting rings / end joints|double-hole connecting pin|special connectors|corrosion-resistant surface treatment|anti-fatigue high-reliability grade,,,,,0.175,4.45,0.433,11.0,,,"{""plate_lacing"": ""4x4"", ""plate_thickness_mm"": 1.5, ""avg_tensile_kn"": 51.0}",8180,36.4,,,-20,150,Standard; corrosion-resistant surface treatment optional,Donghua Chain Group catalog pp.441-442 (official en.dhchain.com PDF),,LL0844,,,,,,,,,,"PKG-02f (Donghua). Catalog-verified LL-series leaf chain, Donghua catalog pp.441-442. LL = DIN 8152/ISO 4347 European leaf chain, the metric sibling of LH(BL) and AL. tensile_kn = min Q; avg Q0 in extra_dims. Plate height/thickness/pin are the per-pitch base geometry shared across lacings of size 08; inner width n/a for leaf chains (link-plate stacks, no rollers/bushes). 02f complements the 02b leaf equivalents (AL/BL->Donghua LH). Dedupe vs existing LF-* leaf records; cross-link LL<->BL by pitch where applicable."
LF-LL0866,Leaf Chains,LL0866,"LL0866 Leaf Chain (LL-series, 6x6 lacing)",ISO 4347 / DIN 8152,0.5,12.7,1,Active,catalog-verified,FALSE,"LL0866 LL-series leaf (plate) chain, 12.7 mm pitch, 6x6 plate lacing, 54.6 kN minimum tensile (76.3 kN average). DIN/ISO European leaf chain for vertical lifting and horizontal traction — forklift masts, balance/counterweight, climbing platforms and drilling rigs. Companion to the LH (BL) and AL leaf series.","leaf chain, LL series, plate chain, lift chain, forklift, mast, balance, vertical lifting, horizontal traction, DIN 8152, ISO 4347",High-strength heat-treated steel; corrosion-resistant surface options,LH (BL) and AL series companions|connecting rings / end joints|double-hole connecting pin|special connectors|corrosion-resistant surface treatment|anti-fatigue high-reliability grade,,,,,0.175,4.45,0.433,11.0,,,"{""plate_lacing"": ""6x6"", ""plate_thickness_mm"": 1.5, ""avg_tensile_kn"": 76.3}",12270,54.6,,,-20,150,Standard; corrosion-resistant surface treatment optional,Donghua Chain Group catalog pp.441-442 (official en.dhchain.com PDF),,LL0866,,,,,,,,,,"PKG-02f (Donghua). Catalog-verified LL-series leaf chain, Donghua catalog pp.441-442. LL = DIN 8152/ISO 4347 European leaf chain, the metric sibling of LH(BL) and AL. tensile_kn = min Q; avg Q0 in extra_dims. Plate height/thickness/pin are the per-pitch base geometry shared across lacings of size 08; inner width n/a for leaf chains (link-plate stacks, no rollers/bushes). 02f complements the 02b leaf equivalents (AL/BL->Donghua LH). Dedupe vs existing LF-* leaf records; cross-link LL<->BL by pitch where applicable."
LF-LL0888,Leaf Chains,LL0888,"LL0888 Leaf Chain (LL-series, 8x8 lacing)",ISO 4347 / DIN 8152,0.5,12.7,1,Active,catalog-verified,FALSE,"LL0888 LL-series leaf (plate) chain, 12.7 mm pitch, 8x8 plate lacing, 72.8 kN minimum tensile (101.9 kN average). DIN/ISO European leaf chain for vertical lifting and horizontal traction — forklift masts, balance/counterweight, climbing platforms and drilling rigs. Companion to the LH (BL) and AL leaf series.","leaf chain, LL series, plate chain, lift chain, forklift, mast, balance, vertical lifting, horizontal traction, DIN 8152, ISO 4347",High-strength heat-treated steel; corrosion-resistant surface options,LH (BL) and AL series companions|connecting rings / end joints|double-hole connecting pin|special connectors|corrosion-resistant surface treatment|anti-fatigue high-reliability grade,,,,,0.175,4.45,0.433,11.0,,,"{""plate_lacing"": ""8x8"", ""plate_thickness_mm"": 1.5, ""avg_tensile_kn"": 101.9}",16370,72.8,,,-20,150,Standard; corrosion-resistant surface treatment optional,Donghua Chain Group catalog pp.441-442 (official en.dhchain.com PDF),,LL0888,,,,,,,,,,"PKG-02f (Donghua). Catalog-verified LL-series leaf chain, Donghua catalog pp.441-442. LL = DIN 8152/ISO 4347 European leaf chain, the metric sibling of LH(BL) and AL. tensile_kn = min Q; avg Q0 in extra_dims. Plate height/thickness/pin are the per-pitch base geometry shared across lacings of size 08; inner width n/a for leaf chains (link-plate stacks, no rollers/bushes). 02f complements the 02b leaf equivalents (AL/BL->Donghua LH). Dedupe vs existing LF-* leaf records; cross-link LL<->BL by pitch where applicable."
LF-LL1022,Leaf Chains,LL1022,"LL1022 Leaf Chain (LL-series, 2x2 lacing)",ISO 4347 / DIN 8152,0.625,15.875,1,Active,catalog-verified,FALSE,"LL1022 LL-series leaf (plate) chain, 15.875 mm pitch, 2x2 plate lacing, 22.7 kN minimum tensile (33.2 kN average). DIN/ISO European leaf chain for vertical lifting and horizontal traction — forklift masts, balance/counterweight, climbing platforms and drilling rigs. Companion to the LH (BL) and AL leaf series.","leaf chain, LL series, plate chain, lift chain, forklift, mast, balance, vertical lifting, horizontal traction, DIN 8152, ISO 4347",High-strength heat-treated steel; corrosion-resistant surface options,LH (BL) and AL series companions|connecting rings / end joints|double-hole connecting pin|special connectors|corrosion-resistant surface treatment|anti-fatigue high-reliability grade,,,,,0.2,5.08,0.539,13.7,,,"{""plate_lacing"": ""2x2"", ""plate_thickness_mm"": 1.5, ""avg_tensile_kn"": 33.2}",5100,22.7,,,-20,150,Standard; corrosion-resistant surface treatment optional,Donghua Chain Group catalog pp.441-442 (official en.dhchain.com PDF),,LL1022,,,,,,,,,,"PKG-02f (Donghua). Catalog-verified LL-series leaf chain, Donghua catalog pp.441-442. LL = DIN 8152/ISO 4347 European leaf chain, the metric sibling of LH(BL) and AL. tensile_kn = min Q; avg Q0 in extra_dims. Plate height/thickness/pin are the per-pitch base geometry shared across lacings of size 10; inner width n/a for leaf chains (link-plate stacks, no rollers/bushes). 02f complements the 02b leaf equivalents (AL/BL->Donghua LH). Dedupe vs existing LF-* leaf records; cross-link LL<->BL by pitch where applicable."
LF-LL1044,Leaf Chains,LL1044,"LL1044 Leaf Chain (LL-series, 4x4 lacing)",ISO 4347 / DIN 8152,0.625,15.875,1,Active,catalog-verified,FALSE,"LL1044 LL-series leaf (plate) chain, 15.875 mm pitch, 4x4 plate lacing, 45.4 kN minimum tensile (66.4 kN average). DIN/ISO European leaf chain for vertical lifting and horizontal traction — forklift masts, balance/counterweight, climbing platforms and drilling rigs. Companion to the LH (BL) and AL leaf series.","leaf chain, LL series, plate chain, lift chain, forklift, mast, balance, vertical lifting, horizontal traction, DIN 8152, ISO 4347",High-strength heat-treated steel; corrosion-resistant surface options,LH (BL) and AL series companions|connecting rings / end joints|double-hole connecting pin|special connectors|corrosion-resistant surface treatment|anti-fatigue high-reliability grade,,,,,0.2,5.08,0.539,13.7,,,"{""plate_lacing"": ""4x4"", ""plate_thickness_mm"": 1.5, ""avg_tensile_kn"": 66.4}",10210,45.4,,,-20,150,Standard; corrosion-resistant surface treatment optional,Donghua Chain Group catalog pp.441-442 (official en.dhchain.com PDF),,LL1044,,,,,,,,,,"PKG-02f (Donghua). Catalog-verified LL-series leaf chain, Donghua catalog pp.441-442. LL = DIN 8152/ISO 4347 European leaf chain, the metric sibling of LH(BL) and AL. tensile_kn = min Q; avg Q0 in extra_dims. Plate height/thickness/pin are the per-pitch base geometry shared across lacings of size 10; inner width n/a for leaf chains (link-plate stacks, no rollers/bushes). 02f complements the 02b leaf equivalents (AL/BL->Donghua LH). Dedupe vs existing LF-* leaf records; cross-link LL<->BL by pitch where applicable."
LF-LL1066,Leaf Chains,LL1066,"LL1066 Leaf Chain (LL-series, 6x6 lacing)",ISO 4347 / DIN 8152,0.625,15.875,1,Active,catalog-verified,FALSE,"LL1066 LL-series leaf (plate) chain, 15.875 mm pitch, 6x6 plate lacing, 68.1 kN minimum tensile (99.7 kN average). DIN/ISO European leaf chain for vertical lifting and horizontal traction — forklift masts, balance/counterweight, climbing platforms and drilling rigs. Companion to the LH (BL) and AL leaf series.","leaf chain, LL series, plate chain, lift chain, forklift, mast, balance, vertical lifting, horizontal traction, DIN 8152, ISO 4347",High-strength heat-treated steel; corrosion-resistant surface options,LH (BL) and AL series companions|connecting rings / end joints|double-hole connecting pin|special connectors|corrosion-resistant surface treatment|anti-fatigue high-reliability grade,,,,,0.2,5.08,0.539,13.7,,,"{""plate_lacing"": ""6x6"", ""plate_thickness_mm"": 1.5, ""avg_tensile_kn"": 99.7}",15310,68.1,,,-20,150,Standard; corrosion-resistant surface treatment optional,Donghua Chain Group catalog pp.441-442 (official en.dhchain.com PDF),,LL1066,,,,,,,,,,"PKG-02f (Donghua). Catalog-verified LL-series leaf chain, Donghua catalog pp.441-442. LL = DIN 8152/ISO 4347 European leaf chain, the metric sibling of LH(BL) and AL. tensile_kn = min Q; avg Q0 in extra_dims. Plate height/thickness/pin are the per-pitch base geometry shared across lacings of size 10; inner width n/a for leaf chains (link-plate stacks, no rollers/bushes). 02f complements the 02b leaf equivalents (AL/BL->Donghua LH). Dedupe vs existing LF-* leaf records; cross-link LL<->BL by pitch where applicable."
LF-LL1088,Leaf Chains,LL1088,"LL1088 Leaf Chain (LL-series, 8x8 lacing)",ISO 4347 / DIN 8152,0.625,15.875,1,Active,catalog-verified,FALSE,"LL1088 LL-series leaf (plate) chain, 15.875 mm pitch, 8x8 plate lacing, 90.8 kN minimum tensile (132.9 kN average). DIN/ISO European leaf chain for vertical lifting and horizontal traction — forklift masts, balance/counterweight, climbing platforms and drilling rigs. Companion to the LH (BL) and AL leaf series.","leaf chain, LL series, plate chain, lift chain, forklift, mast, balance, vertical lifting, horizontal traction, DIN 8152, ISO 4347",High-strength heat-treated steel; corrosion-resistant surface options,LH (BL) and AL series companions|connecting rings / end joints|double-hole connecting pin|special connectors|corrosion-resistant surface treatment|anti-fatigue high-reliability grade,,,,,0.2,5.08,0.539,13.7,,,"{""plate_lacing"": ""8x8"", ""plate_thickness_mm"": 1.5, ""avg_tensile_kn"": 132.9}",20410,90.8,,,-20,150,Standard; corrosion-resistant surface treatment optional,Donghua Chain Group catalog pp.441-442 (official en.dhchain.com PDF),,LL1088,,,,,,,,,,"PKG-02f (Donghua). Catalog-verified LL-series leaf chain, Donghua catalog pp.441-442. LL = DIN 8152/ISO 4347 European leaf chain, the metric sibling of LH(BL) and AL. tensile_kn = min Q; avg Q0 in extra_dims. Plate height/thickness/pin are the per-pitch base geometry shared across lacings of size 10; inner width n/a for leaf chains (link-plate stacks, no rollers/bushes). 02f complements the 02b leaf equivalents (AL/BL->Donghua LH). Dedupe vs existing LF-* leaf records; cross-link LL<->BL by pitch where applicable."
LF-LL1222,Leaf Chains,LL1222,"LL1222 Leaf Chain (LL-series, 2x2 lacing)",ISO 4347 / DIN 8152,0.75,19.05,1,Active,catalog-verified,FALSE,"LL1222 LL-series leaf (plate) chain, 19.05 mm pitch, 2x2 plate lacing, 29.5 kN minimum tensile (34.8 kN average). DIN/ISO European leaf chain for vertical lifting and horizontal traction — forklift masts, balance/counterweight, climbing platforms and drilling rigs. Companion to the LH (BL) and AL leaf series.","leaf chain, LL series, plate chain, lift chain, forklift, mast, balance, vertical lifting, horizontal traction, DIN 8152, ISO 4347",High-strength heat-treated steel; corrosion-resistant surface options,LH (BL) and AL series companions|connecting rings / end joints|double-hole connecting pin|special connectors|corrosion-resistant surface treatment|anti-fatigue high-reliability grade,,,,,0.225,5.72,0.571,14.5,,,"{""plate_lacing"": ""2x2"", ""plate_thickness_mm"": 3.0, ""avg_tensile_kn"": 34.8}",6630,29.5,,,-20,150,Standard; corrosion-resistant surface treatment optional,Donghua Chain Group catalog pp.441-442 (official en.dhchain.com PDF),,LL1222,,,,,,,,,,"PKG-02f (Donghua). Catalog-verified LL-series leaf chain, Donghua catalog pp.441-442. LL = DIN 8152/ISO 4347 European leaf chain, the metric sibling of LH(BL) and AL. tensile_kn = min Q; avg Q0 in extra_dims. Plate height/thickness/pin are the per-pitch base geometry shared across lacings of size 12; inner width n/a for leaf chains (link-plate stacks, no rollers/bushes). 02f complements the 02b leaf equivalents (AL/BL->Donghua LH). Dedupe vs existing LF-* leaf records; cross-link LL<->BL by pitch where applicable."
LF-LL1244,Leaf Chains,LL1244,"LL1244 Leaf Chain (LL-series, 4x4 lacing)",ISO 4347 / DIN 8152,0.75,19.05,1,Active,catalog-verified,FALSE,"LL1244 LL-series leaf (plate) chain, 19.05 mm pitch, 4x4 plate lacing, 59.0 kN minimum tensile (60.6 kN average). DIN/ISO European leaf chain for vertical lifting and horizontal traction — forklift masts, balance/counterweight, climbing platforms and drilling rigs. Companion to the LH (BL) and AL leaf series.","leaf chain, LL series, plate chain, lift chain, forklift, mast, balance, vertical lifting, horizontal traction, DIN 8152, ISO 4347",High-strength heat-treated steel; corrosion-resistant surface options,LH (BL) and AL series companions|connecting rings / end joints|double-hole connecting pin|special connectors|corrosion-resistant surface treatment|anti-fatigue high-reliability grade,,,,,0.225,5.72,0.571,14.5,,,"{""plate_lacing"": ""4x4"", ""plate_thickness_mm"": 3.0, ""avg_tensile_kn"": 60.6}",13260,59.0,,,-20,150,Standard; corrosion-resistant surface treatment optional,Donghua Chain Group catalog pp.441-442 (official en.dhchain.com PDF),,LL1244,,,,,,,,,,"PKG-02f (Donghua). Catalog-verified LL-series leaf chain, Donghua catalog pp.441-442. LL = DIN 8152/ISO 4347 European leaf chain, the metric sibling of LH(BL) and AL. tensile_kn = min Q; avg Q0 in extra_dims. Plate height/thickness/pin are the per-pitch base geometry shared across lacings of size 12; inner width n/a for leaf chains (link-plate stacks, no rollers/bushes). 02f complements the 02b leaf equivalents (AL/BL->Donghua LH). Dedupe vs existing LF-* leaf records; cross-link LL<->BL by pitch where applicable."
LF-LL1266,Leaf Chains,LL1266,"LL1266 Leaf Chain (LL-series, 6x6 lacing)",ISO 4347 / DIN 8152,0.75,19.05,1,Active,catalog-verified,FALSE,"LL1266 LL-series leaf (plate) chain, 19.05 mm pitch, 6x6 plate lacing, 88.5 kN minimum tensile (86.4 kN average). DIN/ISO European leaf chain for vertical lifting and horizontal traction — forklift masts, balance/counterweight, climbing platforms and drilling rigs. Companion to the LH (BL) and AL leaf series.","leaf chain, LL series, plate chain, lift chain, forklift, mast, balance, vertical lifting, horizontal traction, DIN 8152, ISO 4347",High-strength heat-treated steel; corrosion-resistant surface options,LH (BL) and AL series companions|connecting rings / end joints|double-hole connecting pin|special connectors|corrosion-resistant surface treatment|anti-fatigue high-reliability grade,,,,,0.225,5.72,0.571,14.5,,,"{""plate_lacing"": ""6x6"", ""plate_thickness_mm"": 3.0, ""avg_tensile_kn"": 86.4}",19900,88.5,,,-20,150,Standard; corrosion-resistant surface treatment optional,Donghua Chain Group catalog pp.441-442 (official en.dhchain.com PDF),,LL1266,,,,,,,,,,"PKG-02f (Donghua). Catalog-verified LL-series leaf chain, Donghua catalog pp.441-442. LL = DIN 8152/ISO 4347 European leaf chain, the metric sibling of LH(BL) and AL. tensile_kn = min Q; avg Q0 in extra_dims. Plate height/thickness/pin are the per-pitch base geometry shared across lacings of size 12; inner width n/a for leaf chains (link-plate stacks, no rollers/bushes). 02f complements the 02b leaf equivalents (AL/BL->Donghua LH). Dedupe vs existing LF-* leaf records; cross-link LL<->BL by pitch where applicable."
LF-LL1288,Leaf Chains,LL1288,"LL1288 Leaf Chain (LL-series, 8x8 lacing)",ISO 4347 / DIN 8152,0.75,19.05,1,Active,catalog-verified,FALSE,"LL1288 LL-series leaf (plate) chain, 19.05 mm pitch, 8x8 plate lacing, 118.0 kN minimum tensile (112.2 kN average). DIN/ISO European leaf chain for vertical lifting and horizontal traction — forklift masts, balance/counterweight, climbing platforms and drilling rigs. Companion to the LH (BL) and AL leaf series.","leaf chain, LL series, plate chain, lift chain, forklift, mast, balance, vertical lifting, horizontal traction, DIN 8152, ISO 4347",High-strength heat-treated steel; corrosion-resistant surface options,LH (BL) and AL series companions|connecting rings / end joints|double-hole connecting pin|special connectors|corrosion-resistant surface treatment|anti-fatigue high-reliability grade,,,,,0.225,5.72,0.571,14.5,,,"{""plate_lacing"": ""8x8"", ""plate_thickness_mm"": 3.0, ""avg_tensile_kn"": 112.2}",26530,118.0,,,-20,150,Standard; corrosion-resistant surface treatment optional,Donghua Chain Group catalog pp.441-442 (official en.dhchain.com PDF),,LL1288,,,,,,,,,,"PKG-02f (Donghua). Catalog-verified LL-series leaf chain, Donghua catalog pp.441-442. LL = DIN 8152/ISO 4347 European leaf chain, the metric sibling of LH(BL) and AL. tensile_kn = min Q; avg Q0 in extra_dims. Plate height/thickness/pin are the per-pitch base geometry shared across lacings of size 12; inner width n/a for leaf chains (link-plate stacks, no rollers/bushes). 02f complements the 02b leaf equivalents (AL/BL->Donghua LH). Dedupe vs existing LF-* leaf records; cross-link LL<->BL by pitch where applicable."
LF-LL1622,Leaf Chains,LL1622,"LL1622 Leaf Chain (LL-series, 2x2 lacing)",ISO 4347 / DIN 8152,1,25.4,1,Active,catalog-verified,FALSE,"LL1622 LL-series leaf (plate) chain, 25.4 mm pitch, 2x2 plate lacing, 58.0 kN minimum tensile (76.3 kN average). DIN/ISO European leaf chain for vertical lifting and horizontal traction — forklift masts, balance/counterweight, climbing platforms and drilling rigs. Companion to the LH (BL) and AL leaf series.","leaf chain, LL series, plate chain, lift chain, forklift, mast, balance, vertical lifting, horizontal traction, DIN 8152, ISO 4347",High-strength heat-treated steel; corrosion-resistant surface options,LH (BL) and AL series companions|connecting rings / end joints|double-hole connecting pin|special connectors|corrosion-resistant surface treatment|anti-fatigue high-reliability grade,,,,,0.326,8.28,0.827,21.0,,,"{""plate_lacing"": ""2x2"", ""plate_thickness_mm"": 3.1, ""avg_tensile_kn"": 76.3}",13040,58.0,,,-20,150,Standard; corrosion-resistant surface treatment optional,Donghua Chain Group catalog pp.441-442 (official en.dhchain.com PDF),,LL1622,,,,,,,,,,"PKG-02f (Donghua). Catalog-verified LL-series leaf chain, Donghua catalog pp.441-442. LL = DIN 8152/ISO 4347 European leaf chain, the metric sibling of LH(BL) and AL. tensile_kn = min Q; avg Q0 in extra_dims. Plate height/thickness/pin are the per-pitch base geometry shared across lacings of size 16; inner width n/a for leaf chains (link-plate stacks, no rollers/bushes). 02f complements the 02b leaf equivalents (AL/BL->Donghua LH). Dedupe vs existing LF-* leaf records; cross-link LL<->BL by pitch where applicable."
LF-LL1644,Leaf Chains,LL1644,"LL1644 Leaf Chain (LL-series, 4x4 lacing)",ISO 4347 / DIN 8152,1,25.4,1,Active,catalog-verified,FALSE,"LL1644 LL-series leaf (plate) chain, 25.4 mm pitch, 4x4 plate lacing, 116.0 kN minimum tensile (152.6 kN average). DIN/ISO European leaf chain for vertical lifting and horizontal traction — forklift masts, balance/counterweight, climbing platforms and drilling rigs. Companion to the LH (BL) and AL leaf series.","leaf chain, LL series, plate chain, lift chain, forklift, mast, balance, vertical lifting, horizontal traction, DIN 8152, ISO 4347",High-strength heat-treated steel; corrosion-resistant surface options,LH (BL) and AL series companions|connecting rings / end joints|double-hole connecting pin|special connectors|corrosion-resistant surface treatment|anti-fatigue high-reliability grade,,,,,0.326,8.28,0.827,21.0,,,"{""plate_lacing"": ""4x4"", ""plate_thickness_mm"": 3.1, ""avg_tensile_kn"": 152.6}",26080,116.0,,,-20,150,Standard; corrosion-resistant surface treatment optional,Donghua Chain Group catalog pp.441-442 (official en.dhchain.com PDF),,LL1644,,,,,,,,,,"PKG-02f (Donghua). Catalog-verified LL-series leaf chain, Donghua catalog pp.441-442. LL = DIN 8152/ISO 4347 European leaf chain, the metric sibling of LH(BL) and AL. tensile_kn = min Q; avg Q0 in extra_dims. Plate height/thickness/pin are the per-pitch base geometry shared across lacings of size 16; inner width n/a for leaf chains (link-plate stacks, no rollers/bushes). 02f complements the 02b leaf equivalents (AL/BL->Donghua LH). Dedupe vs existing LF-* leaf records; cross-link LL<->BL by pitch where applicable."
LF-LL1666,Leaf Chains,LL1666,"LL1666 Leaf Chain (LL-series, 6x6 lacing)",ISO 4347 / DIN 8152,1,25.4,1,Active,catalog-verified,FALSE,"LL1666 LL-series leaf (plate) chain, 25.4 mm pitch, 6x6 plate lacing, 174.0 kN minimum tensile (228.9 kN average). DIN/ISO European leaf chain for vertical lifting and horizontal traction — forklift masts, balance/counterweight, climbing platforms and drilling rigs. Companion to the LH (BL) and AL leaf series.","leaf chain, LL series, plate chain, lift chain, forklift, mast, balance, vertical lifting, horizontal traction, DIN 8152, ISO 4347",High-strength heat-treated steel; corrosion-resistant surface options,LH (BL) and AL series companions|connecting rings / end joints|double-hole connecting pin|special connectors|corrosion-resistant surface treatment|anti-fatigue high-reliability grade,,,,,0.326,8.28,0.827,21.0,,,"{""plate_lacing"": ""6x6"", ""plate_thickness_mm"": 3.1, ""avg_tensile_kn"": 228.9}",39120,174.0,,,-20,150,Standard; corrosion-resistant surface treatment optional,Donghua Chain Group catalog pp.441-442 (official en.dhchain.com PDF),,LL1666,,,,,,,,,,"PKG-02f (Donghua). Catalog-verified LL-series leaf chain, Donghua catalog pp.441-442. LL = DIN 8152/ISO 4347 European leaf chain, the metric sibling of LH(BL) and AL. tensile_kn = min Q; avg Q0 in extra_dims. Plate height/thickness/pin are the per-pitch base geometry shared across lacings of size 16; inner width n/a for leaf chains (link-plate stacks, no rollers/bushes). 02f complements the 02b leaf equivalents (AL/BL->Donghua LH). Dedupe vs existing LF-* leaf records; cross-link LL<->BL by pitch where applicable."
LF-LL1688,Leaf Chains,LL1688,"LL1688 Leaf Chain (LL-series, 8x8 lacing)",ISO 4347 / DIN 8152,1,25.4,1,Active,catalog-verified,FALSE,"LL1688 LL-series leaf (plate) chain, 25.4 mm pitch, 8x8 plate lacing, 232.0 kN minimum tensile (305.2 kN average). DIN/ISO European leaf chain for vertical lifting and horizontal traction — forklift masts, balance/counterweight, climbing platforms and drilling rigs. Companion to the LH (BL) and AL leaf series.","leaf chain, LL series, plate chain, lift chain, forklift, mast, balance, vertical lifting, horizontal traction, DIN 8152, ISO 4347",High-strength heat-treated steel; corrosion-resistant surface options,LH (BL) and AL series companions|connecting rings / end joints|double-hole connecting pin|special connectors|corrosion-resistant surface treatment|anti-fatigue high-reliability grade,,,,,0.326,8.28,0.827,21.0,,,"{""plate_lacing"": ""8x8"", ""plate_thickness_mm"": 3.1, ""avg_tensile_kn"": 305.2}",52160,232.0,,,-20,150,Standard; corrosion-resistant surface treatment optional,Donghua Chain Group catalog pp.441-442 (official en.dhchain.com PDF),,LL1688,,,,,,,,,,"PKG-02f (Donghua). Catalog-verified LL-series leaf chain, Donghua catalog pp.441-442. LL = DIN 8152/ISO 4347 European leaf chain, the metric sibling of LH(BL) and AL. tensile_kn = min Q; avg Q0 in extra_dims. Plate height/thickness/pin are the per-pitch base geometry shared across lacings of size 16; inner width n/a for leaf chains (link-plate stacks, no rollers/bushes). 02f complements the 02b leaf equivalents (AL/BL->Donghua LH). Dedupe vs existing LF-* leaf records; cross-link LL<->BL by pitch where applicable."
LF-LL2022,Leaf Chains,LL2022,"LL2022 Leaf Chain (LL-series, 2x2 lacing)",ISO 4347 / DIN 8152,1.25,31.75,1,Active,catalog-verified,FALSE,"LL2022 LL-series leaf (plate) chain, 31.75 mm pitch, 2x2 plate lacing, 95.0 kN minimum tensile (109.2 kN average). DIN/ISO European leaf chain for vertical lifting and horizontal traction — forklift masts, balance/counterweight, climbing platforms and drilling rigs. Companion to the LH (BL) and AL leaf series.","leaf chain, LL series, plate chain, lift chain, forklift, mast, balance, vertical lifting, horizontal traction, DIN 8152, ISO 4347",High-strength heat-treated steel; corrosion-resistant surface options,LH (BL) and AL series companions|connecting rings / end joints|double-hole connecting pin|special connectors|corrosion-resistant surface treatment|anti-fatigue high-reliability grade,,,,,0.326,8.28,1.039,26.4,,,"{""plate_lacing"": ""2x2"", ""plate_thickness_mm"": 3.1, ""avg_tensile_kn"": 109.2}",21360,95.0,,,-20,150,Standard; corrosion-resistant surface treatment optional,Donghua Chain Group catalog pp.441-442 (official en.dhchain.com PDF),,LL2022,,,,,,,,,,"PKG-02f (Donghua). Catalog-verified LL-series leaf chain, Donghua catalog pp.441-442. LL = DIN 8152/ISO 4347 European leaf chain, the metric sibling of LH(BL) and AL. tensile_kn = min Q; avg Q0 in extra_dims. Plate height/thickness/pin are the per-pitch base geometry shared across lacings of size 20; inner width n/a for leaf chains (link-plate stacks, no rollers/bushes). 02f complements the 02b leaf equivalents (AL/BL->Donghua LH). Dedupe vs existing LF-* leaf records; cross-link LL<->BL by pitch where applicable."
LF-LL2044,Leaf Chains,LL2044,"LL2044 Leaf Chain (LL-series, 4x4 lacing)",ISO 4347 / DIN 8152,1.25,31.75,1,Active,catalog-verified,FALSE,"LL2044 LL-series leaf (plate) chain, 31.75 mm pitch, 4x4 plate lacing, 190.0 kN minimum tensile (218.5 kN average). DIN/ISO European leaf chain for vertical lifting and horizontal traction — forklift masts, balance/counterweight, climbing platforms and drilling rigs. Companion to the LH (BL) and AL leaf series.","leaf chain, LL series, plate chain, lift chain, forklift, mast, balance, vertical lifting, horizontal traction, DIN 8152, ISO 4347",High-strength heat-treated steel; corrosion-resistant surface options,LH (BL) and AL series companions|connecting rings / end joints|double-hole connecting pin|special connectors|corrosion-resistant surface treatment|anti-fatigue high-reliability grade,,,,,0.326,8.28,1.039,26.4,,,"{""plate_lacing"": ""4x4"", ""plate_thickness_mm"": 3.1, ""avg_tensile_kn"": 218.5}",42710,190.0,,,-20,150,Standard; corrosion-resistant surface treatment optional,Donghua Chain Group catalog pp.441-442 (official en.dhchain.com PDF),,LL2044,,,,,,,,,,"PKG-02f (Donghua). Catalog-verified LL-series leaf chain, Donghua catalog pp.441-442. LL = DIN 8152/ISO 4347 European leaf chain, the metric sibling of LH(BL) and AL. tensile_kn = min Q; avg Q0 in extra_dims. Plate height/thickness/pin are the per-pitch base geometry shared across lacings of size 20; inner width n/a for leaf chains (link-plate stacks, no rollers/bushes). 02f complements the 02b leaf equivalents (AL/BL->Donghua LH). Dedupe vs existing LF-* leaf records; cross-link LL<->BL by pitch where applicable."
LF-LL2066,Leaf Chains,LL2066,"LL2066 Leaf Chain (LL-series, 6x6 lacing)",ISO 4347 / DIN 8152,1.25,31.75,1,Active,catalog-verified,FALSE,"LL2066 LL-series leaf (plate) chain, 31.75 mm pitch, 6x6 plate lacing, 285.0 kN minimum tensile (324.6 kN average). DIN/ISO European leaf chain for vertical lifting and horizontal traction — forklift masts, balance/counterweight, climbing platforms and drilling rigs. Companion to the LH (BL) and AL leaf series.","leaf chain, LL series, plate chain, lift chain, forklift, mast, balance, vertical lifting, horizontal traction, DIN 8152, ISO 4347",High-strength heat-treated steel; corrosion-resistant surface options,LH (BL) and AL series companions|connecting rings / end joints|double-hole connecting pin|special connectors|corrosion-resistant surface treatment|anti-fatigue high-reliability grade,,,,,0.326,8.28,1.039,26.4,,,"{""plate_lacing"": ""6x6"", ""plate_thickness_mm"": 3.1, ""avg_tensile_kn"": 324.6}",64070,285.0,,,-20,150,Standard; corrosion-resistant surface treatment optional,Donghua Chain Group catalog pp.441-442 (official en.dhchain.com PDF),,LL2066,,,,,,,,,,"PKG-02f (Donghua). Catalog-verified LL-series leaf chain, Donghua catalog pp.441-442. LL = DIN 8152/ISO 4347 European leaf chain, the metric sibling of LH(BL) and AL. tensile_kn = min Q; avg Q0 in extra_dims. Plate height/thickness/pin are the per-pitch base geometry shared across lacings of size 20; inner width n/a for leaf chains (link-plate stacks, no rollers/bushes). 02f complements the 02b leaf equivalents (AL/BL->Donghua LH). Dedupe vs existing LF-* leaf records; cross-link LL<->BL by pitch where applicable."
LF-LL2088,Leaf Chains,LL2088,"LL2088 Leaf Chain (LL-series, 8x8 lacing)",ISO 4347 / DIN 8152,1.25,31.75,1,Active,catalog-verified,FALSE,"LL2088 LL-series leaf (plate) chain, 31.75 mm pitch, 8x8 plate lacing, 380.0 kN minimum tensile (435.1 kN average). DIN/ISO European leaf chain for vertical lifting and horizontal traction — forklift masts, balance/counterweight, climbing platforms and drilling rigs. Companion to the LH (BL) and AL leaf series.","leaf chain, LL series, plate chain, lift chain, forklift, mast, balance, vertical lifting, horizontal traction, DIN 8152, ISO 4347",High-strength heat-treated steel; corrosion-resistant surface options,LH (BL) and AL series companions|connecting rings / end joints|double-hole connecting pin|special connectors|corrosion-resistant surface treatment|anti-fatigue high-reliability grade,,,,,0.326,8.28,1.039,26.4,,,"{""plate_lacing"": ""8x8"", ""plate_thickness_mm"": 3.1, ""avg_tensile_kn"": 435.1}",85430,380.0,,,-20,150,Standard; corrosion-resistant surface treatment optional,Donghua Chain Group catalog pp.441-442 (official en.dhchain.com PDF),,LL2088,,,,,,,,,,"PKG-02f (Donghua). Catalog-verified LL-series leaf chain, Donghua catalog pp.441-442. LL = DIN 8152/ISO 4347 European leaf chain, the metric sibling of LH(BL) and AL. tensile_kn = min Q; avg Q0 in extra_dims. Plate height/thickness/pin are the per-pitch base geometry shared across lacings of size 20; inner width n/a for leaf chains (link-plate stacks, no rollers/bushes). 02f complements the 02b leaf equivalents (AL/BL->Donghua LH). Dedupe vs existing LF-* leaf records; cross-link LL<->BL by pitch where applicable."
LF-LL2422,Leaf Chains,LL2422,"LL2422 Leaf Chain (LL-series, 2x2 lacing)",ISO 4347 / DIN 8152,1.5,38.1,1,Active,catalog-verified,FALSE,"LL2422 LL-series leaf (plate) chain, 38.1 mm pitch, 2x2 plate lacing, 170.0 kN minimum tensile (195.5 kN average). DIN/ISO European leaf chain for vertical lifting and horizontal traction — forklift masts, balance/counterweight, climbing platforms and drilling rigs. Companion to the LH (BL) and AL leaf series.","leaf chain, LL series, plate chain, lift chain, forklift, mast, balance, vertical lifting, horizontal traction, DIN 8152, ISO 4347",High-strength heat-treated steel; corrosion-resistant surface options,LH (BL) and AL series companions|connecting rings / end joints|double-hole connecting pin|special connectors|corrosion-resistant surface treatment|anti-fatigue high-reliability grade,,,,,0.401,10.19,1.315,33.4,,,"{""plate_lacing"": ""2x2"", ""plate_thickness_mm"": 3.7, ""avg_tensile_kn"": 195.5}",38220,170.0,,,-20,150,Standard; corrosion-resistant surface treatment optional,Donghua Chain Group catalog pp.441-442 (official en.dhchain.com PDF),,LL2422,,,,,,,,,,"PKG-02f (Donghua). Catalog-verified LL-series leaf chain, Donghua catalog pp.441-442. LL = DIN 8152/ISO 4347 European leaf chain, the metric sibling of LH(BL) and AL. tensile_kn = min Q; avg Q0 in extra_dims. Plate height/thickness/pin are the per-pitch base geometry shared across lacings of size 24; inner width n/a for leaf chains (link-plate stacks, no rollers/bushes). 02f complements the 02b leaf equivalents (AL/BL->Donghua LH). Dedupe vs existing LF-* leaf records; cross-link LL<->BL by pitch where applicable."
LF-LL2444,Leaf Chains,LL2444,"LL2444 Leaf Chain (LL-series, 4x4 lacing)",ISO 4347 / DIN 8152,1.5,38.1,1,Active,catalog-verified,FALSE,"LL2444 LL-series leaf (plate) chain, 38.1 mm pitch, 4x4 plate lacing, 340.0 kN minimum tensile (380.8 kN average). DIN/ISO European leaf chain for vertical lifting and horizontal traction — forklift masts, balance/counterweight, climbing platforms and drilling rigs. Companion to the LH (BL) and AL leaf series.","leaf chain, LL series, plate chain, lift chain, forklift, mast, balance, vertical lifting, horizontal traction, DIN 8152, ISO 4347",High-strength heat-treated steel; corrosion-resistant surface options,LH (BL) and AL series companions|connecting rings / end joints|double-hole connecting pin|special connectors|corrosion-resistant surface treatment|anti-fatigue high-reliability grade,,,,,0.401,10.19,1.315,33.4,,,"{""plate_lacing"": ""4x4"", ""plate_thickness_mm"": 3.7, ""avg_tensile_kn"": 380.8}",76440,340.0,,,-20,150,Standard; corrosion-resistant surface treatment optional,Donghua Chain Group catalog pp.441-442 (official en.dhchain.com PDF),,LL2444,,,,,,,,,,"PKG-02f (Donghua). Catalog-verified LL-series leaf chain, Donghua catalog pp.441-442. LL = DIN 8152/ISO 4347 European leaf chain, the metric sibling of LH(BL) and AL. tensile_kn = min Q; avg Q0 in extra_dims. Plate height/thickness/pin are the per-pitch base geometry shared across lacings of size 24; inner width n/a for leaf chains (link-plate stacks, no rollers/bushes). 02f complements the 02b leaf equivalents (AL/BL->Donghua LH). Dedupe vs existing LF-* leaf records; cross-link LL<->BL by pitch where applicable."
LF-LL2466,Leaf Chains,LL2466,"LL2466 Leaf Chain (LL-series, 6x6 lacing)",ISO 4347 / DIN 8152,1.5,38.1,1,Active,catalog-verified,FALSE,"LL2466 LL-series leaf (plate) chain, 38.1 mm pitch, 6x6 plate lacing, 510.0 kN minimum tensile (571.2 kN average). DIN/ISO European leaf chain for vertical lifting and horizontal traction — forklift masts, balance/counterweight, climbing platforms and drilling rigs. Companion to the LH (BL) and AL leaf series.","leaf chain, LL series, plate chain, lift chain, forklift, mast, balance, vertical lifting, horizontal traction, DIN 8152, ISO 4347",High-strength heat-treated steel; corrosion-resistant surface options,LH (BL) and AL series companions|connecting rings / end joints|double-hole connecting pin|special connectors|corrosion-resistant surface treatment|anti-fatigue high-reliability grade,,,,,0.401,10.19,1.315,33.4,,,"{""plate_lacing"": ""6x6"", ""plate_thickness_mm"": 3.7, ""avg_tensile_kn"": 571.2}",114650,510.0,,,-20,150,Standard; corrosion-resistant surface treatment optional,Donghua Chain Group catalog pp.441-442 (official en.dhchain.com PDF),,LL2466,,,,,,,,,,"PKG-02f (Donghua). Catalog-verified LL-series leaf chain, Donghua catalog pp.441-442. LL = DIN 8152/ISO 4347 European leaf chain, the metric sibling of LH(BL) and AL. tensile_kn = min Q; avg Q0 in extra_dims. Plate height/thickness/pin are the per-pitch base geometry shared across lacings of size 24; inner width n/a for leaf chains (link-plate stacks, no rollers/bushes). 02f complements the 02b leaf equivalents (AL/BL->Donghua LH). Dedupe vs existing LF-* leaf records; cross-link LL<->BL by pitch where applicable."
LF-LL2488,Leaf Chains,LL2488,"LL2488 Leaf Chain (LL-series, 8x8 lacing)",ISO 4347 / DIN 8152,1.5,38.1,1,Active,catalog-verified,FALSE,"LL2488 LL-series leaf (plate) chain, 38.1 mm pitch, 8x8 plate lacing, 680.0 kN minimum tensile (775.2 kN average). DIN/ISO European leaf chain for vertical lifting and horizontal traction — forklift masts, balance/counterweight, climbing platforms and drilling rigs. Companion to the LH (BL) and AL leaf series.","leaf chain, LL series, plate chain, lift chain, forklift, mast, balance, vertical lifting, horizontal traction, DIN 8152, ISO 4347",High-strength heat-treated steel; corrosion-resistant surface options,LH (BL) and AL series companions|connecting rings / end joints|double-hole connecting pin|special connectors|corrosion-resistant surface treatment|anti-fatigue high-reliability grade,,,,,0.401,10.19,1.315,33.4,,,"{""plate_lacing"": ""8x8"", ""plate_thickness_mm"": 3.7, ""avg_tensile_kn"": 775.2}",152870,680.0,,,-20,150,Standard; corrosion-resistant surface treatment optional,Donghua Chain Group catalog pp.441-442 (official en.dhchain.com PDF),,LL2488,,,,,,,,,,"PKG-02f (Donghua). Catalog-verified LL-series leaf chain, Donghua catalog pp.441-442. LL = DIN 8152/ISO 4347 European leaf chain, the metric sibling of LH(BL) and AL. tensile_kn = min Q; avg Q0 in extra_dims. Plate height/thickness/pin are the per-pitch base geometry shared across lacings of size 24; inner width n/a for leaf chains (link-plate stacks, no rollers/bushes). 02f complements the 02b leaf equivalents (AL/BL->Donghua LH). Dedupe vs existing LF-* leaf records; cross-link LL<->BL by pitch where applicable."
LF-LL2822,Leaf Chains,LL2822,"LL2822 Leaf Chain (LL-series, 2x2 lacing)",ISO 4347 / DIN 8152,1.75,44.45,1,Active,catalog-verified,FALSE,"LL2822 LL-series leaf (plate) chain, 44.45 mm pitch, 2x2 plate lacing, 200.0 kN minimum tensile (245.0 kN average). DIN/ISO European leaf chain for vertical lifting and horizontal traction — forklift masts, balance/counterweight, climbing platforms and drilling rigs. Companion to the LH (BL) and AL leaf series.","leaf chain, LL series, plate chain, lift chain, forklift, mast, balance, vertical lifting, horizontal traction, DIN 8152, ISO 4347",High-strength heat-treated steel; corrosion-resistant surface options,LH (BL) and AL series companions|connecting rings / end joints|double-hole connecting pin|special connectors|corrosion-resistant surface treatment|anti-fatigue high-reliability grade,,,,,0.576,14.63,1.46,37.08,,,"{""plate_lacing"": ""2x2"", ""plate_thickness_mm"": 5.0, ""avg_tensile_kn"": 245.0}",44960,200.0,,,-20,150,Standard; corrosion-resistant surface treatment optional,Donghua Chain Group catalog pp.441-442 (official en.dhchain.com PDF),,LL2822,,,,,,,,,,"PKG-02f (Donghua). Catalog-verified LL-series leaf chain, Donghua catalog pp.441-442. LL = DIN 8152/ISO 4347 European leaf chain, the metric sibling of LH(BL) and AL. tensile_kn = min Q; avg Q0 in extra_dims. Plate height/thickness/pin are the per-pitch base geometry shared across lacings of size 28; inner width n/a for leaf chains (link-plate stacks, no rollers/bushes). 02f complements the 02b leaf equivalents (AL/BL->Donghua LH). Dedupe vs existing LF-* leaf records; cross-link LL<->BL by pitch where applicable."
LF-LL2844,Leaf Chains,LL2844,"LL2844 Leaf Chain (LL-series, 4x4 lacing)",ISO 4347 / DIN 8152,1.75,44.45,1,Active,catalog-verified,FALSE,"LL2844 LL-series leaf (plate) chain, 44.45 mm pitch, 4x4 plate lacing, 400.0 kN minimum tensile (490.0 kN average). DIN/ISO European leaf chain for vertical lifting and horizontal traction — forklift masts, balance/counterweight, climbing platforms and drilling rigs. Companion to the LH (BL) and AL leaf series.","leaf chain, LL series, plate chain, lift chain, forklift, mast, balance, vertical lifting, horizontal traction, DIN 8152, ISO 4347",High-strength heat-treated steel; corrosion-resistant surface options,LH (BL) and AL series companions|connecting rings / end joints|double-hole connecting pin|special connectors|corrosion-resistant surface treatment|anti-fatigue high-reliability grade,,,,,0.576,14.63,1.46,37.08,,,"{""plate_lacing"": ""4x4"", ""plate_thickness_mm"": 5.0, ""avg_tensile_kn"": 490.0}",89920,400.0,,,-20,150,Standard; corrosion-resistant surface treatment optional,Donghua Chain Group catalog pp.441-442 (official en.dhchain.com PDF),,LL2844,,,,,,,,,,"PKG-02f (Donghua). Catalog-verified LL-series leaf chain, Donghua catalog pp.441-442. LL = DIN 8152/ISO 4347 European leaf chain, the metric sibling of LH(BL) and AL. tensile_kn = min Q; avg Q0 in extra_dims. Plate height/thickness/pin are the per-pitch base geometry shared across lacings of size 28; inner width n/a for leaf chains (link-plate stacks, no rollers/bushes). 02f complements the 02b leaf equivalents (AL/BL->Donghua LH). Dedupe vs existing LF-* leaf records; cross-link LL<->BL by pitch where applicable."
LF-LL2866,Leaf Chains,LL2866,"LL2866 Leaf Chain (LL-series, 6x6 lacing)",ISO 4347 / DIN 8152,1.75,44.45,1,Active,catalog-verified,FALSE,"LL2866 LL-series leaf (plate) chain, 44.45 mm pitch, 6x6 plate lacing, 600.0 kN minimum tensile (735.0 kN average). DIN/ISO European leaf chain for vertical lifting and horizontal traction — forklift masts, balance/counterweight, climbing platforms and drilling rigs. Companion to the LH (BL) and AL leaf series.","leaf chain, LL series, plate chain, lift chain, forklift, mast, balance, vertical lifting, horizontal traction, DIN 8152, ISO 4347",High-strength heat-treated steel; corrosion-resistant surface options,LH (BL) and AL series companions|connecting rings / end joints|double-hole connecting pin|special connectors|corrosion-resistant surface treatment|anti-fatigue high-reliability grade,,,,,0.576,14.63,1.46,37.08,,,"{""plate_lacing"": ""6x6"", ""plate_thickness_mm"": 5.0, ""avg_tensile_kn"": 735.0}",134890,600.0,,,-20,150,Standard; corrosion-resistant surface treatment optional,Donghua Chain Group catalog pp.441-442 (official en.dhchain.com PDF),,LL2866,,,,,,,,,,"PKG-02f (Donghua). Catalog-verified LL-series leaf chain, Donghua catalog pp.441-442. LL = DIN 8152/ISO 4347 European leaf chain, the metric sibling of LH(BL) and AL. tensile_kn = min Q; avg Q0 in extra_dims. Plate height/thickness/pin are the per-pitch base geometry shared across lacings of size 28; inner width n/a for leaf chains (link-plate stacks, no rollers/bushes). 02f complements the 02b leaf equivalents (AL/BL->Donghua LH). Dedupe vs existing LF-* leaf records; cross-link LL<->BL by pitch where applicable."
LF-LL2888,Leaf Chains,LL2888,"LL2888 Leaf Chain (LL-series, 8x8 lacing)",ISO 4347 / DIN 8152,1.75,44.45,1,Active,catalog-verified,FALSE,"LL2888 LL-series leaf (plate) chain, 44.45 mm pitch, 8x8 plate lacing, 800.0 kN minimum tensile (980.0 kN average). DIN/ISO European leaf chain for vertical lifting and horizontal traction — forklift masts, balance/counterweight, climbing platforms and drilling rigs. Companion to the LH (BL) and AL leaf series.","leaf chain, LL series, plate chain, lift chain, forklift, mast, balance, vertical lifting, horizontal traction, DIN 8152, ISO 4347",High-strength heat-treated steel; corrosion-resistant surface options,LH (BL) and AL series companions|connecting rings / end joints|double-hole connecting pin|special connectors|corrosion-resistant surface treatment|anti-fatigue high-reliability grade,,,,,0.576,14.63,1.46,37.08,,,"{""plate_lacing"": ""8x8"", ""plate_thickness_mm"": 5.0, ""avg_tensile_kn"": 980.0}",179850,800.0,,,-20,150,Standard; corrosion-resistant surface treatment optional,Donghua Chain Group catalog pp.441-442 (official en.dhchain.com PDF),,LL2888,,,,,,,,,,"PKG-02f (Donghua). Catalog-verified LL-series leaf chain, Donghua catalog pp.441-442. LL = DIN 8152/ISO 4347 European leaf chain, the metric sibling of LH(BL) and AL. tensile_kn = min Q; avg Q0 in extra_dims. Plate height/thickness/pin are the per-pitch base geometry shared across lacings of size 28; inner width n/a for leaf chains (link-plate stacks, no rollers/bushes). 02f complements the 02b leaf equivalents (AL/BL->Donghua LH). Dedupe vs existing LF-* leaf records; cross-link LL<->BL by pitch where applicable."
LF-LL3222,Leaf Chains,LL3222,"LL3222 Leaf Chain (LL-series, 2x2 lacing)",ISO 4347 / DIN 8152,2,50.8,1,Active,catalog-verified,FALSE,"LL3222 LL-series leaf (plate) chain, 50.8 mm pitch, 2x2 plate lacing, 260.0 kN minimum tensile (291.2 kN average). DIN/ISO European leaf chain for vertical lifting and horizontal traction — forklift masts, balance/counterweight, climbing platforms and drilling rigs. Companion to the LH (BL) and AL leaf series.","leaf chain, LL series, plate chain, lift chain, forklift, mast, balance, vertical lifting, horizontal traction, DIN 8152, ISO 4347",High-strength heat-treated steel; corrosion-resistant surface options,LH (BL) and AL series companions|connecting rings / end joints|double-hole connecting pin|special connectors|corrosion-resistant surface treatment|anti-fatigue high-reliability grade,,,,,0.701,17.81,1.654,42.0,,,"{""plate_lacing"": ""2x2"", ""plate_thickness_mm"": 6.4, ""avg_tensile_kn"": 291.2}",58450,260.0,,,-20,150,Standard; corrosion-resistant surface treatment optional,Donghua Chain Group catalog pp.441-442 (official en.dhchain.com PDF),,LL3222,,,,,,,,,,"PKG-02f (Donghua). Catalog-verified LL-series leaf chain, Donghua catalog pp.441-442. LL = DIN 8152/ISO 4347 European leaf chain, the metric sibling of LH(BL) and AL. tensile_kn = min Q; avg Q0 in extra_dims. Plate height/thickness/pin are the per-pitch base geometry shared across lacings of size 32; inner width n/a for leaf chains (link-plate stacks, no rollers/bushes). 02f complements the 02b leaf equivalents (AL/BL->Donghua LH). Dedupe vs existing LF-* leaf records; cross-link LL<->BL by pitch where applicable."
LF-LL3244,Leaf Chains,LL3244,"LL3244 Leaf Chain (LL-series, 4x4 lacing)",ISO 4347 / DIN 8152,2,50.8,1,Active,catalog-verified,FALSE,"LL3244 LL-series leaf (plate) chain, 50.8 mm pitch, 4x4 plate lacing, 520.0 kN minimum tensile (582.4 kN average). DIN/ISO European leaf chain for vertical lifting and horizontal traction — forklift masts, balance/counterweight, climbing platforms and drilling rigs. Companion to the LH (BL) and AL leaf series.","leaf chain, LL series, plate chain, lift chain, forklift, mast, balance, vertical lifting, horizontal traction, DIN 8152, ISO 4347",High-strength heat-treated steel; corrosion-resistant surface options,LH (BL) and AL series companions|connecting rings / end joints|double-hole connecting pin|special connectors|corrosion-resistant surface treatment|anti-fatigue high-reliability grade,,,,,0.701,17.81,1.654,42.0,,,"{""plate_lacing"": ""4x4"", ""plate_thickness_mm"": 6.4, ""avg_tensile_kn"": 582.4}",116900,520.0,,,-20,150,Standard; corrosion-resistant surface treatment optional,Donghua Chain Group catalog pp.441-442 (official en.dhchain.com PDF),,LL3244,,,,,,,,,,"PKG-02f (Donghua). Catalog-verified LL-series leaf chain, Donghua catalog pp.441-442. LL = DIN 8152/ISO 4347 European leaf chain, the metric sibling of LH(BL) and AL. tensile_kn = min Q; avg Q0 in extra_dims. Plate height/thickness/pin are the per-pitch base geometry shared across lacings of size 32; inner width n/a for leaf chains (link-plate stacks, no rollers/bushes). 02f complements the 02b leaf equivalents (AL/BL->Donghua LH). Dedupe vs existing LF-* leaf records; cross-link LL<->BL by pitch where applicable."
LF-LL3266,Leaf Chains,LL3266,"LL3266 Leaf Chain (LL-series, 6x6 lacing)",ISO 4347 / DIN 8152,2,50.8,1,Active,catalog-verified,FALSE,"LL3266 LL-series leaf (plate) chain, 50.8 mm pitch, 6x6 plate lacing, 780.0 kN minimum tensile (873.6 kN average). DIN/ISO European leaf chain for vertical lifting and horizontal traction — forklift masts, balance/counterweight, climbing platforms and drilling rigs. Companion to the LH (BL) and AL leaf series.","leaf chain, LL series, plate chain, lift chain, forklift, mast, balance, vertical lifting, horizontal traction, DIN 8152, ISO 4347",High-strength heat-treated steel; corrosion-resistant surface options,LH (BL) and AL series companions|connecting rings / end joints|double-hole connecting pin|special connectors|corrosion-resistant surface treatment|anti-fatigue high-reliability grade,,,,,0.701,17.81,1.654,42.0,,,"{""plate_lacing"": ""6x6"", ""plate_thickness_mm"": 6.4, ""avg_tensile_kn"": 873.6}",175350,780.0,,,-20,150,Standard; corrosion-resistant surface treatment optional,Donghua Chain Group catalog pp.441-442 (official en.dhchain.com PDF),,LL3266,,,,,,,,,,"PKG-02f (Donghua). Catalog-verified LL-series leaf chain, Donghua catalog pp.441-442. LL = DIN 8152/ISO 4347 European leaf chain, the metric sibling of LH(BL) and AL. tensile_kn = min Q; avg Q0 in extra_dims. Plate height/thickness/pin are the per-pitch base geometry shared across lacings of size 32; inner width n/a for leaf chains (link-plate stacks, no rollers/bushes). 02f complements the 02b leaf equivalents (AL/BL->Donghua LH). Dedupe vs existing LF-* leaf records; cross-link LL<->BL by pitch where applicable."
LF-LL3288,Leaf Chains,LL3288,"LL3288 Leaf Chain (LL-series, 8x8 lacing)",ISO 4347 / DIN 8152,2,50.8,1,Active,catalog-verified,FALSE,"LL3288 LL-series leaf (plate) chain, 50.8 mm pitch, 8x8 plate lacing, 1040.0 kN minimum tensile (1176.0 kN average). DIN/ISO European leaf chain for vertical lifting and horizontal traction — forklift masts, balance/counterweight, climbing platforms and drilling rigs. Companion to the LH (BL) and AL leaf series.","leaf chain, LL series, plate chain, lift chain, forklift, mast, balance, vertical lifting, horizontal traction, DIN 8152, ISO 4347",High-strength heat-treated steel; corrosion-resistant surface options,LH (BL) and AL series companions|connecting rings / end joints|double-hole connecting pin|special connectors|corrosion-resistant surface treatment|anti-fatigue high-reliability grade,,,,,0.701,17.81,1.654,42.0,,,"{""plate_lacing"": ""8x8"", ""plate_thickness_mm"": 6.4, ""avg_tensile_kn"": 1176.0}",233800,1040.0,,,-20,150,Standard; corrosion-resistant surface treatment optional,Donghua Chain Group catalog pp.441-442 (official en.dhchain.com PDF),,LL3288,,,,,,,,,,"PKG-02f (Donghua). Catalog-verified LL-series leaf chain, Donghua catalog pp.441-442. LL = DIN 8152/ISO 4347 European leaf chain, the metric sibling of LH(BL) and AL. tensile_kn = min Q; avg Q0 in extra_dims. Plate height/thickness/pin are the per-pitch base geometry shared across lacings of size 32; inner width n/a for leaf chains (link-plate stacks, no rollers/bushes). 02f complements the 02b leaf equivalents (AL/BL->Donghua LH). Dedupe vs existing LF-* leaf records; cross-link LL<->BL by pitch where applicable."
LF-LL4022,Leaf Chains,LL4022,"LL4022 Leaf Chain (LL-series, 2x2 lacing)",ISO 4347 / DIN 8152,2.5,63.5,1,Active,catalog-verified,FALSE,"LL4022 LL-series leaf (plate) chain, 63.5 mm pitch, 2x2 plate lacing, 360.0 kN minimum tensile (403.2 kN average). DIN/ISO European leaf chain for vertical lifting and horizontal traction — forklift masts, balance/counterweight, climbing platforms and drilling rigs. Companion to the LH (BL) and AL leaf series.","leaf chain, LL series, plate chain, lift chain, forklift, mast, balance, vertical lifting, horizontal traction, DIN 8152, ISO 4347",High-strength heat-treated steel; corrosion-resistant surface options,LH (BL) and AL series companions|connecting rings / end joints|double-hole connecting pin|special connectors|corrosion-resistant surface treatment|anti-fatigue high-reliability grade,,,,,0.901,22.89,2.077,52.76,,,"{""plate_lacing"": ""2x2"", ""plate_thickness_mm"": 8.0, ""avg_tensile_kn"": 403.2}",80930,360.0,,,-20,150,Standard; corrosion-resistant surface treatment optional,Donghua Chain Group catalog pp.441-442 (official en.dhchain.com PDF),,LL4022,,,,,,,,,,"PKG-02f (Donghua). Catalog-verified LL-series leaf chain, Donghua catalog pp.441-442. LL = DIN 8152/ISO 4347 European leaf chain, the metric sibling of LH(BL) and AL. tensile_kn = min Q; avg Q0 in extra_dims. Plate height/thickness/pin are the per-pitch base geometry shared across lacings of size 40; inner width n/a for leaf chains (link-plate stacks, no rollers/bushes). 02f complements the 02b leaf equivalents (AL/BL->Donghua LH). Dedupe vs existing LF-* leaf records; cross-link LL<->BL by pitch where applicable."
LF-LL4044,Leaf Chains,LL4044,"LL4044 Leaf Chain (LL-series, 4x4 lacing)",ISO 4347 / DIN 8152,2.5,63.5,1,Active,catalog-verified,FALSE,"LL4044 LL-series leaf (plate) chain, 63.5 mm pitch, 4x4 plate lacing, 780.0 kN minimum tensile (873.6 kN average). DIN/ISO European leaf chain for vertical lifting and horizontal traction — forklift masts, balance/counterweight, climbing platforms and drilling rigs. Companion to the LH (BL) and AL leaf series.","leaf chain, LL series, plate chain, lift chain, forklift, mast, balance, vertical lifting, horizontal traction, DIN 8152, ISO 4347",High-strength heat-treated steel; corrosion-resistant surface options,LH (BL) and AL series companions|connecting rings / end joints|double-hole connecting pin|special connectors|corrosion-resistant surface treatment|anti-fatigue high-reliability grade,,,,,0.901,22.89,2.077,52.76,,,"{""plate_lacing"": ""4x4"", ""plate_thickness_mm"": 8.0, ""avg_tensile_kn"": 873.6}",175350,780.0,,,-20,150,Standard; corrosion-resistant surface treatment optional,Donghua Chain Group catalog pp.441-442 (official en.dhchain.com PDF),,LL4044,,,,,,,,,,"PKG-02f (Donghua). Catalog-verified LL-series leaf chain, Donghua catalog pp.441-442. LL = DIN 8152/ISO 4347 European leaf chain, the metric sibling of LH(BL) and AL. tensile_kn = min Q; avg Q0 in extra_dims. Plate height/thickness/pin are the per-pitch base geometry shared across lacings of size 40; inner width n/a for leaf chains (link-plate stacks, no rollers/bushes). 02f complements the 02b leaf equivalents (AL/BL->Donghua LH). Dedupe vs existing LF-* leaf records; cross-link LL<->BL by pitch where applicable."
LF-LL4066,Leaf Chains,LL4066,"LL4066 Leaf Chain (LL-series, 6x6 lacing)",ISO 4347 / DIN 8152,2.5,63.5,1,Active,catalog-verified,FALSE,"LL4066 LL-series leaf (plate) chain, 63.5 mm pitch, 6x6 plate lacing, 1080.0 kN minimum tensile (1209.6 kN average). DIN/ISO European leaf chain for vertical lifting and horizontal traction — forklift masts, balance/counterweight, climbing platforms and drilling rigs. Companion to the LH (BL) and AL leaf series.","leaf chain, LL series, plate chain, lift chain, forklift, mast, balance, vertical lifting, horizontal traction, DIN 8152, ISO 4347",High-strength heat-treated steel; corrosion-resistant surface options,LH (BL) and AL series companions|connecting rings / end joints|double-hole connecting pin|special connectors|corrosion-resistant surface treatment|anti-fatigue high-reliability grade,,,,,0.901,22.89,2.077,52.76,,,"{""plate_lacing"": ""6x6"", ""plate_thickness_mm"": 8.0, ""avg_tensile_kn"": 1209.6}",242790,1080.0,,,-20,150,Standard; corrosion-resistant surface treatment optional,Donghua Chain Group catalog pp.441-442 (official en.dhchain.com PDF),,LL4066,,,,,,,,,,"PKG-02f (Donghua). Catalog-verified LL-series leaf chain, Donghua catalog pp.441-442. LL = DIN 8152/ISO 4347 European leaf chain, the metric sibling of LH(BL) and AL. tensile_kn = min Q; avg Q0 in extra_dims. Plate height/thickness/pin are the per-pitch base geometry shared across lacings of size 40; inner width n/a for leaf chains (link-plate stacks, no rollers/bushes). 02f complements the 02b leaf equivalents (AL/BL->Donghua LH). Dedupe vs existing LF-* leaf records; cross-link LL<->BL by pitch where applicable."
LF-LL4088,Leaf Chains,LL4088,"LL4088 Leaf Chain (LL-series, 8x8 lacing)",ISO 4347 / DIN 8152,2.5,63.5,1,Active,catalog-verified,FALSE,"LL4088 LL-series leaf (plate) chain, 63.5 mm pitch, 8x8 plate lacing, 1440.0 kN minimum tensile (1747.2 kN average). DIN/ISO European leaf chain for vertical lifting and horizontal traction — forklift masts, balance/counterweight, climbing platforms and drilling rigs. Companion to the LH (BL) and AL leaf series.","leaf chain, LL series, plate chain, lift chain, forklift, mast, balance, vertical lifting, horizontal traction, DIN 8152, ISO 4347",High-strength heat-treated steel; corrosion-resistant surface options,LH (BL) and AL series companions|connecting rings / end joints|double-hole connecting pin|special connectors|corrosion-resistant surface treatment|anti-fatigue high-reliability grade,,,,,0.901,22.89,2.077,52.76,,,"{""plate_lacing"": ""8x8"", ""plate_thickness_mm"": 8.0, ""avg_tensile_kn"": 1747.2}",323720,1440.0,,,-20,150,Standard; corrosion-resistant surface treatment optional,Donghua Chain Group catalog pp.441-442 (official en.dhchain.com PDF),,LL4088,,,,,,,,,,"PKG-02f (Donghua). Catalog-verified LL-series leaf chain, Donghua catalog pp.441-442. LL = DIN 8152/ISO 4347 European leaf chain, the metric sibling of LH(BL) and AL. tensile_kn = min Q; avg Q0 in extra_dims. Plate height/thickness/pin are the per-pitch base geometry shared across lacings of size 40; inner width n/a for leaf chains (link-plate stacks, no rollers/bushes). 02f complements the 02b leaf equivalents (AL/BL->Donghua LH). Dedupe vs existing LF-* leaf records; cross-link LL<->BL by pitch where applicable."
LF-LL4822,Leaf Chains,LL4822,"LL4822 Leaf Chain (LL-series, 2x2 lacing)",ISO 4347 / DIN 8152,3,76.2,1,Active,catalog-verified,FALSE,"LL4822 LL-series leaf (plate) chain, 76.2 mm pitch, 2x2 plate lacing, 560.0 kN minimum tensile (627.2 kN average). DIN/ISO European leaf chain for vertical lifting and horizontal traction — forklift masts, balance/counterweight, climbing platforms and drilling rigs. Companion to the LH (BL) and AL leaf series.","leaf chain, LL series, plate chain, lift chain, forklift, mast, balance, vertical lifting, horizontal traction, DIN 8152, ISO 4347",High-strength heat-treated steel; corrosion-resistant surface options,LH (BL) and AL series companions|connecting rings / end joints|double-hole connecting pin|special connectors|corrosion-resistant surface treatment|anti-fatigue high-reliability grade,,,,,1.151,29.24,2.515,63.88,,,"{""plate_lacing"": ""2x2"", ""plate_thickness_mm"": 10.0, ""avg_tensile_kn"": 627.2}",125890,560.0,,,-20,150,Standard; corrosion-resistant surface treatment optional,Donghua Chain Group catalog pp.441-442 (official en.dhchain.com PDF),,LL4822,,,,,,,,,,"PKG-02f (Donghua). Catalog-verified LL-series leaf chain, Donghua catalog pp.441-442. LL = DIN 8152/ISO 4347 European leaf chain, the metric sibling of LH(BL) and AL. tensile_kn = min Q; avg Q0 in extra_dims. Plate height/thickness/pin are the per-pitch base geometry shared across lacings of size 48; inner width n/a for leaf chains (link-plate stacks, no rollers/bushes). 02f complements the 02b leaf equivalents (AL/BL->Donghua LH). Dedupe vs existing LF-* leaf records; cross-link LL<->BL by pitch where applicable."
LF-LL4844,Leaf Chains,LL4844,"LL4844 Leaf Chain (LL-series, 4x4 lacing)",ISO 4347 / DIN 8152,3,76.2,1,Active,catalog-verified,FALSE,"LL4844 LL-series leaf (plate) chain, 76.2 mm pitch, 4x4 plate lacing, 1120.0 kN minimum tensile (1554.4 kN average). DIN/ISO European leaf chain for vertical lifting and horizontal traction — forklift masts, balance/counterweight, climbing platforms and drilling rigs. Companion to the LH (BL) and AL leaf series.","leaf chain, LL series, plate chain, lift chain, forklift, mast, balance, vertical lifting, horizontal traction, DIN 8152, ISO 4347",High-strength heat-treated steel; corrosion-resistant surface options,LH (BL) and AL series companions|connecting rings / end joints|double-hole connecting pin|special connectors|corrosion-resistant surface treatment|anti-fatigue high-reliability grade,,,,,1.151,29.24,2.515,63.88,,,"{""plate_lacing"": ""4x4"", ""plate_thickness_mm"": 10.0, ""avg_tensile_kn"": 1554.4}",251790,1120.0,,,-20,150,Standard; corrosion-resistant surface treatment optional,Donghua Chain Group catalog pp.441-442 (official en.dhchain.com PDF),,LL4844,,,,,,,,,,"PKG-02f (Donghua). Catalog-verified LL-series leaf chain, Donghua catalog pp.441-442. LL = DIN 8152/ISO 4347 European leaf chain, the metric sibling of LH(BL) and AL. tensile_kn = min Q; avg Q0 in extra_dims. Plate height/thickness/pin are the per-pitch base geometry shared across lacings of size 48; inner width n/a for leaf chains (link-plate stacks, no rollers/bushes). 02f complements the 02b leaf equivalents (AL/BL->Donghua LH). Dedupe vs existing LF-* leaf records; cross-link LL<->BL by pitch where applicable."
LF-LL4866,Leaf Chains,LL4866,"LL4866 Leaf Chain (LL-series, 6x6 lacing)",ISO 4347 / DIN 8152,3,76.2,1,Active,catalog-verified,FALSE,"LL4866 LL-series leaf (plate) chain, 76.2 mm pitch, 6x6 plate lacing, 1680.0 kN minimum tensile (1880.0 kN average). DIN/ISO European leaf chain for vertical lifting and horizontal traction — forklift masts, balance/counterweight, climbing platforms and drilling rigs. Companion to the LH (BL) and AL leaf series.","leaf chain, LL series, plate chain, lift chain, forklift, mast, balance, vertical lifting, horizontal traction, DIN 8152, ISO 4347",High-strength heat-treated steel; corrosion-resistant surface options,LH (BL) and AL series companions|connecting rings / end joints|double-hole connecting pin|special connectors|corrosion-resistant surface treatment|anti-fatigue high-reliability grade,,,,,1.151,29.24,2.515,63.88,,,"{""plate_lacing"": ""6x6"", ""plate_thickness_mm"": 10.0, ""avg_tensile_kn"": 1880.0}",377680,1680.0,,,-20,150,Standard; corrosion-resistant surface treatment optional,Donghua Chain Group catalog pp.441-442 (official en.dhchain.com PDF),,LL4866,,,,,,,,,,"PKG-02f (Donghua). Catalog-verified LL-series leaf chain, Donghua catalog pp.441-442. LL = DIN 8152/ISO 4347 European leaf chain, the metric sibling of LH(BL) and AL. tensile_kn = min Q; avg Q0 in extra_dims. Plate height/thickness/pin are the per-pitch base geometry shared across lacings of size 48; inner width n/a for leaf chains (link-plate stacks, no rollers/bushes). 02f complements the 02b leaf equivalents (AL/BL->Donghua LH). Dedupe vs existing LF-* leaf records; cross-link LL<->BL by pitch where applicable."
LF-LL4888,Leaf Chains,LL4888,"LL4888 Leaf Chain (LL-series, 8x8 lacing)",ISO 4347 / DIN 8152,3,76.2,1,Active,catalog-verified,FALSE,"LL4888 LL-series leaf (plate) chain, 76.2 mm pitch, 8x8 plate lacing, 2240.0 kN minimum tensile (2508.8 kN average). DIN/ISO European leaf chain for vertical lifting and horizontal traction — forklift masts, balance/counterweight, climbing platforms and drilling rigs. Companion to the LH (BL) and AL leaf series.","leaf chain, LL series, plate chain, lift chain, forklift, mast, balance, vertical lifting, horizontal traction, DIN 8152, ISO 4347",High-strength heat-treated steel; corrosion-resistant surface options,LH (BL) and AL series companions|connecting rings / end joints|double-hole connecting pin|special connectors|corrosion-resistant surface treatment|anti-fatigue high-reliability grade,,,,,1.151,29.24,2.515,63.88,,,"{""plate_lacing"": ""8x8"", ""plate_thickness_mm"": 10.0, ""avg_tensile_kn"": 2508.8}",503570,2240.0,,,-20,150,Standard; corrosion-resistant surface treatment optional,Donghua Chain Group catalog pp.441-442 (official en.dhchain.com PDF),,LL4888,,,,,,,,,,"PKG-02f (Donghua). Catalog-verified LL-series leaf chain, Donghua catalog pp.441-442. LL = DIN 8152/ISO 4347 European leaf chain, the metric sibling of LH(BL) and AL. tensile_kn = min Q; avg Q0 in extra_dims. Plate height/thickness/pin are the per-pitch base geometry shared across lacings of size 48; inner width n/a for leaf chains (link-plate stacks, no rollers/bushes). 02f complements the 02b leaf equivalents (AL/BL->Donghua LH). Dedupe vs existing LF-* leaf records; cross-link LL<->BL by pitch where applicable."
WS-WR78,Welded Steel Chains,WR78,WR78 Welded Steel Mill Chain,ASME B29.16M / ISO 6972,2.609,66.27,1,Active,catalog-verified,TRUE,"WR78 welded-steel bent-plate mill chain, 66.27 mm pitch, 93.4 kN minimum tensile (106.8 kN average). WR tier: pins and sleeves heat treated. Two bent plates and sleeves welded into bent-plate links (no rollers). For low-speed, heavy-load, high-impact, abrasive and dusty service; heavy use in forestry and the wood industry.","welded steel mill chain,bent plate chain,engineering chain,forestry,wood industry,heavy load,low speed,abrasive,high impact,ASME B29.16M,sawmill,lumber,mill,welded steel,conveyor","Heat-treated Carbon/Alloy Steel,carbon steel,heat-treated",WR tier (pins & sleeves heat treated)|WH tier (all parts heat treated)|riveted construction|cottered construction|A1-A2-F2-F4-K1-K2-W1 attachments|even or odd link count,0.84,21.34,,,0.5,12.7,1.118,28.4,4.1,6.101,"{""plate_thickness_mm"": 6.4, ""avg_tensile_kn"": 106.8, ""construction"": ""welded bent-plate, sleeve (no roller)""}",21000,93.4,,,-20,300,Heavy open-gear/chain lubricant; abrasive-service intervals,Donghua Chain Group catalog p.390 (official en.dhchain.com PDF),,WR78,,WR78,,,,,,,,"PKG-02g (Donghua). Catalog-verified welded-steel mill chain, Donghua catalog p.390. Pitch, plate height, plate thickness, min tensile (Q) and avg tensile (Q0, in extra_dims) aligned by column from official PDF. Bush dia / inner width / pin dia / pin length NOT populated: the OCR interleaved WR and WH dimensional rows ambiguously and per project rules dims are not guessed into catalog-verified. Backfill from a certified Donghua print if needed. WR78=pins+sleeves heat-treated tier; WH78=all-parts heat-treated tier (same physical envelope). DEDUPE vs Tsubaki PKG-01e Wave F WH/WR records: keep one chain_id, merge pn_donghua as equivalent, richer dims win. | MERGE CONFLICT with macchain — kept baseline, both values: plate_height_in: 1.118 (donghua) vs 1.25 (macchain); tensile_lbs: 21000 (donghua) vs 29800 (macchain); tensile_kn: 93.4 (donghua) vs 132.6 (macchain)."
WS-WH78,Welded Steel Chains,WH78,WH78 Welded Steel Mill Chain,ASME B29.16M / ISO 6972,2.609,66.27,1,Active,catalog-verified,TRUE,"WH78 welded-steel bent-plate mill chain, 66.27 mm pitch, 93.4 kN minimum tensile (106.8 kN average). WH tier: all parts heat treated for higher strength. Two bent plates and sleeves welded into bent-plate links (no rollers). For low-speed, heavy-load, high-impact, abrasive and dusty service; heavy use in forestry and the wood industry.","welded steel mill chain,bent plate chain,engineering chain,forestry,wood industry,heavy load,low speed,abrasive,high impact,ASME B29.16M,sawmill,mill,welded steel,conveyor","Heat-treated Carbon/Alloy Steel,carbon steel,heat-treated",WR tier (pins & sleeves heat treated)|WH tier (all parts heat treated)|riveted construction|cottered construction|A1-A2-F2-F4-K1-K2-W1 attachments|even or odd link count,2,50.8,,,0.5,12.7,1.118,28.4,4,5.952,"{""plate_thickness_mm"": 6.4, ""avg_tensile_kn"": 106.8, ""construction"": ""welded bent-plate, sleeve (no roller)""}",21000,93.4,3500,15.6,-20,300,Heavy open-gear/chain lubricant; abrasive-service intervals,Donghua Chain Group catalog p.390 (official en.dhchain.com PDF),,WH78,,,WH78,,,,,,,"PKG-02g (Donghua). Catalog-verified welded-steel mill chain, Donghua catalog p.390. Pitch, plate height, plate thickness, min tensile (Q) and avg tensile (Q0, in extra_dims) aligned by column from official PDF. Bush dia / inner width / pin dia / pin length NOT populated: the OCR interleaved WR and WH dimensional rows ambiguously and per project rules dims are not guessed into catalog-verified. Backfill from a certified Donghua print if needed. WR78=pins+sleeves heat-treated tier; WH78=all-parts heat-treated tier (same physical envelope). DEDUPE vs Tsubaki PKG-01e Wave F WH/WR records: keep one chain_id, merge pn_donghua as equivalent, richer dims win. | MERGE CONFLICT with rexnord — kept baseline, both values: plate_height_in: 1.118 (donghua) vs 1.13 (rexnord); tensile_lbs: 21000 (donghua) vs 24000 (rexnord); tensile_kn: 93.4 (donghua) vs 106.8 (rexnord)."
WS-WR82,Welded Steel Chains,WR82,WR82 Welded Steel Mill Chain,ASME B29.16M / ISO 6972,3.075,78.1,1,Active,catalog-verified,TRUE,"WR82 welded-steel bent-plate mill chain, 78.1 mm pitch, 100.1 kN minimum tensile (131.2 kN average). WR tier: pins and sleeves heat treated. Two bent plates and sleeves welded into bent-plate links (no rollers). For low-speed, heavy-load, high-impact, abrasive and dusty service; heavy use in forestry and the wood industry.","welded steel mill chain,bent plate chain,engineering chain,forestry,wood industry,heavy load,low speed,abrasive,high impact,ASME B29.16M,sawmill,lumber,mill,welded steel,conveyor","Heat-treated Carbon/Alloy Steel,carbon steel,heat-treated",WR tier (pins & sleeves heat treated)|WH tier (all parts heat treated)|riveted construction|cottered construction|A1-A2-F2-F4-K1-K2-W1 attachments|even or odd link count,1.05,26.67,,,0.562,14.29,1.252,31.8,4.7,6.994,"{""plate_thickness_mm"": 6.4, ""avg_tensile_kn"": 131.2, ""construction"": ""welded bent-plate, sleeve (no roller)""}",22500,100.1,,,-20,300,Heavy open-gear/chain lubricant; abrasive-service intervals,Donghua Chain Group catalog p.390 (official en.dhchain.com PDF),,WR82,,WR82,,,,,,,,"PKG-02g (Donghua). Catalog-verified welded-steel mill chain, Donghua catalog p.390. Pitch, plate height, plate thickness, min tensile (Q) and avg tensile (Q0, in extra_dims) aligned by column from official PDF. Bush dia / inner width / pin dia / pin length NOT populated: the OCR interleaved WR and WH dimensional rows ambiguously and per project rules dims are not guessed into catalog-verified. Backfill from a certified Donghua print if needed. WR82=pins+sleeves heat-treated tier; WH82=all-parts heat-treated tier (same physical envelope). DEDUPE vs Tsubaki PKG-01e Wave F WH/WR records: keep one chain_id, merge pn_donghua as equivalent, richer dims win. | MERGE CONFLICT with macchain — kept baseline, both values: pitch_mm: 78.1 (donghua) vs 78.11 (macchain); plate_height_in: 1.252 (donghua) vs 1.25 (macchain); tensile_lbs: 22500 (donghua) vs 32780 (macchain); tensile_kn: 100.1 (donghua) vs 145.8 (macchain)."
WS-WH82,Welded Steel Chains,WH82,WH82 Welded Steel Mill Chain,ASME B29.16M / ISO 6972,3.075,78.1,1,Active,catalog-verified,TRUE,"WH82 welded-steel bent-plate mill chain, 78.1 mm pitch, 100.1 kN minimum tensile (131.2 kN average). WH tier: all parts heat treated for higher strength. Two bent plates and sleeves welded into bent-plate links (no rollers). For low-speed, heavy-load, high-impact, abrasive and dusty service; heavy use in forestry and the wood industry.","welded steel mill chain,bent plate chain,engineering chain,forestry,wood industry,heavy load,low speed,abrasive,high impact,ASME B29.16M,sawmill,mill,welded steel,conveyor","Heat-treated Carbon/Alloy Steel,carbon steel,heat-treated",WR tier (pins & sleeves heat treated)|WH tier (all parts heat treated)|riveted construction|cottered construction|A1-A2-F2-F4-K1-K2-W1 attachments|even or odd link count,2.25,57.15,,,0.56,14.22,1.252,31.8,6,8.928,"{""plate_thickness_mm"": 6.4, ""avg_tensile_kn"": 131.2, ""construction"": ""welded bent-plate, sleeve (no roller)""}",22500,100.1,4400,19.6,-20,300,Heavy open-gear/chain lubricant; abrasive-service intervals,Donghua Chain Group catalog p.390 (official en.dhchain.com PDF),,WH82,,,WH82,,,,,,,"PKG-02g (Donghua). Catalog-verified welded-steel mill chain, Donghua catalog p.390. Pitch, plate height, plate thickness, min tensile (Q) and avg tensile (Q0, in extra_dims) aligned by column from official PDF. Bush dia / inner width / pin dia / pin length NOT populated: the OCR interleaved WR and WH dimensional rows ambiguously and per project rules dims are not guessed into catalog-verified. Backfill from a certified Donghua print if needed. WR82=pins+sleeves heat-treated tier; WH82=all-parts heat-treated tier (same physical envelope). DEDUPE vs Tsubaki PKG-01e Wave F WH/WR records: keep one chain_id, merge pn_donghua as equivalent, richer dims win. | MERGE CONFLICT with rexnord — kept baseline, both values: pitch_mm: 78.1 (donghua) vs 78.11 (rexnord); plate_height_in: 1.252 (donghua) vs 1.25 (rexnord); tensile_lbs: 22500 (donghua) vs 29500 (rexnord); tensile_kn: 100.1 (donghua) vs 131.2 (rexnord)."
WS-WR106,Welded Steel Chains,WR106,WR106 Welded Steel Mill Chain,ASME B29.16M / ISO 6972,6,152.4,1,Active,catalog-verified,TRUE,"WR106 welded-steel bent-plate mill chain, 152.4 mm pitch, 169.0 kN minimum tensile (224.6 kN average). WR tier: pins and sleeves heat treated. Two bent plates and sleeves welded into bent-plate links (no rollers). For low-speed, heavy-load, high-impact, abrasive and dusty service; heavy use in forestry and the wood industry.","welded steel mill chain,bent plate chain,engineering chain,forestry,wood industry,heavy load,low speed,abrasive,high impact,ASME B29.16M,sawmill,lumber,mill,welded steel,conveyor","Heat-treated Carbon/Alloy Steel,carbon steel,heat-treated",WR tier (pins & sleeves heat treated)|WH tier (all parts heat treated)|riveted construction|cottered construction|A1-A2-F2-F4-K1-K2-W1 attachments|even or odd link count,1.25,31.75,,,0.75,19.05,1.5,38.1,6.5,9.672,"{""plate_thickness_mm"": 9.7, ""avg_tensile_kn"": 224.6, ""construction"": ""welded bent-plate, sleeve (no roller)""}",37990,169.0,,,-20,300,Heavy open-gear/chain lubricant; abrasive-service intervals,Donghua Chain Group catalog p.390 (official en.dhchain.com PDF),,WR106,,WR106,,,,,,,,"PKG-02g (Donghua). Catalog-verified welded-steel mill chain, Donghua catalog p.390. Pitch, plate height, plate thickness, min tensile (Q) and avg tensile (Q0, in extra_dims) aligned by column from official PDF. Bush dia / inner width / pin dia / pin length NOT populated: the OCR interleaved WR and WH dimensional rows ambiguously and per project rules dims are not guessed into catalog-verified. Backfill from a certified Donghua print if needed. WR106=pins+sleeves heat-treated tier; WH106=all-parts heat-treated tier (same physical envelope). DEDUPE vs Tsubaki PKG-01e Wave F WH/WR records: keep one chain_id, merge pn_donghua as equivalent, richer dims win. | MERGE CONFLICT with macchain — kept baseline, both values: tensile_lbs: 37990 (donghua) vs 50400 (macchain); tensile_kn: 169.0 (donghua) vs 224.2 (macchain)."
WS-WH106,Welded Steel Chains,WH106,WH106 Welded Steel Mill Chain,ASME B29.16M / ISO 6972,6,152.4,1,Active,catalog-verified,FALSE,"WH106 welded-steel bent-plate mill chain, 152.4 mm pitch, 169.0 kN minimum tensile (224.6 kN average). WH tier: all parts heat treated for higher strength. Two bent plates and sleeves welded into bent-plate links (no rollers). For low-speed, heavy-load, high-impact, abrasive and dusty service; heavy use in forestry and the wood industry.","welded steel mill chain, bent plate chain, engineering chain, forestry, wood industry, heavy load, low speed, abrasive, high impact, ASME B29.16M",Heat-treated Carbon/Alloy Steel,WR tier (pins & sleeves heat treated)|WH tier (all parts heat treated)|riveted construction|cottered construction|A1-A2-F2-F4-K1-K2-W1 attachments|even or odd link count,,,,,,,1.5,38.1,,,"{""plate_thickness_mm"": 9.7, ""avg_tensile_kn"": 224.6, ""construction"": ""welded bent-plate, sleeve (no roller)""}",37990,169.0,,,-20,300,Heavy open-gear/chain lubricant; abrasive-service intervals,Donghua Chain Group catalog p.390 (official en.dhchain.com PDF),,WH106,,,,,,,,,,"PKG-02g (Donghua). Catalog-verified welded-steel mill chain, Donghua catalog p.390. Pitch, plate height, plate thickness, min tensile (Q) and avg tensile (Q0, in extra_dims) aligned by column from official PDF. Bush dia / inner width / pin dia / pin length NOT populated: the OCR interleaved WR and WH dimensional rows ambiguously and per project rules dims are not guessed into catalog-verified. Backfill from a certified Donghua print if needed. WR106=pins+sleeves heat-treated tier; WH106=all-parts heat-treated tier (same physical envelope). DEDUPE vs Tsubaki PKG-01e Wave F WH/WR records: keep one chain_id, merge pn_donghua as equivalent, richer dims win."
WS-WR110,Welded Steel Chains,WR110,WR110 Welded Steel Mill Chain,ASME B29.16M / ISO 6972,6,152.4,1,Active,catalog-verified,FALSE,"WR110 welded-steel bent-plate mill chain, 152.4 mm pitch, 169.0 kN minimum tensile (224.6 kN average). WR tier: pins and sleeves heat treated. Two bent plates and sleeves welded into bent-plate links (no rollers). For low-speed, heavy-load, high-impact, abrasive and dusty service; heavy use in forestry and the wood industry.","welded steel mill chain, bent plate chain, engineering chain, forestry, wood industry, heavy load, low speed, abrasive, high impact, ASME B29.16M",Heat-treated Carbon/Alloy Steel,WR tier (pins & sleeves heat treated)|WH tier (all parts heat treated)|riveted construction|cottered construction|A1-A2-F2-F4-K1-K2-W1 attachments|even or odd link count,,,,,,,1.5,38.1,,,"{""plate_thickness_mm"": 9.7, ""avg_tensile_kn"": 224.6, ""construction"": ""welded bent-plate, sleeve (no roller)""}",37990,169.0,,,-20,300,Heavy open-gear/chain lubricant; abrasive-service intervals,Donghua Chain Group catalog p.390 (official en.dhchain.com PDF),,WR110,,,,,,,,,,"PKG-02g (Donghua). Catalog-verified welded-steel mill chain, Donghua catalog p.390. Pitch, plate height, plate thickness, min tensile (Q) and avg tensile (Q0, in extra_dims) aligned by column from official PDF. Bush dia / inner width / pin dia / pin length NOT populated: the OCR interleaved WR and WH dimensional rows ambiguously and per project rules dims are not guessed into catalog-verified. Backfill from a certified Donghua print if needed. WR110=pins+sleeves heat-treated tier; WH110=all-parts heat-treated tier (same physical envelope). DEDUPE vs Tsubaki PKG-01e Wave F WH/WR records: keep one chain_id, merge pn_donghua as equivalent, richer dims win."
WS-WH110,Welded Steel Chains,WH110,WH110 Welded Steel Mill Chain,ASME B29.16M / ISO 6972,6,152.4,1,Active,catalog-verified,TRUE,"WH110 welded-steel bent-plate mill chain, 152.4 mm pitch, 169.0 kN minimum tensile (224.6 kN average). WH tier: all parts heat treated for higher strength. Two bent plates and sleeves welded into bent-plate links (no rollers). For low-speed, heavy-load, high-impact, abrasive and dusty service; heavy use in forestry and the wood industry.","welded steel mill chain,bent plate chain,engineering chain,forestry,wood industry,heavy load,low speed,abrasive,high impact,ASME B29.16M,sawmill,mill,welded steel,conveyor","Heat-treated Carbon/Alloy Steel,carbon steel,heat-treated",WR tier (pins & sleeves heat treated)|WH tier (all parts heat treated)|riveted construction|cottered construction|A1-A2-F2-F4-K1-K2-W1 attachments|even or odd link count,3,76.2,,,0.75,19.05,1.5,38.1,7,10.416,"{""plate_thickness_mm"": 9.7, ""avg_tensile_kn"": 224.6, ""construction"": ""welded bent-plate, sleeve (no roller)""}",37990,169.0,7900,35.1,-20,300,Heavy open-gear/chain lubricant; abrasive-service intervals,Donghua Chain Group catalog p.390 (official en.dhchain.com PDF),,WH110,,,WH110,,,,,,,"PKG-02g (Donghua). Catalog-verified welded-steel mill chain, Donghua catalog p.390. Pitch, plate height, plate thickness, min tensile (Q) and avg tensile (Q0, in extra_dims) aligned by column from official PDF. Bush dia / inner width / pin dia / pin length NOT populated: the OCR interleaved WR and WH dimensional rows ambiguously and per project rules dims are not guessed into catalog-verified. Backfill from a certified Donghua print if needed. WR110=pins+sleeves heat-treated tier; WH110=all-parts heat-treated tier (same physical envelope). DEDUPE vs Tsubaki PKG-01e Wave F WH/WR records: keep one chain_id, merge pn_donghua as equivalent, richer dims win. | MERGE CONFLICT with rexnord — kept baseline, both values: tensile_lbs: 37990 (donghua) vs 50500 (rexnord); tensile_kn: 169.0 (donghua) vs 224.6 (rexnord)."
WS-WR111,Welded Steel Chains,WR111,WR111 Welded Steel Mill Chain,ASME B29.16M / ISO 6972,4.76,120.9,1,Active,catalog-verified,TRUE,"WR111 welded-steel bent-plate mill chain, 120.9 mm pitch, 169.0 kN minimum tensile (224.6 kN average). WR tier: pins and sleeves heat treated. Two bent plates and sleeves welded into bent-plate links (no rollers). For low-speed, heavy-load, high-impact, abrasive and dusty service; heavy use in forestry and the wood industry.","welded steel mill chain,bent plate chain,engineering chain,forestry,wood industry,heavy load,low speed,abrasive,high impact,ASME B29.16M,sawmill,lumber,mill,welded steel,conveyor","Heat-treated Carbon/Alloy Steel,carbon steel,heat-treated",WR tier (pins & sleeves heat treated)|WH tier (all parts heat treated)|riveted construction|cottered construction|A1-A2-F2-F4-K1-K2-W1 attachments|even or odd link count,1.25,31.75,,,0.75,19.05,1.5,38.1,8.6,12.797,"{""plate_thickness_mm"": 9.7, ""avg_tensile_kn"": 224.6, ""construction"": ""welded bent-plate, sleeve (no roller)""}",37990,169.0,,,-20,300,Heavy open-gear/chain lubricant; abrasive-service intervals,Donghua Chain Group catalog p.390 (official en.dhchain.com PDF),,WR111,,WR111,,,,,,,,"PKG-02g (Donghua). Catalog-verified welded-steel mill chain, Donghua catalog p.390. Pitch, plate height, plate thickness, min tensile (Q) and avg tensile (Q0, in extra_dims) aligned by column from official PDF. Bush dia / inner width / pin dia / pin length NOT populated: the OCR interleaved WR and WH dimensional rows ambiguously and per project rules dims are not guessed into catalog-verified. Backfill from a certified Donghua print if needed. WR111=pins+sleeves heat-treated tier; WH111=all-parts heat-treated tier (same physical envelope). DEDUPE vs Tsubaki PKG-01e Wave F WH/WR records: keep one chain_id, merge pn_donghua as equivalent, richer dims win. | MERGE CONFLICT with macchain — kept baseline, both values: plate_height_in: 1.5 (donghua) vs 1.75 (macchain); tensile_lbs: 37990 (donghua) vs 50400 (macchain); tensile_kn: 169.0 (donghua) vs 224.2 (macchain)."
WS-WH111,Welded Steel Chains,WH111,WH111 Welded Steel Mill Chain,ASME B29.16M / ISO 6972,4.76,120.9,1,Active,catalog-verified,FALSE,"WH111 welded-steel bent-plate mill chain, 120.9 mm pitch, 169.0 kN minimum tensile (224.6 kN average). WH tier: all parts heat treated for higher strength. Two bent plates and sleeves welded into bent-plate links (no rollers). For low-speed, heavy-load, high-impact, abrasive and dusty service; heavy use in forestry and the wood industry.","welded steel mill chain, bent plate chain, engineering chain, forestry, wood industry, heavy load, low speed, abrasive, high impact, ASME B29.16M",Heat-treated Carbon/Alloy Steel,WR tier (pins & sleeves heat treated)|WH tier (all parts heat treated)|riveted construction|cottered construction|A1-A2-F2-F4-K1-K2-W1 attachments|even or odd link count,,,,,,,1.5,38.1,,,"{""plate_thickness_mm"": 9.7, ""avg_tensile_kn"": 224.6, ""construction"": ""welded bent-plate, sleeve (no roller)""}",37990,169.0,,,-20,300,Heavy open-gear/chain lubricant; abrasive-service intervals,Donghua Chain Group catalog p.390 (official en.dhchain.com PDF),,WH111,,,,,,,,,,"PKG-02g (Donghua). Catalog-verified welded-steel mill chain, Donghua catalog p.390. Pitch, plate height, plate thickness, min tensile (Q) and avg tensile (Q0, in extra_dims) aligned by column from official PDF. Bush dia / inner width / pin dia / pin length NOT populated: the OCR interleaved WR and WH dimensional rows ambiguously and per project rules dims are not guessed into catalog-verified. Backfill from a certified Donghua print if needed. WR111=pins+sleeves heat-treated tier; WH111=all-parts heat-treated tier (same physical envelope). DEDUPE vs Tsubaki PKG-01e Wave F WH/WR records: keep one chain_id, merge pn_donghua as equivalent, richer dims win."
WS-WR124,Welded Steel Chains,WR124,WR124 Welded Steel Mill Chain,ASME B29.16M / ISO 6972,4,101.6,1,Active,catalog-verified,TRUE,"WR124 welded-steel bent-plate mill chain, 101.6 mm pitch, 169.0 kN minimum tensile (224.6 kN average). WR tier: pins and sleeves heat treated. Two bent plates and sleeves welded into bent-plate links (no rollers). For low-speed, heavy-load, high-impact, abrasive and dusty service; heavy use in forestry and the wood industry.","welded steel mill chain,bent plate chain,engineering chain,forestry,wood industry,heavy load,low speed,abrasive,high impact,ASME B29.16M,sawmill,lumber,mill,welded steel,conveyor","Heat-treated Carbon/Alloy Steel,carbon steel,heat-treated",WR tier (pins & sleeves heat treated)|WH tier (all parts heat treated)|riveted construction|cottered construction|A1-A2-F2-F4-K1-K2-W1 attachments|even or odd link count,1.25,31.75,,,0.75,19.05,1.5,38.1,8,11.904,"{""plate_thickness_mm"": 9.7, ""avg_tensile_kn"": 224.6, ""construction"": ""welded bent-plate, sleeve (no roller)""}",37990,169.0,,,-20,300,Heavy open-gear/chain lubricant; abrasive-service intervals,Donghua Chain Group catalog p.390 (official en.dhchain.com PDF),,WR124,,WR124,,,,,,,,"PKG-02g (Donghua). Catalog-verified welded-steel mill chain, Donghua catalog p.390. Pitch, plate height, plate thickness, min tensile (Q) and avg tensile (Q0, in extra_dims) aligned by column from official PDF. Bush dia / inner width / pin dia / pin length NOT populated: the OCR interleaved WR and WH dimensional rows ambiguously and per project rules dims are not guessed into catalog-verified. Backfill from a certified Donghua print if needed. WR124=pins+sleeves heat-treated tier; WH124=all-parts heat-treated tier (same physical envelope). DEDUPE vs Tsubaki PKG-01e Wave F WH/WR records: keep one chain_id, merge pn_donghua as equivalent, richer dims win. | MERGE CONFLICT with macchain — kept baseline, both values: tensile_lbs: 37990 (donghua) vs 50400 (macchain); tensile_kn: 169.0 (donghua) vs 224.2 (macchain)."
WS-WH124,Welded Steel Chains,WH124,WH124 Welded Steel Mill Chain,ASME B29.16M / ISO 6972,4,101.6,1,Active,catalog-verified,FALSE,"WH124 welded-steel bent-plate mill chain, 101.6 mm pitch, 169.0 kN minimum tensile (224.6 kN average). WH tier: all parts heat treated for higher strength. Two bent plates and sleeves welded into bent-plate links (no rollers). For low-speed, heavy-load, high-impact, abrasive and dusty service; heavy use in forestry and the wood industry.","welded steel mill chain, bent plate chain, engineering chain, forestry, wood industry, heavy load, low speed, abrasive, high impact, ASME B29.16M",Heat-treated Carbon/Alloy Steel,WR tier (pins & sleeves heat treated)|WH tier (all parts heat treated)|riveted construction|cottered construction|A1-A2-F2-F4-K1-K2-W1 attachments|even or odd link count,,,,,,,1.5,38.1,,,"{""plate_thickness_mm"": 9.7, ""avg_tensile_kn"": 224.6, ""construction"": ""welded bent-plate, sleeve (no roller)""}",37990,169.0,,,-20,300,Heavy open-gear/chain lubricant; abrasive-service intervals,Donghua Chain Group catalog p.390 (official en.dhchain.com PDF),,WH124,,,,,,,,,,"PKG-02g (Donghua). Catalog-verified welded-steel mill chain, Donghua catalog p.390. Pitch, plate height, plate thickness, min tensile (Q) and avg tensile (Q0, in extra_dims) aligned by column from official PDF. Bush dia / inner width / pin dia / pin length NOT populated: the OCR interleaved WR and WH dimensional rows ambiguously and per project rules dims are not guessed into catalog-verified. Backfill from a certified Donghua print if needed. WR124=pins+sleeves heat-treated tier; WH124=all-parts heat-treated tier (same physical envelope). DEDUPE vs Tsubaki PKG-01e Wave F WH/WR records: keep one chain_id, merge pn_donghua as equivalent, richer dims win."
WS-WR124H,Welded Steel Chains,WR124H,WR124H Welded Steel Mill Chain,ASME B29.16M / ISO 6972,4.063,103.2,1,Active,catalog-verified,FALSE,"WR124H welded-steel bent-plate mill chain, 103.2 mm pitch, 275.8 kN minimum tensile (355.9 kN average). WR tier: pins and sleeves heat treated. Two bent plates and sleeves welded into bent-plate links (no rollers). For low-speed, heavy-load, high-impact, abrasive and dusty service; heavy use in forestry and the wood industry.","welded steel mill chain, bent plate chain, engineering chain, forestry, wood industry, heavy load, low speed, abrasive, high impact, ASME B29.16M",Heat-treated Carbon/Alloy Steel,WR tier (pins & sleeves heat treated)|WH tier (all parts heat treated)|riveted construction|cottered construction|A1-A2-F2-F4-K1-K2-W1 attachments|even or odd link count,,,,,,,2,50.8,,,"{""plate_thickness_mm"": 12.7, ""avg_tensile_kn"": 355.9, ""construction"": ""welded bent-plate, sleeve (no roller)""}",62000,275.8,,,-20,300,Heavy open-gear/chain lubricant; abrasive-service intervals,Donghua Chain Group catalog p.390 (official en.dhchain.com PDF),,WR124H,,,,,,,,,,"PKG-02g (Donghua). Catalog-verified welded-steel mill chain, Donghua catalog p.390. Pitch, plate height, plate thickness, min tensile (Q) and avg tensile (Q0, in extra_dims) aligned by column from official PDF. Bush dia / inner width / pin dia / pin length NOT populated: the OCR interleaved WR and WH dimensional rows ambiguously and per project rules dims are not guessed into catalog-verified. Backfill from a certified Donghua print if needed. WR124H=pins+sleeves heat-treated tier; WH124H=all-parts heat-treated tier (same physical envelope). DEDUPE vs Tsubaki PKG-01e Wave F WH/WR records: keep one chain_id, merge pn_donghua as equivalent, richer dims win."
WS-WH124H,Welded Steel Chains,WH124H,WH124H Welded Steel Mill Chain,ASME B29.16M / ISO 6972,4.063,103.2,1,Active,catalog-verified,FALSE,"WH124H welded-steel bent-plate mill chain, 103.2 mm pitch, 275.8 kN minimum tensile (355.9 kN average). WH tier: all parts heat treated for higher strength. Two bent plates and sleeves welded into bent-plate links (no rollers). For low-speed, heavy-load, high-impact, abrasive and dusty service; heavy use in forestry and the wood industry.","welded steel mill chain, bent plate chain, engineering chain, forestry, wood industry, heavy load, low speed, abrasive, high impact, ASME B29.16M",Heat-treated Carbon/Alloy Steel,WR tier (pins & sleeves heat treated)|WH tier (all parts heat treated)|riveted construction|cottered construction|A1-A2-F2-F4-K1-K2-W1 attachments|even or odd link count,,,,,,,2,50.8,,,"{""plate_thickness_mm"": 12.7, ""avg_tensile_kn"": 355.9, ""construction"": ""welded bent-plate, sleeve (no roller)""}",62000,275.8,,,-20,300,Heavy open-gear/chain lubricant; abrasive-service intervals,Donghua Chain Group catalog p.390 (official en.dhchain.com PDF),,WH124H,,,,,,,,,,"PKG-02g (Donghua). Catalog-verified welded-steel mill chain, Donghua catalog p.390. Pitch, plate height, plate thickness, min tensile (Q) and avg tensile (Q0, in extra_dims) aligned by column from official PDF. Bush dia / inner width / pin dia / pin length NOT populated: the OCR interleaved WR and WH dimensional rows ambiguously and per project rules dims are not guessed into catalog-verified. Backfill from a certified Donghua print if needed. WR124H=pins+sleeves heat-treated tier; WH124H=all-parts heat-treated tier (same physical envelope). DEDUPE vs Tsubaki PKG-01e Wave F WH/WR records: keep one chain_id, merge pn_donghua as equivalent, richer dims win."
WS-WR132,Welded Steel Chains,WR132,WR132 Welded Steel Mill Chain,ASME B29.16M / ISO 6972,6.05,153.67,1,Active,catalog-verified,TRUE,"WR132 welded-steel bent-plate mill chain, 153.67 mm pitch, 275.8 kN minimum tensile (378.1 kN average). WR tier: pins and sleeves heat treated. Two bent plates and sleeves welded into bent-plate links (no rollers). For low-speed, heavy-load, high-impact, abrasive and dusty service; heavy use in forestry and the wood industry.","welded steel mill chain,bent plate chain,engineering chain,forestry,wood industry,heavy load,low speed,abrasive,high impact,ASME B29.16M,sawmill,lumber,mill,welded steel,conveyor","Heat-treated Carbon/Alloy Steel,carbon steel,heat-treated",WR tier (pins & sleeves heat treated)|WH tier (all parts heat treated)|riveted construction|cottered construction|A1-A2-F2-F4-K1-K2-W1 attachments|even or odd link count,1.66,42.16,,,1,25.4,2,50.8,13.5,20.088,"{""plate_thickness_mm"": 12.7, ""avg_tensile_kn"": 378.1, ""construction"": ""welded bent-plate, sleeve (no roller)""}",62000,275.8,,,-20,300,Heavy open-gear/chain lubricant; abrasive-service intervals,Donghua Chain Group catalog p.390 (official en.dhchain.com PDF),,WR132,,WR132,,,,,,,,"PKG-02g (Donghua). Catalog-verified welded-steel mill chain, Donghua catalog p.390. Pitch, plate height, plate thickness, min tensile (Q) and avg tensile (Q0, in extra_dims) aligned by column from official PDF. Bush dia / inner width / pin dia / pin length NOT populated: the OCR interleaved WR and WH dimensional rows ambiguously and per project rules dims are not guessed into catalog-verified. Backfill from a certified Donghua print if needed. WR132=pins+sleeves heat-treated tier; WH132=all-parts heat-treated tier (same physical envelope). DEDUPE vs Tsubaki PKG-01e Wave F WH/WR records: keep one chain_id, merge pn_donghua as equivalent, richer dims win. | MERGE CONFLICT with macchain — kept baseline, both values: plate_height_in: 2 (donghua) vs 2.5 (macchain); tensile_lbs: 62000 (donghua) vs 85500 (macchain); tensile_kn: 275.8 (donghua) vs 380.3 (macchain)."
WS-WH132,Welded Steel Chains,WH132,WH132 Welded Steel Mill Chain,ASME B29.16M / ISO 6972,6.05,153.67,1,Active,catalog-verified,FALSE,"WH132 welded-steel bent-plate mill chain, 153.67 mm pitch, 275.8 kN minimum tensile (378.1 kN average). WH tier: all parts heat treated for higher strength. Two bent plates and sleeves welded into bent-plate links (no rollers). For low-speed, heavy-load, high-impact, abrasive and dusty service; heavy use in forestry and the wood industry.","welded steel mill chain, bent plate chain, engineering chain, forestry, wood industry, heavy load, low speed, abrasive, high impact, ASME B29.16M",Heat-treated Carbon/Alloy Steel,WR tier (pins & sleeves heat treated)|WH tier (all parts heat treated)|riveted construction|cottered construction|A1-A2-F2-F4-K1-K2-W1 attachments|even or odd link count,,,,,,,2,50.8,,,"{""plate_thickness_mm"": 12.7, ""avg_tensile_kn"": 378.1, ""construction"": ""welded bent-plate, sleeve (no roller)""}",62000,275.8,,,-20,300,Heavy open-gear/chain lubricant; abrasive-service intervals,Donghua Chain Group catalog p.390 (official en.dhchain.com PDF),,WH132,,,,,,,,,,"PKG-02g (Donghua). Catalog-verified welded-steel mill chain, Donghua catalog p.390. Pitch, plate height, plate thickness, min tensile (Q) and avg tensile (Q0, in extra_dims) aligned by column from official PDF. Bush dia / inner width / pin dia / pin length NOT populated: the OCR interleaved WR and WH dimensional rows ambiguously and per project rules dims are not guessed into catalog-verified. Backfill from a certified Donghua print if needed. WR132=pins+sleeves heat-treated tier; WH132=all-parts heat-treated tier (same physical envelope). DEDUPE vs Tsubaki PKG-01e Wave F WH/WR records: keep one chain_id, merge pn_donghua as equivalent, richer dims win."
WS-WR150,Welded Steel Chains,WR150,WR150 Welded Steel Mill Chain,ASME B29.16M / ISO 6972,6.05,153.67,1,Active,catalog-verified,TRUE,"WR150 welded-steel bent-plate mill chain, 153.67 mm pitch, 820.0 kN minimum tensile (902.0 kN average). WR tier: pins and sleeves heat treated. Two bent plates and sleeves welded into bent-plate links (no rollers). For low-speed, heavy-load, high-impact, abrasive and dusty service; heavy use in forestry and the wood industry.","welded steel mill chain,bent plate chain,engineering chain,forestry,wood industry,heavy load,low speed,abrasive,high impact,ASME B29.16M,sawmill,lumber,mill,welded steel,conveyor","Heat-treated Carbon/Alloy Steel,carbon steel,heat-treated",WR tier (pins & sleeves heat treated)|WH tier (all parts heat treated)|riveted construction|cottered construction|A1-A2-F2-F4-K1-K2-W1 attachments|even or odd link count,1.66,42.16,,,1,25.4,2.5,63.5,15.5,23.064,"{""plate_thickness_mm"": 15.9, ""avg_tensile_kn"": 902.0, ""construction"": ""welded bent-plate, sleeve (no roller)""}",184340,820.0,,,-20,300,Heavy open-gear/chain lubricant; abrasive-service intervals,Donghua Chain Group catalog p.390 (official en.dhchain.com PDF),,WR150,,WR150,,,,,,,,"PKG-02g (Donghua). Catalog-verified welded-steel mill chain, Donghua catalog p.390. Pitch, plate height, plate thickness, min tensile (Q) and avg tensile (Q0, in extra_dims) aligned by column from official PDF. Bush dia / inner width / pin dia / pin length NOT populated: the OCR interleaved WR and WH dimensional rows ambiguously and per project rules dims are not guessed into catalog-verified. Backfill from a certified Donghua print if needed. WR150=pins+sleeves heat-treated tier; WH150=all-parts heat-treated tier (same physical envelope). DEDUPE vs Tsubaki PKG-01e Wave F WH/WR records: keep one chain_id, merge pn_donghua as equivalent, richer dims win. | MERGE CONFLICT with macchain — kept baseline, both values: tensile_lbs: 184340 (donghua) vs 120000 (macchain); tensile_kn: 820.0 (donghua) vs 533.8 (macchain)."
WS-WH150,Welded Steel Chains,WH150,WH150 Welded Steel Mill Chain,ASME B29.16M / ISO 6972,6.05,153.67,1,Active,catalog-verified,FALSE,"WH150 welded-steel bent-plate mill chain, 153.67 mm pitch, 820.0 kN minimum tensile (902.0 kN average). WH tier: all parts heat treated for higher strength. Two bent plates and sleeves welded into bent-plate links (no rollers). For low-speed, heavy-load, high-impact, abrasive and dusty service; heavy use in forestry and the wood industry.","welded steel mill chain, bent plate chain, engineering chain, forestry, wood industry, heavy load, low speed, abrasive, high impact, ASME B29.16M",Heat-treated Carbon/Alloy Steel,WR tier (pins & sleeves heat treated)|WH tier (all parts heat treated)|riveted construction|cottered construction|A1-A2-F2-F4-K1-K2-W1 attachments|even or odd link count,,,,,,,2.5,63.5,,,"{""plate_thickness_mm"": 15.9, ""avg_tensile_kn"": 902.0, ""construction"": ""welded bent-plate, sleeve (no roller)""}",184340,820.0,,,-20,300,Heavy open-gear/chain lubricant; abrasive-service intervals,Donghua Chain Group catalog p.390 (official en.dhchain.com PDF),,WH150,,,,,,,,,,"PKG-02g (Donghua). Catalog-verified welded-steel mill chain, Donghua catalog p.390. Pitch, plate height, plate thickness, min tensile (Q) and avg tensile (Q0, in extra_dims) aligned by column from official PDF. Bush dia / inner width / pin dia / pin length NOT populated: the OCR interleaved WR and WH dimensional rows ambiguously and per project rules dims are not guessed into catalog-verified. Backfill from a certified Donghua print if needed. WR150=pins+sleeves heat-treated tier; WH150=all-parts heat-treated tier (same physical envelope). DEDUPE vs Tsubaki PKG-01e Wave F WH/WR records: keep one chain_id, merge pn_donghua as equivalent, richer dims win."
WS-WR155,Welded Steel Chains,WR155,WR155 Welded Steel Mill Chain,ASME B29.16M / ISO 6972,6.05,153.67,1,Active,catalog-verified,FALSE,"WR155 welded-steel bent-plate mill chain, 153.67 mm pitch, 820.0 kN minimum tensile (902.0 kN average). WR tier: pins and sleeves heat treated. Two bent plates and sleeves welded into bent-plate links (no rollers). For low-speed, heavy-load, high-impact, abrasive and dusty service; heavy use in forestry and the wood industry.","welded steel mill chain, bent plate chain, engineering chain, forestry, wood industry, heavy load, low speed, abrasive, high impact, ASME B29.16M",Heat-treated Carbon/Alloy Steel,WR tier (pins & sleeves heat treated)|WH tier (all parts heat treated)|riveted construction|cottered construction|A1-A2-F2-F4-K1-K2-W1 attachments|even or odd link count,,,,,,,2.5,63.5,,,"{""plate_thickness_mm"": 12.7, ""avg_tensile_kn"": 902.0, ""construction"": ""welded bent-plate, sleeve (no roller)""}",184340,820.0,,,-20,300,Heavy open-gear/chain lubricant; abrasive-service intervals,Donghua Chain Group catalog p.390 (official en.dhchain.com PDF),,WR155,,,,,,,,,,"PKG-02g (Donghua). Catalog-verified welded-steel mill chain, Donghua catalog p.390. Pitch, plate height, plate thickness, min tensile (Q) and avg tensile (Q0, in extra_dims) aligned by column from official PDF. Bush dia / inner width / pin dia / pin length NOT populated: the OCR interleaved WR and WH dimensional rows ambiguously and per project rules dims are not guessed into catalog-verified. Backfill from a certified Donghua print if needed. WR155=pins+sleeves heat-treated tier; WH155=all-parts heat-treated tier (same physical envelope). DEDUPE vs Tsubaki PKG-01e Wave F WH/WR records: keep one chain_id, merge pn_donghua as equivalent, richer dims win."
WS-WH155,Welded Steel Chains,WH155,WH155 Welded Steel Mill Chain,ASME B29.16M / ISO 6972,6.05,153.67,1,Active,catalog-verified,FALSE,"WH155 welded-steel bent-plate mill chain, 153.67 mm pitch, 820.0 kN minimum tensile (902.0 kN average). WH tier: all parts heat treated for higher strength. Two bent plates and sleeves welded into bent-plate links (no rollers). For low-speed, heavy-load, high-impact, abrasive and dusty service; heavy use in forestry and the wood industry.","welded steel mill chain, bent plate chain, engineering chain, forestry, wood industry, heavy load, low speed, abrasive, high impact, ASME B29.16M",Heat-treated Carbon/Alloy Steel,WR tier (pins & sleeves heat treated)|WH tier (all parts heat treated)|riveted construction|cottered construction|A1-A2-F2-F4-K1-K2-W1 attachments|even or odd link count,,,,,,,2.5,63.5,,,"{""plate_thickness_mm"": 12.7, ""avg_tensile_kn"": 902.0, ""construction"": ""welded bent-plate, sleeve (no roller)""}",184340,820.0,,,-20,300,Heavy open-gear/chain lubricant; abrasive-service intervals,Donghua Chain Group catalog p.390 (official en.dhchain.com PDF),,WH155,,,,,,,,,,"PKG-02g (Donghua). Catalog-verified welded-steel mill chain, Donghua catalog p.390. Pitch, plate height, plate thickness, min tensile (Q) and avg tensile (Q0, in extra_dims) aligned by column from official PDF. Bush dia / inner width / pin dia / pin length NOT populated: the OCR interleaved WR and WH dimensional rows ambiguously and per project rules dims are not guessed into catalog-verified. Backfill from a certified Donghua print if needed. WR155=pins+sleeves heat-treated tier; WH155=all-parts heat-treated tier (same physical envelope). DEDUPE vs Tsubaki PKG-01e Wave F WH/WR records: keep one chain_id, merge pn_donghua as equivalent, richer dims win."
WS-WR157,Welded Steel Chains,WR157,WR157 Welded Steel Mill Chain,ASME B29.16M / ISO 6972,6.05,153.67,1,Active,catalog-verified,TRUE,"WR157 welded-steel bent-plate mill chain, 153.67 mm pitch, 530.0 kN minimum tensile (583.0 kN average). WR tier: pins and sleeves heat treated. Two bent plates and sleeves welded into bent-plate links (no rollers). For low-speed, heavy-load, high-impact, abrasive and dusty service; heavy use in forestry and the wood industry.","welded steel mill chain,bent plate chain,engineering chain,forestry,wood industry,heavy load,low speed,abrasive,high impact,ASME B29.16M,sawmill,lumber,mill,welded steel,conveyor","Heat-treated Carbon/Alloy Steel,carbon steel,heat-treated",WR tier (pins & sleeves heat treated)|WH tier (all parts heat treated)|riveted construction|cottered construction|A1-A2-F2-F4-K1-K2-W1 attachments|even or odd link count,1.75,44.45,,,1.125,28.57,2.5,63.5,20,29.76,"{""plate_thickness_mm"": 12.7, ""avg_tensile_kn"": 583.0, ""construction"": ""welded bent-plate, sleeve (no roller)""}",119150,530.0,,,-20,300,Heavy open-gear/chain lubricant; abrasive-service intervals,Donghua Chain Group catalog p.390 (official en.dhchain.com PDF),,WR157,,WR157,,,,,,,,"PKG-02g (Donghua). Catalog-verified welded-steel mill chain, Donghua catalog p.390. Pitch, plate height, plate thickness, min tensile (Q) and avg tensile (Q0, in extra_dims) aligned by column from official PDF. Bush dia / inner width / pin dia / pin length NOT populated: the OCR interleaved WR and WH dimensional rows ambiguously and per project rules dims are not guessed into catalog-verified. Backfill from a certified Donghua print if needed. WR157=pins+sleeves heat-treated tier; WH157=all-parts heat-treated tier (same physical envelope). DEDUPE vs Tsubaki PKG-01e Wave F WH/WR records: keep one chain_id, merge pn_donghua as equivalent, richer dims win. | MERGE CONFLICT with macchain — kept baseline, both values: tensile_lbs: 119150 (donghua) vs 148000 (macchain); tensile_kn: 530.0 (donghua) vs 658.3 (macchain)."
WS-WH157,Welded Steel Chains,WH157,WH157 Welded Steel Mill Chain,ASME B29.16M / ISO 6972,6.05,153.67,1,Active,catalog-verified,FALSE,"WH157 welded-steel bent-plate mill chain, 153.67 mm pitch, 530.0 kN minimum tensile (583.0 kN average). WH tier: all parts heat treated for higher strength. Two bent plates and sleeves welded into bent-plate links (no rollers). For low-speed, heavy-load, high-impact, abrasive and dusty service; heavy use in forestry and the wood industry.","welded steel mill chain, bent plate chain, engineering chain, forestry, wood industry, heavy load, low speed, abrasive, high impact, ASME B29.16M",Heat-treated Carbon/Alloy Steel,WR tier (pins & sleeves heat treated)|WH tier (all parts heat treated)|riveted construction|cottered construction|A1-A2-F2-F4-K1-K2-W1 attachments|even or odd link count,,,,,,,2.5,63.5,,,"{""plate_thickness_mm"": 12.7, ""avg_tensile_kn"": 583.0, ""construction"": ""welded bent-plate, sleeve (no roller)""}",119150,530.0,,,-20,300,Heavy open-gear/chain lubricant; abrasive-service intervals,Donghua Chain Group catalog p.390 (official en.dhchain.com PDF),,WH157,,,,,,,,,,"PKG-02g (Donghua). Catalog-verified welded-steel mill chain, Donghua catalog p.390. Pitch, plate height, plate thickness, min tensile (Q) and avg tensile (Q0, in extra_dims) aligned by column from official PDF. Bush dia / inner width / pin dia / pin length NOT populated: the OCR interleaved WR and WH dimensional rows ambiguously and per project rules dims are not guessed into catalog-verified. Backfill from a certified Donghua print if needed. WR157=pins+sleeves heat-treated tier; WH157=all-parts heat-treated tier (same physical envelope). DEDUPE vs Tsubaki PKG-01e Wave F WH/WR records: keep one chain_id, merge pn_donghua as equivalent, richer dims win."
WD-WD104,Welded Steel Chains,WD104,WD104 Welded Steel Drag Chain,ASME B29.18M / ISO 6971,5,127.0,1,Active,catalog-verified,TRUE,"WD104 welded-steel bent-plate drag (traction) chain, 127.0 mm pitch, 170 kN minimum tensile (only-pin-hardened tier; 245 kN all-parts-hardened). Non-circular special-shaped sleeve meshes with the sprocket while the flat face pushes or scrapes material. For traction conveyors handling large or stacked bulk materials.","welded steel drag chain,traction chain,bent plate chain,scraper,drag conveyor,bulk material,push conveyor,engineering chain,ASME B29.18M,ISO 6971,sawmill,refuse,hog fuel,welded steel","Heat-treated Carbon/Alloy Steel,carbon steel,heat-treated",only-pin-hardened tier|all-parts-hardened tier|special-shaped (non-circular) sleeve|A-type drag flights|F/K/G attachments|even or odd link count|custom accessories,,,6.378,162.0,0.753,19.13,1.501,38.12,8.6,12.797,"{""bush_AA_length_mm"": 31.7, ""bush_AA_height_mm"": 39.1, ""narrow_end_inner_width_mm"": 162.0, ""narrow_end_outer_width_mm"": 197.1, ""broad_end_inner_width_mm"": 197.6, ""pin_length_mm"": 255.6, ""Lc_mm"": 245.4, ""plate_thickness_mm"": 9.7, ""tensile_all_parts_hardened_kn"": 245.0, ""construction"": ""welded bent-plate, non-circular special-shaped sleeve (no roller)""}",38220,170.0,,,-20,300,Heavy open-gear/chain lubricant; abrasive-service intervals,Donghua Chain Group catalog p.395 (official en.dhchain.com PDF),,WD104,,WD104,,,,,,,,"PKG-02g-drag (Donghua). Catalog-verified welded-steel drag chain, Donghua catalog p.395. Full dims aligned by column from official PDF. tensile_kn = only-pin-hardened Q-min; all-parts-hardened Q-min in extra_dims.tensile_all_parts_hardened_kn. Non-circular sleeve (special-shaped) distinguishes drag (B29.18M) from mill (B29.16M) chains. WD102/WD104 narrow-end width values (b1/b2/b3) may be transposed in the source OCR; flagged needs_review — verify against a certified Donghua print before trusting widths. DEDUPE vs any existing WD-series (Tsubaki/registry); keep one chain_id, merge pn_donghua. | MERGE CONFLICT with macchain — kept baseline, both values: pitch_in: 5 (donghua) vs 6 (macchain); pitch_mm: 127.0 (donghua) vs 152.4 (macchain); pin_dia_in: 0.753 (donghua) vs 0.75 (macchain); plate_height_in: 1.501 (donghua) vs 1.5 (macchain); tensile_lbs: 38220 (donghua) vs 51000 (macchain); tensile_kn: 170.0 (donghua) vs 226.9 (macchain)."
WD-WD102,Welded Steel Chains,WD102,WD102 Welded Steel Drag Chain,ASME B29.18M / ISO 6971,6,152.4,1,Active,catalog-verified,TRUE,"WD102 welded-steel bent-plate drag (traction) chain, 152.4 mm pitch, 170 kN minimum tensile (only-pin-hardened tier; 245 kN all-parts-hardened). Non-circular special-shaped sleeve meshes with the sprocket while the flat face pushes or scrapes material. For traction conveyors handling large or stacked bulk materials.","welded steel drag chain,traction chain,bent plate chain,scraper,drag conveyor,bulk material,push conveyor,engineering chain,ASME B29.18M,ISO 6971,sawmill,refuse,hog fuel,welded steel","Heat-treated Carbon/Alloy Steel,carbon steel,heat-treated",only-pin-hardened tier|all-parts-hardened tier|special-shaped (non-circular) sleeve|A-type drag flights|F/K/G attachments|even or odd link count|custom accessories,,,4.118,104.6,0.753,19.13,1.501,38.12,12,17.856,"{""bush_AA_length_mm"": 31.7, ""bush_AA_height_mm"": 39.1, ""narrow_end_inner_width_mm"": 104.6, ""narrow_end_outer_width_mm"": 136.9, ""broad_end_inner_width_mm"": 137.4, ""pin_length_mm"": 188.0, ""Lc_mm"": 181.4, ""plate_thickness_mm"": 9.7, ""tensile_all_parts_hardened_kn"": 245.0, ""construction"": ""welded bent-plate, non-circular special-shaped sleeve (no roller)""}",38220,170.0,,,-20,300,Heavy open-gear/chain lubricant; abrasive-service intervals,Donghua Chain Group catalog p.395 (official en.dhchain.com PDF),,WD102,,WD102,,,,,,,,"PKG-02g-drag (Donghua). Catalog-verified welded-steel drag chain, Donghua catalog p.395. Full dims aligned by column from official PDF. tensile_kn = only-pin-hardened Q-min; all-parts-hardened Q-min in extra_dims.tensile_all_parts_hardened_kn. Non-circular sleeve (special-shaped) distinguishes drag (B29.18M) from mill (B29.16M) chains. WD102/WD104 narrow-end width values (b1/b2/b3) may be transposed in the source OCR; flagged needs_review — verify against a certified Donghua print before trusting widths. DEDUPE vs any existing WD-series (Tsubaki/registry); keep one chain_id, merge pn_donghua. | MERGE CONFLICT with macchain — kept baseline, both values: pitch_in: 6 (donghua) vs 5 (macchain); pitch_mm: 152.4 (donghua) vs 127.0 (macchain); pin_dia_in: 0.753 (donghua) vs 0.75 (macchain); plate_height_in: 1.501 (donghua) vs 1.5 (macchain); tensile_lbs: 38220 (donghua) vs 51000 (macchain); tensile_kn: 170.0 (donghua) vs 226.9 (macchain)."
WD-WD110,Welded Steel Chains,WD110,WD110 Welded Steel Drag Chain,ASME B29.18M / ISO 6971,6,152.4,1,Active,catalog-verified,TRUE,"WD110 welded-steel bent-plate drag (traction) chain, 152.4 mm pitch, 170 kN minimum tensile (only-pin-hardened tier; 245 kN all-parts-hardened). Non-circular special-shaped sleeve meshes with the sprocket while the flat face pushes or scrapes material. For traction conveyors handling large or stacked bulk materials.","welded steel drag chain,traction chain,bent plate chain,scraper,drag conveyor,bulk material,push conveyor,engineering chain,ASME B29.18M,ISO 6971,sawmill,refuse,hog fuel,welded steel","Heat-treated Carbon/Alloy Steel,carbon steel,heat-treated",only-pin-hardened tier|all-parts-hardened tier|special-shaped (non-circular) sleeve|A-type drag flights|F/K/G attachments|even or odd link count|custom accessories,,,9,228.6,0.753,19.13,1.501,38.12,12,17.856,"{""bush_AA_length_mm"": 31.7, ""bush_AA_height_mm"": 39.1, ""narrow_end_inner_width_mm"": 228.6, ""narrow_end_outer_width_mm"": 263.9, ""broad_end_inner_width_mm"": 264.4, ""pin_length_mm"": 315.0, ""Lc_mm"": 308.6, ""plate_thickness_mm"": 9.7, ""tensile_all_parts_hardened_kn"": 245.0, ""construction"": ""welded bent-plate, non-circular special-shaped sleeve (no roller)""}",38220,170.0,,,-20,300,Heavy open-gear/chain lubricant; abrasive-service intervals,Donghua Chain Group catalog p.395 (official en.dhchain.com PDF),,WD110,,WD110,,,,,,,,"PKG-02g-drag (Donghua). Catalog-verified welded-steel drag chain, Donghua catalog p.395. Full dims aligned by column from official PDF. tensile_kn = only-pin-hardened Q-min; all-parts-hardened Q-min in extra_dims.tensile_all_parts_hardened_kn. Non-circular sleeve (special-shaped) distinguishes drag (B29.18M) from mill (B29.16M) chains. DEDUPE vs any existing WD-series (Tsubaki/registry); keep one chain_id, merge pn_donghua. | MERGE CONFLICT with macchain — kept baseline, both values: pin_dia_in: 0.753 (donghua) vs 0.75 (macchain); plate_height_in: 1.501 (donghua) vs 1.5 (macchain); tensile_lbs: 38220 (donghua) vs 51000 (macchain); tensile_kn: 170.0 (donghua) vs 226.9 (macchain)."
WD-WD112,Welded Steel Chains,WD112,WD112 Welded Steel Drag Chain,ASME B29.18M / ISO 6971,8,203.2,1,Active,catalog-verified,TRUE,"WD112 welded-steel bent-plate drag (traction) chain, 203.2 mm pitch, 170 kN minimum tensile (only-pin-hardened tier; 245 kN all-parts-hardened). Non-circular special-shaped sleeve meshes with the sprocket while the flat face pushes or scrapes material. For traction conveyors handling large or stacked bulk materials.","welded steel drag chain,traction chain,bent plate chain,scraper,drag conveyor,bulk material,push conveyor,engineering chain,ASME B29.18M,ISO 6971,sawmill,refuse,hog fuel,welded steel","Heat-treated Carbon/Alloy Steel,carbon steel,heat-treated",only-pin-hardened tier|all-parts-hardened tier|special-shaped (non-circular) sleeve|A-type drag flights|F/K/G attachments|even or odd link count|custom accessories,,,9,228.6,0.753,19.13,1.501,38.12,10,14.88,"{""bush_AA_length_mm"": 31.7, ""bush_AA_height_mm"": 39.1, ""narrow_end_inner_width_mm"": 228.6, ""narrow_end_outer_width_mm"": 263.9, ""broad_end_inner_width_mm"": 264.4, ""pin_length_mm"": 315.0, ""Lc_mm"": 308.6, ""plate_thickness_mm"": 9.7, ""tensile_all_parts_hardened_kn"": 245.0, ""construction"": ""welded bent-plate, non-circular special-shaped sleeve (no roller)""}",38220,170.0,,,-20,300,Heavy open-gear/chain lubricant; abrasive-service intervals,Donghua Chain Group catalog p.395 (official en.dhchain.com PDF),,WD112,,WD112,,,,,,,,"PKG-02g-drag (Donghua). Catalog-verified welded-steel drag chain, Donghua catalog p.395. Full dims aligned by column from official PDF. tensile_kn = only-pin-hardened Q-min; all-parts-hardened Q-min in extra_dims.tensile_all_parts_hardened_kn. Non-circular sleeve (special-shaped) distinguishes drag (B29.18M) from mill (B29.16M) chains. DEDUPE vs any existing WD-series (Tsubaki/registry); keep one chain_id, merge pn_donghua. | MERGE CONFLICT with macchain — kept baseline, both values: pin_dia_in: 0.753 (donghua) vs 0.75 (macchain); plate_height_in: 1.501 (donghua) vs 1.5 (macchain); tensile_lbs: 38220 (donghua) vs 51000 (macchain); tensile_kn: 170.0 (donghua) vs 226.9 (macchain)."
WD-WD113,Welded Steel Chains,WD113,WD113 Welded Steel Drag Chain,ASME B29.18M / ISO 6971,6,152.4,1,Active,catalog-verified,FALSE,"WD113 welded-steel bent-plate drag (traction) chain, 152.4 mm pitch, 213 kN minimum tensile (only-pin-hardened tier; 253 kN all-parts-hardened). Non-circular special-shaped sleeve meshes with the sprocket while the flat face pushes or scrapes material. For traction conveyors handling large or stacked bulk materials.","welded steel drag chain, traction chain, bent plate chain, scraper, drag conveyor, bulk material, push conveyor, engineering chain, ASME B29.18M, ISO 6971",Heat-treated Carbon/Alloy Steel,only-pin-hardened tier|all-parts-hardened tier|special-shaped (non-circular) sleeve|A-type drag flights|F/K/G attachments|even or odd link count|custom accessories,,,9,228.6,0.878,22.3,1.501,38.12,,,"{""bush_AA_length_mm"": 33.2, ""bush_AA_height_mm"": 39.1, ""narrow_end_inner_width_mm"": 228.6, ""narrow_end_outer_width_mm"": 270.2, ""broad_end_inner_width_mm"": 270.7, ""pin_length_mm"": 330.2, ""Lc_mm"": 322.3, ""plate_thickness_mm"": 12.7, ""tensile_all_parts_hardened_kn"": 253.0, ""construction"": ""welded bent-plate, non-circular special-shaped sleeve (no roller)""}",47880,213.0,,,-20,300,Heavy open-gear/chain lubricant; abrasive-service intervals,Donghua Chain Group catalog p.395 (official en.dhchain.com PDF),,WD113,,,,,,,,,,"PKG-02g-drag (Donghua). Catalog-verified welded-steel drag chain, Donghua catalog p.395. Full dims aligned by column from official PDF. tensile_kn = only-pin-hardened Q-min; all-parts-hardened Q-min in extra_dims.tensile_all_parts_hardened_kn. Non-circular sleeve (special-shaped) distinguishes drag (B29.18M) from mill (B29.16M) chains. DEDUPE vs any existing WD-series (Tsubaki/registry); keep one chain_id, merge pn_donghua."
WD-WD116,Welded Steel Chains,WD116,WD116 Welded Steel Drag Chain,ASME B29.18M / ISO 6971,8,203.2,1,Active,catalog-verified,TRUE,"WD116 welded-steel bent-plate drag (traction) chain, 203.2 mm pitch, 245 kN minimum tensile (only-pin-hardened tier; 262 kN all-parts-hardened). Non-circular special-shaped sleeve meshes with the sprocket while the flat face pushes or scrapes material. For traction conveyors handling large or stacked bulk materials.","welded steel drag chain,traction chain,bent plate chain,scraper,drag conveyor,bulk material,push conveyor,engineering chain,ASME B29.18M,ISO 6971,sawmill,refuse,hog fuel,welded steel","Heat-treated Carbon/Alloy Steel,carbon steel,heat-treated",only-pin-hardened tier|all-parts-hardened tier|special-shaped (non-circular) sleeve|A-type drag flights|F/K/G attachments|even or odd link count|custom accessories,,,13,330.2,0.753,19.13,1.78,45.21,12.9,19.195,"{""bush_AA_length_mm"": 36.6, ""bush_AA_height_mm"": 45.2, ""narrow_end_inner_width_mm"": 330.2, ""narrow_end_outer_width_mm"": 359.1, ""broad_end_inner_width_mm"": 359.6, ""pin_length_mm"": 410.4, ""Lc_mm"": 405.9, ""plate_thickness_mm"": 9.7, ""tensile_all_parts_hardened_kn"": 262.0, ""construction"": ""welded bent-plate, non-circular special-shaped sleeve (no roller)""}",55080,245.0,,,-20,300,Heavy open-gear/chain lubricant; abrasive-service intervals,Donghua Chain Group catalog p.395 (official en.dhchain.com PDF),,WD116,,WD116,,,,,,,,"PKG-02g-drag (Donghua). Catalog-verified welded-steel drag chain, Donghua catalog p.395. Full dims aligned by column from official PDF. tensile_kn = only-pin-hardened Q-min; all-parts-hardened Q-min in extra_dims.tensile_all_parts_hardened_kn. Non-circular sleeve (special-shaped) distinguishes drag (B29.18M) from mill (B29.16M) chains. DEDUPE vs any existing WD-series (Tsubaki/registry); keep one chain_id, merge pn_donghua. | MERGE CONFLICT with macchain — kept baseline, both values: pin_dia_in: 0.753 (donghua) vs 0.75 (macchain); plate_height_in: 1.78 (donghua) vs 1.75 (macchain); tensile_lbs: 55080 (donghua) vs 55000 (macchain); tensile_kn: 245.0 (donghua) vs 244.7 (macchain)."
WD-WD118,Welded Steel Chains,WD118,WD118 Welded Steel Drag Chain,ASME B29.18M / ISO 6971,8,203.2,1,Active,catalog-verified,TRUE,"WD118 welded-steel bent-plate drag (traction) chain, 203.2 mm pitch, 311 kN minimum tensile (only-pin-hardened tier; 351 kN all-parts-hardened). Non-circular special-shaped sleeve meshes with the sprocket while the flat face pushes or scrapes material. For traction conveyors handling large or stacked bulk materials.","welded steel drag chain,traction chain,bent plate chain,scraper,drag conveyor,bulk material,push conveyor,engineering chain,ASME B29.18M,ISO 6971,sawmill,refuse,hog fuel,welded steel","Heat-treated Carbon/Alloy Steel,carbon steel,heat-treated",only-pin-hardened tier|all-parts-hardened tier|special-shaped (non-circular) sleeve|A-type drag flights|F/K/G attachments|even or odd link count|custom accessories,,,13.248,336.5,0.878,22.3,2.039,51.8,18,26.784,"{""bush_AA_length_mm"": 44.5, ""bush_AA_height_mm"": 51.8, ""narrow_end_inner_width_mm"": 336.5, ""narrow_end_outer_width_mm"": 378.2, ""broad_end_inner_width_mm"": 378.7, ""pin_length_mm"": 440.0, ""Lc_mm"": 431.1, ""plate_thickness_mm"": 12.7, ""tensile_all_parts_hardened_kn"": 351.0, ""construction"": ""welded bent-plate, non-circular special-shaped sleeve (no roller)""}",69920,311.0,,,-20,300,Heavy open-gear/chain lubricant; abrasive-service intervals,Donghua Chain Group catalog p.395 (official en.dhchain.com PDF),,WD118,,WD118,,,,,,,,"PKG-02g-drag (Donghua). Catalog-verified welded-steel drag chain, Donghua catalog p.395. Full dims aligned by column from official PDF. tensile_kn = only-pin-hardened Q-min; all-parts-hardened Q-min in extra_dims.tensile_all_parts_hardened_kn. Non-circular sleeve (special-shaped) distinguishes drag (B29.18M) from mill (B29.16M) chains. DEDUPE vs any existing WD-series (Tsubaki/registry); keep one chain_id, merge pn_donghua. | MERGE CONFLICT with macchain — kept baseline, both values: pin_dia_in: 0.878 (donghua) vs 1 (macchain); plate_height_in: 2.039 (donghua) vs 2.5 (macchain); tensile_lbs: 69920 (donghua) vs 85000 (macchain); tensile_kn: 311.0 (donghua) vs 378.1 (macchain)."
WD-WD122,Welded Steel Chains,WD122,WD122 Welded Steel Drag Chain,ASME B29.18M / ISO 6971,8,203.2,1,Active,catalog-verified,TRUE,"WD122 welded-steel bent-plate drag (traction) chain, 203.2 mm pitch, 311 kN minimum tensile (only-pin-hardened tier; 351 kN all-parts-hardened). Non-circular special-shaped sleeve meshes with the sprocket while the flat face pushes or scrapes material. For traction conveyors handling large or stacked bulk materials.","welded steel drag chain,traction chain,bent plate chain,scraper,drag conveyor,bulk material,push conveyor,engineering chain,ASME B29.18M,ISO 6971,sawmill,refuse,hog fuel,welded steel","Heat-treated Carbon/Alloy Steel,carbon steel,heat-treated",only-pin-hardened tier|all-parts-hardened tier|special-shaped (non-circular) sleeve|A-type drag flights|F/K/G attachments|even or odd link count|custom accessories,,,8.748,222.2,0.878,22.3,2.039,51.8,15,22.32,"{""bush_AA_length_mm"": 44.5, ""bush_AA_height_mm"": 51.8, ""narrow_end_inner_width_mm"": 222.2, ""narrow_end_outer_width_mm"": 260.6, ""broad_end_inner_width_mm"": 261.1, ""pin_length_mm"": 324.2, ""Lc_mm"": 314.5, ""plate_thickness_mm"": 12.7, ""tensile_all_parts_hardened_kn"": 351.0, ""construction"": ""welded bent-plate, non-circular special-shaped sleeve (no roller)""}",69920,311.0,,,-20,300,Heavy open-gear/chain lubricant; abrasive-service intervals,Donghua Chain Group catalog p.395 (official en.dhchain.com PDF),,WD122,,WD122,,,,,,,,"PKG-02g-drag (Donghua). Catalog-verified welded-steel drag chain, Donghua catalog p.395. Full dims aligned by column from official PDF. tensile_kn = only-pin-hardened Q-min; all-parts-hardened Q-min in extra_dims.tensile_all_parts_hardened_kn. Non-circular sleeve (special-shaped) distinguishes drag (B29.18M) from mill (B29.16M) chains. DEDUPE vs any existing WD-series (Tsubaki/registry); keep one chain_id, merge pn_donghua. | MERGE CONFLICT with macchain — kept baseline, both values: pin_dia_in: 0.878 (donghua) vs 1 (macchain); plate_height_in: 2.039 (donghua) vs 2.5 (macchain); tensile_lbs: 69920 (donghua) vs 85000 (macchain); tensile_kn: 311.0 (donghua) vs 378.1 (macchain)."
WD-WD480,Welded Steel Chains,WD480,WD480 Welded Steel Drag Chain,ASME B29.18M / ISO 6971,8,203.2,1,Active,catalog-verified,TRUE,"WD480 welded-steel bent-plate drag (traction) chain, 203.2 mm pitch, 311 kN minimum tensile (only-pin-hardened tier; 351 kN all-parts-hardened). Non-circular special-shaped sleeve meshes with the sprocket while the flat face pushes or scrapes material. For traction conveyors handling large or stacked bulk materials.","welded steel drag chain,traction chain,bent plate chain,scraper,drag conveyor,bulk material,push conveyor,engineering chain,ASME B29.18M,ISO 6971,sawmill,refuse,hog fuel,welded steel","Heat-treated Carbon/Alloy Steel,carbon steel,heat-treated",only-pin-hardened tier|all-parts-hardened tier|special-shaped (non-circular) sleeve|A-type drag flights|F/K/G attachments|even or odd link count|custom accessories,,,11.118,282.4,0.878,22.3,2.039,51.8,16.9,25.147,"{""bush_AA_length_mm"": 44.5, ""bush_AA_height_mm"": 51.8, ""narrow_end_inner_width_mm"": 282.4, ""narrow_end_outer_width_mm"": 324.1, ""broad_end_inner_width_mm"": 324.6, ""pin_length_mm"": 378.0, ""Lc_mm"": 378.0, ""plate_thickness_mm"": 12.7, ""tensile_all_parts_hardened_kn"": 351.0, ""construction"": ""welded bent-plate, non-circular special-shaped sleeve (no roller)""}",69920,311.0,,,-20,300,Heavy open-gear/chain lubricant; abrasive-service intervals,Donghua Chain Group catalog p.395 (official en.dhchain.com PDF),,WD480,,WD480,,,,,,,,"PKG-02g-drag (Donghua). Catalog-verified welded-steel drag chain, Donghua catalog p.395. Full dims aligned by column from official PDF. tensile_kn = only-pin-hardened Q-min; all-parts-hardened Q-min in extra_dims.tensile_all_parts_hardened_kn. Non-circular sleeve (special-shaped) distinguishes drag (B29.18M) from mill (B29.16M) chains. DEDUPE vs any existing WD-series (Tsubaki/registry); keep one chain_id, merge pn_donghua. | MERGE CONFLICT with macchain — kept baseline, both values: pin_dia_in: 0.878 (donghua) vs 1 (macchain); plate_height_in: 2.039 (donghua) vs 2.5 (macchain); tensile_lbs: 69920 (donghua) vs 85000 (macchain); tensile_kn: 311.0 (donghua) vs 378.1 (macchain)."
DH-OILFIELD-80,Performance Roller Chains,80,Donghua 16S-1 Oil Field Roller Chain (ANSI 80),ANSI/ASME B29.1,1,25.4,1,Active,catalog-verified,FALSE,"Donghua oil field drive chain, ANSI 80, 1-strand. Heavy-duty roller chain for petroleum drilling / drawworks (API 7F context).","oil field,petroleum,drilling,drawworks,power transmission",,,0.625,15.88,0.62,15.75,0.312,7.92,0.949,24.1,,,"{""pin_length_mm_max"": 37.55, ""plate_thickness_mm_max"": 3.25}",12500,55.6,,,,,,"Donghua General Catalog, Oil Field Chains pp.31-32",,16S-1,,,,,,,,,,"Donghua oil-field roller chain (S-series), catalog pp.31-32. Tensile is Donghua oil-field rating; on dedup with standard ANSI 80 keep BOTH tensile values and set needs_review (never overwrite). Add oil-field application tags + pn_donghua to existing record if present."
DH-OILFIELD-100,Performance Roller Chains,100,Donghua 20S-1 Oil Field Roller Chain (ANSI 100),ANSI/ASME B29.1,1.25,31.75,1,Active,catalog-verified,FALSE,"Donghua oil field drive chain, ANSI 100, 1-strand. Heavy-duty roller chain for petroleum drilling / drawworks (API 7F context).","oil field,petroleum,drilling,drawworks,power transmission",,,0.75,19.05,0.744,18.9,0.375,9.53,1.181,30,2.628,3.91,"{""pin_length_mm_max"": 44.3, ""plate_thickness_mm_max"": 4.0}",19530,86.87,,,,,,"Donghua General Catalog, Oil Field Chains pp.31-32",,20S-1,,,,,,,,,,"Donghua oil-field roller chain (S-series), catalog pp.31-32. Tensile is Donghua oil-field rating; on dedup with standard ANSI 100 keep BOTH tensile values and set needs_review (never overwrite). Add oil-field application tags + pn_donghua to existing record if present."
DH-OILFIELD-120,Performance Roller Chains,120,Donghua 24S-1 Oil Field Roller Chain (ANSI 120),ANSI/ASME B29.1,1.5,38.1,1,Active,catalog-verified,FALSE,"Donghua oil field drive chain, ANSI 120, 1-strand. Heavy-duty roller chain for petroleum drilling / drawworks (API 7F context).","oil field,petroleum,drilling,drawworks,power transmission",,,0.875,22.23,0.993,25.22,0.437,11.1,1.425,36.2,3.777,5.62,"{""pin_length_mm_max"": 54.4, ""plate_thickness_mm_max"": 4.8}",28120,125.1,,,,,,"Donghua General Catalog, Oil Field Chains pp.31-32",,24S-1,,,,,,,,,,"Donghua oil-field roller chain (S-series), catalog pp.31-32. Tensile is Donghua oil-field rating; on dedup with standard ANSI 120 keep BOTH tensile values and set needs_review (never overwrite). Add oil-field application tags + pn_donghua to existing record if present."
DH-OILFIELD-140,Performance Roller Chains,140,Donghua 28S-1 Oil Field Roller Chain (ANSI 140),ANSI/ASME B29.1,1.75,44.45,1,Active,catalog-verified,FALSE,"Donghua oil field drive chain, ANSI 140, 1-strand. Heavy-duty roller chain for petroleum drilling / drawworks (API 7F context).","oil field,petroleum,drilling,drawworks,power transmission",,,1,25.4,0.993,25.22,0.5,12.7,1.661,42.2,5.04,7.5,"{""pin_length_mm_max"": 59.0, ""plate_thickness_mm_max"": 5.6}",38280,170.27,,,,,,"Donghua General Catalog, Oil Field Chains pp.31-32",,28S-1,,,,,,,,,,"Donghua oil-field roller chain (S-series), catalog pp.31-32. Tensile is Donghua oil-field rating; on dedup with standard ANSI 140 keep BOTH tensile values and set needs_review (never overwrite). Add oil-field application tags + pn_donghua to existing record if present."
DH-OILFIELD-160,Performance Roller Chains,160,Donghua 32S-1 Oil Field Roller Chain (ANSI 160),ANSI/ASME B29.1,2,50.8,1,Active,catalog-verified,FALSE,"Donghua oil field drive chain, ANSI 160, 1-strand. Heavy-duty roller chain for petroleum drilling / drawworks (API 7F context).","oil field,petroleum,drilling,drawworks,power transmission",,,1.125,28.58,1.242,31.55,0.562,14.27,1.898,48.2,6.788,10.1,"{""pin_length_mm_max"": 69.6, ""plate_thickness_mm_max"": 6.4}",50000,222.4,,,,,,"Donghua General Catalog, Oil Field Chains pp.31-32",,32S-1,,,,,,,,,,"Donghua oil-field roller chain (S-series), catalog pp.31-32. Tensile is Donghua oil-field rating; on dedup with standard ANSI 160 keep BOTH tensile values and set needs_review (never overwrite). Add oil-field application tags + pn_donghua to existing record if present."
DH-OILFIELD-180,Performance Roller Chains,180,Donghua 36S-1 Oil Field Roller Chain (ANSI 180),ANSI/ASME B29.1,2.25,57.15,1,Active,catalog-verified,FALSE,"Donghua oil field drive chain, ANSI 180, 1-strand. Heavy-duty roller chain for petroleum drilling / drawworks (API 7F context).","oil field,petroleum,drilling,drawworks,power transmission",,,1.406,35.71,1.397,35.48,0.687,17.46,2.138,54.3,9.039,13.45,"{""pin_length_mm_max"": 78.6, ""plate_thickness_mm_max"": 7.2}",63280,281.47,,,,,,"Donghua General Catalog, Oil Field Chains pp.31-32",,36S-1,,,,,,,,,,"Donghua oil-field roller chain (S-series), catalog pp.31-32. Tensile is Donghua oil-field rating; on dedup with standard ANSI 180 keep BOTH tensile values and set needs_review (never overwrite). Add oil-field application tags + pn_donghua to existing record if present."
DH-OILFIELD-200,Performance Roller Chains,200,Donghua 40S-1 Oil Field Roller Chain (ANSI 200),ANSI/ASME B29.1,2.5,63.5,1,Active,catalog-verified,FALSE,"Donghua oil field drive chain, ANSI 200, 1-strand. Heavy-duty roller chain for petroleum drilling / drawworks (API 7F context).","oil field,petroleum,drilling,drawworks,power transmission",,,1.562,39.68,1.49,37.85,0.781,19.85,2.374,60.3,,,"{""pin_length_mm_max"": 87.2, ""plate_thickness_mm_max"": 8.0}",78120,347.5,,,,,,"Donghua General Catalog, Oil Field Chains pp.31-32",,40S-1,,,,,,,,,,"Donghua oil-field roller chain (S-series), catalog pp.31-32. Tensile is Donghua oil-field rating; on dedup with standard ANSI 200 keep BOTH tensile values and set needs_review (never overwrite). Add oil-field application tags + pn_donghua to existing record if present."
DH-OILFIELD-80-2,Performance Roller Chains,80-2,Donghua 16S-2 Oil Field Roller Chain (ANSI 80-2),ANSI/ASME B29.1,1,25.4,2,Active,catalog-verified,FALSE,"Donghua oil field drive chain, ANSI 80-2, 2-strand. Heavy-duty roller chain for petroleum drilling / drawworks (API 7F context).","oil field,petroleum,drilling,drawworks,power transmission",,,0.62,15.75,,,0.312,7.92,0.949,24.1,3.461,5.15,"{""pin_length_mm_max"": 66.8, ""plate_thickness_mm_max"": 3.25, ""transverse_pitch_mm"": 29.29}",25000,111.2,,,,,,"Donghua General Catalog, Oil Field Chains pp.31-32",,16S-2,,,,,,,,,,"Donghua oil-field roller chain (S-series), catalog pp.31-32. Tensile is Donghua oil-field rating; on dedup with standard ANSI 80-2 keep BOTH tensile values and set needs_review (never overwrite). Add oil-field application tags + pn_donghua to existing record if present."
DH-OILFIELD-100-2,Performance Roller Chains,100-2,Donghua 20S-2 Oil Field Roller Chain (ANSI 100-2),ANSI/ASME B29.1,1.25,31.75,2,Active,catalog-verified,FALSE,"Donghua oil field drive chain, ANSI 100-2, 2-strand. Heavy-duty roller chain for petroleum drilling / drawworks (API 7F context).","oil field,petroleum,drilling,drawworks,power transmission",,,0.75,19.05,0.744,18.9,0.375,9.53,1.185,30.1,5.242,7.8,"{""pin_length_mm_max"": 80.5, ""plate_thickness_mm_max"": 4.0, ""transverse_pitch_mm"": 35.76}",39060,173.74,,,,,,"Donghua General Catalog, Oil Field Chains pp.31-32",,20S-2,,,,,,,,,,"Donghua oil-field roller chain (S-series), catalog pp.31-32. Tensile is Donghua oil-field rating; on dedup with standard ANSI 100-2 keep BOTH tensile values and set needs_review (never overwrite). Add oil-field application tags + pn_donghua to existing record if present."
DH-OILFIELD-120-2,Performance Roller Chains,120-2,Donghua 24S-2 Oil Field Roller Chain (ANSI 120-2),ANSI/ASME B29.1,1.5,38.1,2,Active,catalog-verified,FALSE,"Donghua oil field drive chain, ANSI 120-2, 2-strand. Heavy-duty roller chain for petroleum drilling / drawworks (API 7F context).","oil field,petroleum,drilling,drawworks,power transmission",,,0.875,22.23,0.993,25.22,0.437,11.1,1.425,36.2,7.863,11.7,"{""pin_length_mm_max"": 99.7, ""plate_thickness_mm_max"": 4.8, ""transverse_pitch_mm"": 45.44}",56250,250.2,,,,,,"Donghua General Catalog, Oil Field Chains pp.31-32",,24S-2,,,,,,,,,,"Donghua oil-field roller chain (S-series), catalog pp.31-32. Tensile is Donghua oil-field rating; on dedup with standard ANSI 120-2 keep BOTH tensile values and set needs_review (never overwrite). Add oil-field application tags + pn_donghua to existing record if present."
DH-OILFIELD-140-2,Performance Roller Chains,140-2,Donghua 28S-2 Oil Field Roller Chain (ANSI 140-2),ANSI/ASME B29.1,1.75,44.45,2,Active,catalog-verified,FALSE,"Donghua oil field drive chain, ANSI 140-2, 2-strand. Heavy-duty roller chain for petroleum drilling / drawworks (API 7F context).","oil field,petroleum,drilling,drawworks,power transmission",,,1,25.4,0.993,25.22,0.5,12.7,1.661,42.2,10.175,15.14,"{""pin_length_mm_max"": 107.8, ""plate_thickness_mm_max"": 5.6, ""transverse_pitch_mm"": 48.87}",76560,340.54,,,,,,"Donghua General Catalog, Oil Field Chains pp.31-32",,28S-2,,,,,,,,,,"Donghua oil-field roller chain (S-series), catalog pp.31-32. Tensile is Donghua oil-field rating; on dedup with standard ANSI 140-2 keep BOTH tensile values and set needs_review (never overwrite). Add oil-field application tags + pn_donghua to existing record if present."
DH-OILFIELD-160-2,Performance Roller Chains,160-2,Donghua 32S-2 Oil Field Roller Chain (ANSI 160-2),ANSI/ASME B29.1,2,50.8,2,Active,catalog-verified,FALSE,"Donghua oil field drive chain, ANSI 160-2, 2-strand. Heavy-duty roller chain for petroleum drilling / drawworks (API 7F context).","oil field,petroleum,drilling,drawworks,power transmission",,,1.125,28.58,1.242,31.55,0.562,14.27,1.898,48.2,13.535,20.14,"{""pin_length_mm_max"": 127.5, ""plate_thickness_mm_max"": 6.4, ""transverse_pitch_mm"": 58.55}",100000,444.8,,,,,,"Donghua General Catalog, Oil Field Chains pp.31-32",,32S-2,,,,,,,,,,"Donghua oil-field roller chain (S-series), catalog pp.31-32. Tensile is Donghua oil-field rating; on dedup with standard ANSI 160-2 keep BOTH tensile values and set needs_review (never overwrite). Add oil-field application tags + pn_donghua to existing record if present."
DH-OILFIELD-180-2,Performance Roller Chains,180-2,Donghua 36S-2 Oil Field Roller Chain (ANSI 180-2),ANSI/ASME B29.1,2.25,57.15,2,Active,catalog-verified,FALSE,"Donghua oil field drive chain, ANSI 180-2, 2-strand. Heavy-duty roller chain for petroleum drilling / drawworks (API 7F context).","oil field,petroleum,drilling,drawworks,power transmission",,,1.406,35.71,1.397,35.48,0.687,17.46,2.138,54.3,19.637,29.22,"{""pin_length_mm_max"": 144.4, ""plate_thickness_mm_max"": 7.2, ""transverse_pitch_mm"": 65.84}",126550,562.94,,,,,,"Donghua General Catalog, Oil Field Chains pp.31-32",,36S-2,,,,,,,,,,"Donghua oil-field roller chain (S-series), catalog pp.31-32. Tensile is Donghua oil-field rating; on dedup with standard ANSI 180-2 keep BOTH tensile values and set needs_review (never overwrite). Add oil-field application tags + pn_donghua to existing record if present."
DH-OILFIELD-200-2,Performance Roller Chains,200-2,Donghua 40S-2 Oil Field Roller Chain (ANSI 200-2),ANSI/ASME B29.1,2.5,63.5,2,Active,catalog-verified,FALSE,"Donghua oil field drive chain, ANSI 200-2, 2-strand. Heavy-duty roller chain for petroleum drilling / drawworks (API 7F context).","oil field,petroleum,drilling,drawworks,power transmission",,,1.562,39.68,1.49,37.85,0.781,19.85,2.374,60.3,21.667,32.24,"{""pin_length_mm_max"": 158.8, ""plate_thickness_mm_max"": 8.0, ""transverse_pitch_mm"": 71.55}",156240,695,,,,,,"Donghua General Catalog, Oil Field Chains pp.31-32",,40S-2,,,,,,,,,,"Donghua oil-field roller chain (S-series), catalog pp.31-32. Tensile is Donghua oil-field rating; on dedup with standard ANSI 200-2 keep BOTH tensile values and set needs_review (never overwrite). Add oil-field application tags + pn_donghua to existing record if present."
DH-OILFIELD-80-3,Performance Roller Chains,80-3,Donghua 16S-3 Oil Field Roller Chain (ANSI 80-3),ANSI/ASME B29.1,1,25.4,3,Active,catalog-verified,FALSE,"Donghua oil field drive chain, ANSI 80-3, 3-strand. Heavy-duty roller chain for petroleum drilling / drawworks (API 7F context).","oil field,petroleum,drilling,drawworks,power transmission",,,0.625,15.88,0.62,15.75,0.312,7.92,0.949,24.1,5.302,7.89,"{""pin_length_mm_max"": 96.1, ""plate_thickness_mm_max"": 3.25, ""transverse_pitch_mm"": 29.29}",37500,166.8,,,,,,"Donghua General Catalog, Oil Field Chains pp.31-32",,16S-3,,,,,,,,,,"Donghua oil-field roller chain (S-series), catalog pp.31-32. Tensile is Donghua oil-field rating; on dedup with standard ANSI 80-3 keep BOTH tensile values and set needs_review (never overwrite). Add oil-field application tags + pn_donghua to existing record if present."
DH-OILFIELD-100-3,Performance Roller Chains,100-3,Donghua 20S-3 Oil Field Roller Chain (ANSI 100-3),ANSI/ASME B29.1,1.25,31.75,3,Active,catalog-verified,FALSE,"Donghua oil field drive chain, ANSI 100-3, 3-strand. Heavy-duty roller chain for petroleum drilling / drawworks (API 7F context).","oil field,petroleum,drilling,drawworks,power transmission",,,0.75,19.05,0.744,18.9,0.375,9.53,1.185,30.1,7.91,11.77,"{""pin_length_mm_max"": 116.3, ""plate_thickness_mm_max"": 4.0, ""transverse_pitch_mm"": 35.76}",,,,,,,,"Donghua General Catalog, Oil Field Chains pp.31-32",,20S-3,,,,,,,,,,"Donghua oil-field roller chain (S-series), catalog pp.31-32. Tensile is Donghua oil-field rating; on dedup with standard ANSI 100-3 keep BOTH tensile values and set needs_review (never overwrite). Add oil-field application tags + pn_donghua to existing record if present."
DH-OILFIELD-120-3,Performance Roller Chains,120-3,Donghua 24S-3 Oil Field Roller Chain (ANSI 120-3),ANSI/ASME B29.1,1.5,38.1,3,Active,catalog-verified,FALSE,"Donghua oil field drive chain, ANSI 120-3, 3-strand. Heavy-duty roller chain for petroleum drilling / drawworks (API 7F context).","oil field,petroleum,drilling,drawworks,power transmission",,,0.875,22.23,0.993,25.22,0.437,11.1,1.425,36.2,11.781,17.53,"{""pin_length_mm_max"": 145.2, ""plate_thickness_mm_max"": 4.8, ""transverse_pitch_mm"": 45.44}",84370,375.3,,,,,,"Donghua General Catalog, Oil Field Chains pp.31-32",,24S-3,,,,,,,,,,"Donghua oil-field roller chain (S-series), catalog pp.31-32. Tensile is Donghua oil-field rating; on dedup with standard ANSI 120-3 keep BOTH tensile values and set needs_review (never overwrite). Add oil-field application tags + pn_donghua to existing record if present."
DH-OILFIELD-140-3,Performance Roller Chains,140-3,Donghua 28S-3 Oil Field Roller Chain (ANSI 140-3),ANSI/ASME B29.1,1.75,44.45,3,Active,catalog-verified,FALSE,"Donghua oil field drive chain, ANSI 140-3, 3-strand. Heavy-duty roller chain for petroleum drilling / drawworks (API 7F context).","oil field,petroleum,drilling,drawworks,power transmission",,,1,25.4,0.993,25.22,0.5,12.7,1.661,42.2,14.919,22.2,"{""pin_length_mm_max"": 156.8, ""plate_thickness_mm_max"": 5.6, ""transverse_pitch_mm"": 48.87}",114830,510.81,,,,,,"Donghua General Catalog, Oil Field Chains pp.31-32",,28S-3,,,,,,,,,,"Donghua oil-field roller chain (S-series), catalog pp.31-32. Tensile is Donghua oil-field rating; on dedup with standard ANSI 140-3 keep BOTH tensile values and set needs_review (never overwrite). Add oil-field application tags + pn_donghua to existing record if present."
DH-OILFIELD-160-3,Performance Roller Chains,160-3,Donghua 32S-3 Oil Field Roller Chain (ANSI 160-3),ANSI/ASME B29.1,2,50.8,3,Active,catalog-verified,FALSE,"Donghua oil field drive chain, ANSI 160-3, 3-strand. Heavy-duty roller chain for petroleum drilling / drawworks (API 7F context).","oil field,petroleum,drilling,drawworks,power transmission",,,1.125,28.58,1.242,31.55,0.562,14.27,1.898,48.2,20.175,30.02,"{""pin_length_mm_max"": 186.6, ""plate_thickness_mm_max"": 6.4, ""transverse_pitch_mm"": 58.55}",149990,667.2,,,,,,"Donghua General Catalog, Oil Field Chains pp.31-32",,32S-3,,,,,,,,,,"Donghua oil-field roller chain (S-series), catalog pp.31-32. Tensile is Donghua oil-field rating; on dedup with standard ANSI 160-3 keep BOTH tensile values and set needs_review (never overwrite). Add oil-field application tags + pn_donghua to existing record if present."
DH-OILFIELD-180-3,Performance Roller Chains,180-3,Donghua 36S-3 Oil Field Roller Chain (ANSI 180-3),ANSI/ASME B29.1,2.25,57.15,3,Active,catalog-verified,FALSE,"Donghua oil field drive chain, ANSI 180-3, 3-strand. Heavy-duty roller chain for petroleum drilling / drawworks (API 7F context).","oil field,petroleum,drilling,drawworks,power transmission",,,1.406,35.71,1.397,35.48,0.687,17.46,2.138,54.3,25.685,38.22,"{""pin_length_mm_max"": 210.2, ""plate_thickness_mm_max"": 7.2, ""transverse_pitch_mm"": 65.84}",189830,844.41,,,,,,"Donghua General Catalog, Oil Field Chains pp.31-32",,36S-3,,,,,,,,,,"Donghua oil-field roller chain (S-series), catalog pp.31-32. Tensile is Donghua oil-field rating; on dedup with standard ANSI 180-3 keep BOTH tensile values and set needs_review (never overwrite). Add oil-field application tags + pn_donghua to existing record if present."
DH-OILFIELD-200-3,Performance Roller Chains,200-3,Donghua 40S-3 Oil Field Roller Chain (ANSI 200-3),ANSI/ASME B29.1,2.5,63.5,3,Active,catalog-verified,FALSE,"Donghua oil field drive chain, ANSI 200-3, 3-strand. Heavy-duty roller chain for petroleum drilling / drawworks (API 7F context).","oil field,petroleum,drilling,drawworks,power transmission",,,1.562,39.68,1.49,37.85,0.781,19.85,2.374,60.3,32.95,49.03,"{""pin_length_mm_max"": 230.4, ""plate_thickness_mm_max"": 8.0, ""transverse_pitch_mm"": 71.55}",234360,1042.5,,,,,,"Donghua General Catalog, Oil Field Chains pp.31-32",,40S-3,,,,,,,,,,"Donghua oil-field roller chain (S-series), catalog pp.31-32. Tensile is Donghua oil-field rating; on dedup with standard ANSI 200-3 keep BOTH tensile values and set needs_review (never overwrite). Add oil-field application tags + pn_donghua to existing record if present."
DH-OILFIELD-200H-3,Performance Roller Chains,200H-3,Donghua 40HS-3 Oil Field Roller Chain (ANSI 200H-3),ANSI/ASME B29.1 heavy series,2.5,63.5,3,Active,catalog-verified,FALSE,"Donghua oil field drive chain, ANSI 200H-3, 3-strand. Heavy-duty roller chain for petroleum drilling / drawworks (API 7F context).","oil field,petroleum,drilling,drawworks,power transmission",,,1.562,39.68,1.49,37.85,0.781,19.85,2.374,60.3,38.132,56.74,"{""pin_length_mm_max"": 249.6, ""plate_thickness_mm_max"": 9.5, ""transverse_pitch_mm"": 78.31}",234360,1042.5,,,,,,"Donghua General Catalog, Oil Field Chains pp.31-32",,40HS-3,,,,,,,,,,"Donghua oil-field roller chain (S-series), catalog pp.31-32. Tensile is Donghua oil-field rating; on dedup with standard ANSI 200H-3 keep BOTH tensile values and set needs_review (never overwrite). Add oil-field application tags + pn_donghua to existing record if present."
DH-OILFIELD-80-4,Performance Roller Chains,80-4,Donghua 16S-4 Oil Field Roller Chain (ANSI 80-4),ANSI/ASME B29.1,1,25.4,4,Active,catalog-verified,FALSE,"Donghua oil field drive chain, ANSI 80-4, 4-strand. Heavy-duty roller chain for petroleum drilling / drawworks (API 7F context).","oil field,petroleum,drilling,drawworks,power transmission",,,0.625,15.88,0.62,15.75,0.312,7.92,0.949,24.1,6.882,10.24,"{""pin_length_mm_max"": 122.9, ""plate_thickness_mm_max"": 3.25}",50000,222.4,,,,,,"Donghua General Catalog, Oil Field Chains pp.31-32",,16S-4,,,,,,,,,,"Donghua oil-field roller chain (S-series), catalog pp.31-32. Tensile is Donghua oil-field rating; on dedup with standard ANSI 80-4 keep BOTH tensile values and set needs_review (never overwrite). Add oil-field application tags + pn_donghua to existing record if present."
DH-OILFIELD-100-4,Performance Roller Chains,100-4,Donghua 20S-4 Oil Field Roller Chain (ANSI 100-4),ANSI/ASME B29.1,1.25,31.75,4,Active,catalog-verified,FALSE,"Donghua oil field drive chain, ANSI 100-4, 4-strand. Heavy-duty roller chain for petroleum drilling / drawworks (API 7F context).","oil field,petroleum,drilling,drawworks,power transmission",,,0.75,19.05,0.744,18.9,0.375,9.53,1.185,30.1,10.343,15.39,"{""pin_length_mm_max"": 151.5, ""plate_thickness_mm_max"": 4.0}",78120,347.48,,,,,,"Donghua General Catalog, Oil Field Chains pp.31-32",,20S-4,,,,,,,,,,"Donghua oil-field roller chain (S-series), catalog pp.31-32. Tensile is Donghua oil-field rating; on dedup with standard ANSI 100-4 keep BOTH tensile values and set needs_review (never overwrite). Add oil-field application tags + pn_donghua to existing record if present."
DH-OILFIELD-120-4,Performance Roller Chains,120-4,Donghua 24S-4 Oil Field Roller Chain (ANSI 120-4),ANSI/ASME B29.1,1.5,38.1,4,Active,catalog-verified,FALSE,"Donghua oil field drive chain, ANSI 120-4, 4-strand. Heavy-duty roller chain for petroleum drilling / drawworks (API 7F context).","oil field,petroleum,drilling,drawworks,power transmission",,,0.875,22.23,0.993,25.22,0.437,11.1,1.425,36.2,14.913,22.19,"{""pin_length_mm_max"": 190.6, ""plate_thickness_mm_max"": 4.8}",112490,500.4,,,,,,"Donghua General Catalog, Oil Field Chains pp.31-32",,24S-4,,,,,,,,,,"Donghua oil-field roller chain (S-series), catalog pp.31-32. Tensile is Donghua oil-field rating; on dedup with standard ANSI 120-4 keep BOTH tensile values and set needs_review (never overwrite). Add oil-field application tags + pn_donghua to existing record if present."
DH-OILFIELD-140-4,Performance Roller Chains,140-4,Donghua 28S-4 Oil Field Roller Chain (ANSI 140-4),ANSI/ASME B29.1,1.75,44.45,4,Active,catalog-verified,FALSE,"Donghua oil field drive chain, ANSI 140-4, 4-strand. Heavy-duty roller chain for petroleum drilling / drawworks (API 7F context).","oil field,petroleum,drilling,drawworks,power transmission",,,1,25.4,0.993,25.22,0.5,12.7,1.661,42.2,19.913,29.63,"{""pin_length_mm_max"": 205.7, ""plate_thickness_mm_max"": 5.6}",153110,681.08,,,,,,"Donghua General Catalog, Oil Field Chains pp.31-32",,28S-4,,,,,,,,,,"Donghua oil-field roller chain (S-series), catalog pp.31-32. Tensile is Donghua oil-field rating; on dedup with standard ANSI 140-4 keep BOTH tensile values and set needs_review (never overwrite). Add oil-field application tags + pn_donghua to existing record if present."
DH-OILFIELD-160-4,Performance Roller Chains,160-4,Donghua 32S-4 Oil Field Roller Chain (ANSI 160-4),ANSI/ASME B29.1,2,50.8,4,Active,catalog-verified,FALSE,"Donghua oil field drive chain, ANSI 160-4, 4-strand. Heavy-duty roller chain for petroleum drilling / drawworks (API 7F context).","oil field,petroleum,drilling,drawworks,power transmission",,,1.125,28.58,1.242,31.55,0.562,14.27,1.898,48.2,26.841,39.94,"{""pin_length_mm_max"": 245.2, ""plate_thickness_mm_max"": 6.4}",199990,889.6,,,,,,"Donghua General Catalog, Oil Field Chains pp.31-32",,32S-4,,,,,,,,,,"Donghua oil-field roller chain (S-series), catalog pp.31-32. Tensile is Donghua oil-field rating; on dedup with standard ANSI 160-4 keep BOTH tensile values and set needs_review (never overwrite). Add oil-field application tags + pn_donghua to existing record if present."
DH-OILFIELD-200-4,Performance Roller Chains,200-4,Donghua 40S-4 Oil Field Roller Chain (ANSI 200-4),ANSI/ASME B29.1,2.5,63.5,4,Active,catalog-verified,FALSE,"Donghua oil field drive chain, ANSI 200-4, 4-strand. Heavy-duty roller chain for petroleum drilling / drawworks (API 7F context).","oil field,petroleum,drilling,drawworks,power transmission",,,1.562,39.68,1.49,37.85,0.781,19.85,2.374,60.3,42.742,63.6,"{""pin_length_mm_max"": 302.0, ""plate_thickness_mm_max"": 8.0}",312480,1390,,,,,,"Donghua General Catalog, Oil Field Chains pp.31-32",,40S-4,,,,,,,,,,"Donghua oil-field roller chain (S-series), catalog pp.31-32. Tensile is Donghua oil-field rating; on dedup with standard ANSI 200-4 keep BOTH tensile values and set needs_review (never overwrite). Add oil-field application tags + pn_donghua to existing record if present."
DH-OILFIELD-80-5,Performance Roller Chains,80-5,Donghua 16S-5 Oil Field Roller Chain (ANSI 80-5),ANSI/ASME B29.1,1,25.4,5,Active,catalog-verified,FALSE,"Donghua oil field drive chain, ANSI 80-5, 5-strand. Heavy-duty roller chain for petroleum drilling / drawworks (API 7F context).","oil field,petroleum,drilling,drawworks,power transmission",,,0.625,15.88,0.62,15.75,0.312,7.92,0.949,24.1,8.595,12.79,"{""pin_length_mm_max"": 152.2, ""plate_thickness_mm_max"": 3.25}",62500,278,,,,,,"Donghua General Catalog, Oil Field Chains pp.31-32",,16S-5,,,,,,,,,,"Donghua oil-field roller chain (S-series), catalog pp.31-32. Tensile is Donghua oil-field rating; on dedup with standard ANSI 80-5 keep BOTH tensile values and set needs_review (never overwrite). Add oil-field application tags + pn_donghua to existing record if present."
DH-OILFIELD-100-5,Performance Roller Chains,100-5,Donghua 20S-5 Oil Field Roller Chain (ANSI 100-5),ANSI/ASME B29.1,1.25,31.75,5,Active,catalog-verified,FALSE,"Donghua oil field drive chain, ANSI 100-5, 5-strand. Heavy-duty roller chain for petroleum drilling / drawworks (API 7F context).","oil field,petroleum,drilling,drawworks,power transmission",,,0.75,19.05,0.744,18.9,0.375,9.53,1.185,30.1,12.917,19.22,"{""pin_length_mm_max"": 187.8, ""plate_thickness_mm_max"": 4.0}",97650,434.35,,,,,,"Donghua General Catalog, Oil Field Chains pp.31-32",,20S-5,,,,,,,,,,"Donghua oil-field roller chain (S-series), catalog pp.31-32. Tensile is Donghua oil-field rating; on dedup with standard ANSI 100-5 keep BOTH tensile values and set needs_review (never overwrite). Add oil-field application tags + pn_donghua to existing record if present."
DH-OILFIELD-120-5,Performance Roller Chains,120-5,Donghua 24S-5 Oil Field Roller Chain (ANSI 120-5),ANSI/ASME B29.1,1.5,38.1,5,Active,catalog-verified,FALSE,"Donghua oil field drive chain, ANSI 120-5, 5-strand. Heavy-duty roller chain for petroleum drilling / drawworks (API 7F context).","oil field,petroleum,drilling,drawworks,power transmission",,,0.875,22.23,0.993,25.22,0.437,11.1,1.425,36.2,18.622,27.71,"{""pin_length_mm_max"": 236.1, ""plate_thickness_mm_max"": 4.8}",140620,625.5,,,,,,"Donghua General Catalog, Oil Field Chains pp.31-32",,24S-5,,,,,,,,,,"Donghua oil-field roller chain (S-series), catalog pp.31-32. Tensile is Donghua oil-field rating; on dedup with standard ANSI 120-5 keep BOTH tensile values and set needs_review (never overwrite). Add oil-field application tags + pn_donghua to existing record if present."
DH-OILFIELD-140-5,Performance Roller Chains,140-5,Donghua 28S-5 Oil Field Roller Chain (ANSI 140-5),ANSI/ASME B29.1,1.75,44.45,5,Active,catalog-verified,FALSE,"Donghua oil field drive chain, ANSI 140-5, 5-strand. Heavy-duty roller chain for petroleum drilling / drawworks (API 7F context).","oil field,petroleum,drilling,drawworks,power transmission",,,1,25.4,0.993,25.22,0.5,12.7,1.661,42.2,26.344,39.2,"{""pin_length_mm_max"": 254.6, ""plate_thickness_mm_max"": 5.6, ""transverse_pitch_mm"": 48.87}",191390,851.35,,,,,,"Donghua General Catalog, Oil Field Chains pp.31-32",,28S-5,,,,,,,,,,"Donghua oil-field roller chain (S-series), catalog pp.31-32. Tensile is Donghua oil-field rating; on dedup with standard ANSI 140-5 keep BOTH tensile values and set needs_review (never overwrite). Add oil-field application tags + pn_donghua to existing record if present."
DH-OILFIELD-160-5,Performance Roller Chains,160-5,Donghua 32S-5 Oil Field Roller Chain (ANSI 160-5),ANSI/ASME B29.1,2,50.8,5,Active,catalog-verified,FALSE,"Donghua oil field drive chain, ANSI 160-5, 5-strand. Heavy-duty roller chain for petroleum drilling / drawworks (API 7F context).","oil field,petroleum,drilling,drawworks,power transmission",,,1.125,28.58,1.25,31.75,0.562,14.27,1.898,48.2,35.215,52.4,"{""pin_length_mm_max"": 303.3, ""plate_thickness_mm_max"": 6.4, ""transverse_pitch_mm"": 58.55}",249990,1112,,,,,,"Donghua General Catalog, Oil Field Chains pp.31-32",,32S-5,,,,,,,,,,"Donghua oil-field roller chain (S-series), catalog pp.31-32. Tensile is Donghua oil-field rating; on dedup with standard ANSI 160-5 keep BOTH tensile values and set needs_review (never overwrite). Add oil-field application tags + pn_donghua to existing record if present."
DH-OILFIELD-80-6,Performance Roller Chains,80-6,Donghua 16S-6 Oil Field Roller Chain (ANSI 80-6),ANSI/ASME B29.1,1,25.4,6,Active,catalog-verified,FALSE,"Donghua oil field drive chain, ANSI 80-6, 6-strand. Heavy-duty roller chain for petroleum drilling / drawworks (API 7F context).","oil field,petroleum,drilling,drawworks,power transmission",,,0.625,15.88,0.62,15.75,0.312,7.92,0.949,24.1,10.309,15.34,"{""pin_length_mm_max"": 181.5, ""plate_thickness_mm_max"": 3.25, ""transverse_pitch_mm"": 29.29}",75000,333.6,,,,,,"Donghua General Catalog, Oil Field Chains pp.31-32",,16S-6,,,,,,,,,,"Donghua oil-field roller chain (S-series), catalog pp.31-32. Tensile is Donghua oil-field rating; on dedup with standard ANSI 80-6 keep BOTH tensile values and set needs_review (never overwrite). Add oil-field application tags + pn_donghua to existing record if present."
DH-OILFIELD-100-6,Performance Roller Chains,100-6,Donghua 20S-6 Oil Field Roller Chain (ANSI 100-6),ANSI/ASME B29.1,1.25,31.75,6,Active,catalog-verified,FALSE,"Donghua oil field drive chain, ANSI 100-6, 6-strand. Heavy-duty roller chain for petroleum drilling / drawworks (API 7F context).","oil field,petroleum,drilling,drawworks,power transmission",,,0.75,19.05,0.744,18.9,0.375,9.53,1.185,30.1,15.491,23.05,"{""pin_length_mm_max"": 223.6, ""plate_thickness_mm_max"": 4.0, ""transverse_pitch_mm"": 35.76}",117170,521.22,,,,,,"Donghua General Catalog, Oil Field Chains pp.31-32",,20S-6,,,,,,,,,,"Donghua oil-field roller chain (S-series), catalog pp.31-32. Tensile is Donghua oil-field rating; on dedup with standard ANSI 100-6 keep BOTH tensile values and set needs_review (never overwrite). Add oil-field application tags + pn_donghua to existing record if present."
DH-OILFIELD-120-6,Performance Roller Chains,120-6,Donghua 24S-6 Oil Field Roller Chain (ANSI 120-6),ANSI/ASME B29.1,1.5,38.1,6,Active,catalog-verified,FALSE,"Donghua oil field drive chain, ANSI 120-6, 6-strand. Heavy-duty roller chain for petroleum drilling / drawworks (API 7F context).","oil field,petroleum,drilling,drawworks,power transmission",,,0.875,22.23,0.993,25.22,0.437,11.1,1.425,36.2,22.339,33.24,"{""pin_length_mm_max"": 281.6, ""plate_thickness_mm_max"": 4.8, ""transverse_pitch_mm"": 45.44}",168740,750.6,,,,,,"Donghua General Catalog, Oil Field Chains pp.31-32",,24S-6,,,,,,,,,,"Donghua oil-field roller chain (S-series), catalog pp.31-32. Tensile is Donghua oil-field rating; on dedup with standard ANSI 120-6 keep BOTH tensile values and set needs_review (never overwrite). Add oil-field application tags + pn_donghua to existing record if present."
DH-OILFIELD-140-6,Performance Roller Chains,140-6,Donghua 28S-6 Oil Field Roller Chain (ANSI 140-6),ANSI/ASME B29.1,1.75,44.45,6,Active,catalog-verified,FALSE,"Donghua oil field drive chain, ANSI 140-6, 6-strand. Heavy-duty roller chain for petroleum drilling / drawworks (API 7F context).","oil field,petroleum,drilling,drawworks,power transmission",,,1,25.4,0.993,25.22,0.5,12.7,1.661,42.2,29.825,44.38,"{""pin_length_mm_max"": 303.4, ""plate_thickness_mm_max"": 5.6, ""transverse_pitch_mm"": 48.87}",229670,1021.62,,,,,,"Donghua General Catalog, Oil Field Chains pp.31-32",,28S-6,,,,,,,,,,"Donghua oil-field roller chain (S-series), catalog pp.31-32. Tensile is Donghua oil-field rating; on dedup with standard ANSI 140-6 keep BOTH tensile values and set needs_review (never overwrite). Add oil-field application tags + pn_donghua to existing record if present."
DH-OILFIELD-160-6,Performance Roller Chains,160-6,Donghua 32S-6 Oil Field Roller Chain (ANSI 160-6),ANSI/ASME B29.1,2,50.8,6,Active,catalog-verified,FALSE,"Donghua oil field drive chain, ANSI 160-6, 6-strand. Heavy-duty roller chain for petroleum drilling / drawworks (API 7F context).","oil field,petroleum,drilling,drawworks,power transmission",,,1.125,28.58,1.242,31.55,0.562,14.27,1.898,48.2,40.208,59.83,"{""pin_length_mm_max"": 362.3, ""plate_thickness_mm_max"": 6.4, ""transverse_pitch_mm"": 58.55}",299990,1334.4,,,,,,"Donghua General Catalog, Oil Field Chains pp.31-32",,32S-6,,,,,,,,,,"Donghua oil-field roller chain (S-series), catalog pp.31-32. Tensile is Donghua oil-field rating; on dedup with standard ANSI 160-6 keep BOTH tensile values and set needs_review (never overwrite). Add oil-field application tags + pn_donghua to existing record if present."
DH-OILFIELD-200-6,Performance Roller Chains,200-6,Donghua 40S-6 Oil Field Roller Chain (ANSI 200-6),ANSI/ASME B29.1,2.5,63.5,6,Active,catalog-verified,FALSE,"Donghua oil field drive chain, ANSI 200-6, 6-strand. Heavy-duty roller chain for petroleum drilling / drawworks (API 7F context).","oil field,petroleum,drilling,drawworks,power transmission",,,1.562,39.68,1.49,37.85,0.781,19.85,2.374,60.3,63.999,95.23,"{""pin_length_mm_max"": 445.0, ""plate_thickness_mm_max"": 8.0, ""transverse_pitch_mm"": 71.55}",468730,2085,,,,,,"Donghua General Catalog, Oil Field Chains pp.31-32",,40S-6,,,,,,,,,,"Donghua oil-field roller chain (S-series), catalog pp.31-32. Tensile is Donghua oil-field rating; on dedup with standard ANSI 200-6 keep BOTH tensile values and set needs_review (never overwrite). Add oil-field application tags + pn_donghua to existing record if present."
DH-OILFIELD-80-8,Performance Roller Chains,80-8,Donghua 16S-8 Oil Field Roller Chain (ANSI 80-8),ANSI/ASME B29.1,1,25.4,8,Active,catalog-verified,FALSE,"Donghua oil field drive chain, ANSI 80-8, 8-strand. Heavy-duty roller chain for petroleum drilling / drawworks (API 7F context).","oil field,petroleum,drilling,drawworks,power transmission",,,0.625,15.88,0.62,15.75,0.312,7.92,0.949,24.1,13.737,20.44,"{""pin_length_mm_max"": 240.1, ""plate_thickness_mm_max"": 3.25, ""transverse_pitch_mm"": 29.29}",100000,444.8,,,,,,"Donghua General Catalog, Oil Field Chains pp.31-32",,16S-8,,,,,,,,,,"Donghua oil-field roller chain (S-series), catalog pp.31-32. Tensile is Donghua oil-field rating; on dedup with standard ANSI 80-8 keep BOTH tensile values and set needs_review (never overwrite). Add oil-field application tags + pn_donghua to existing record if present."
DH-OILFIELD-100-8,Performance Roller Chains,100-8,Donghua 20S-8 Oil Field Roller Chain (ANSI 100-8),ANSI/ASME B29.1,1.25,31.75,8,Active,catalog-verified,FALSE,"Donghua oil field drive chain, ANSI 100-8, 8-strand. Heavy-duty roller chain for petroleum drilling / drawworks (API 7F context).","oil field,petroleum,drilling,drawworks,power transmission",,,0.75,19.05,0.744,18.9,0.375,9.53,1.185,30.1,20.638,30.71,"{""pin_length_mm_max"": 295.1, ""plate_thickness_mm_max"": 4.0, ""transverse_pitch_mm"": 35.76}",156230,694.96,,,,,,"Donghua General Catalog, Oil Field Chains pp.31-32",,20S-8,,,,,,,,,,"Donghua oil-field roller chain (S-series), catalog pp.31-32. Tensile is Donghua oil-field rating; on dedup with standard ANSI 100-8 keep BOTH tensile values and set needs_review (never overwrite). Add oil-field application tags + pn_donghua to existing record if present."
DH-OILFIELD-120-8,Performance Roller Chains,120-8,Donghua 24S-8 Oil Field Roller Chain (ANSI 120-8),ANSI/ASME B29.1,1.5,38.1,8,Active,catalog-verified,FALSE,"Donghua oil field drive chain, ANSI 120-8, 8-strand. Heavy-duty roller chain for petroleum drilling / drawworks (API 7F context).","oil field,petroleum,drilling,drawworks,power transmission",,,0.875,22.23,0.993,25.22,0.437,11.1,1.425,36.2,29.758,44.28,"{""pin_length_mm_max"": 372.4, ""plate_thickness_mm_max"": 4.8, ""transverse_pitch_mm"": 45.44}",224990,1000.8,,,,,,"Donghua General Catalog, Oil Field Chains pp.31-32",,24S-8,,,,,,,,,,"Donghua oil-field roller chain (S-series), catalog pp.31-32. Tensile is Donghua oil-field rating; on dedup with standard ANSI 120-8 keep BOTH tensile values and set needs_review (never overwrite). Add oil-field application tags + pn_donghua to existing record if present."
DH-OILFIELD-140-8,Performance Roller Chains,140-8,Donghua 28S-8 Oil Field Roller Chain (ANSI 140-8),ANSI/ASME B29.1,1.75,44.45,8,Active,catalog-verified,FALSE,"Donghua oil field drive chain, ANSI 140-8, 8-strand. Heavy-duty roller chain for petroleum drilling / drawworks (API 7F context).","oil field,petroleum,drilling,drawworks,power transmission",,,1,25.4,0.993,25.22,0.5,12.7,1.661,42.2,41.808,62.21,"{""pin_length_mm_max"": 401.1, ""plate_thickness_mm_max"": 5.6, ""transverse_pitch_mm"": 48.87}",306230,1362.16,,,,,,"Donghua General Catalog, Oil Field Chains pp.31-32",,28S-8,,,,,,,,,,"Donghua oil-field roller chain (S-series), catalog pp.31-32. Tensile is Donghua oil-field rating; on dedup with standard ANSI 140-8 keep BOTH tensile values and set needs_review (never overwrite). Add oil-field application tags + pn_donghua to existing record if present."
REX-RR362,Engineered Class Chains,RR362,Rexnord RR362 Engineered Steel Roller Chain,,1.654,42.01,1,Active,catalog-verified,FALSE,Engineered Steel Roller Chain,"engineered class,conveyor,elevator,bulk handling",alloy steel,,,,,,,,,,3,4.464,,8000,35.6,1650,7.3,,,,"Rexnord Conveyor, Elevator & Drive Chains Catalog (Rexnord/Link-Belt Engineered Steel)",,,,,RR362,RS625,,,,,,Full dimensional row in Rexnord catalog; some dim columns had uncertain OCR attribution -> only primary specs (pitch/working load/ultimate/weight) recorded; dims omitted not guessed.
REX-RR432,Engineered Class Chains,RR432,Rexnord RR432 Engineered Steel Roller Chain,,1.654,42.01,1,Active,catalog-verified,FALSE,Engineered Steel Roller Chain,"engineered class,conveyor,elevator,bulk handling",alloy steel,,,,,,,,,,3.7,5.506,,21000,93.4,2100,9.3,,,,"Rexnord Conveyor, Elevator & Drive Chains Catalog (Rexnord/Link-Belt Engineered Steel)",,,,,RR432,RS627,,,,,,Full dimensional row in Rexnord catalog; some dim columns had uncertain OCR attribution -> only primary specs (pitch/working load/ultimate/weight) recorded; dims omitted not guessed.
REX-81X,Engineered Class Chains,81X,Rexnord 81X Engineered Steel Roller Chain,,2.609,66.27,1,Active,catalog-verified,TRUE,Engineered Steel Roller Chain,"engineered class,conveyor,elevator,bulk handling,sawmill,lumber conveyor,trimmer","alloy steel,steel bushed roller",,0.906,23.02,,,0.438,11.11,1.125,28.57,2.5,3.72,"{""overall_width_in"": ""2 1/8""}",16000,71.2,2000,8.9,,,,"Rexnord Conveyor, Elevator & Drive Chains Catalog (Rexnord/Link-Belt Engineered Steel)",,,,81X,81X,RS81X,,,,,,"Full dimensional row in Rexnord catalog; some dim columns had uncertain OCR attribution -> only primary specs (pitch/working load/ultimate/weight) recorded; dims omitted not guessed. | MERGE CONFLICT with macchain — kept baseline, both values: weight_lbs_ft: 2.5 (rexnord) vs 2.6 (macchain); tensile_lbs: 16000 (rexnord) vs 24000 (macchain); tensile_kn: 71.2 (rexnord) vs 106.8 (macchain)."
REX-C1288,Engineered Class Chains,C1288,Rexnord C1288 Engineered Steel Roller Chain,,2.609,66.27,1,Active,catalog-verified,FALSE,Engineered Steel Roller Chain,"engineered class,conveyor,elevator,bulk handling",alloy steel,,,,,,,,,,2.5,3.72,,16000,71.2,2000,8.9,,,,"Rexnord Conveyor, Elevator & Drive Chains Catalog (Rexnord/Link-Belt Engineered Steel)",,,,,C1288,SS1088,,,,,,Full dimensional row in Rexnord catalog; some dim columns had uncertain OCR attribution -> only primary specs (pitch/working load/ultimate/weight) recorded; dims omitted not guessed.
REX-1578,Engineered Class Chains,1578,Rexnord 1578 Engineered Steel Roller Chain,,2.609,66.27,1,Active,catalog-verified,FALSE,Engineered Steel Roller Chain,"engineered class,conveyor,elevator,bulk handling",alloy steel,,,,,,,,,,2.6,3.869,,17000,75.6,2200,9.8,,,,"Rexnord Conveyor, Elevator & Drive Chains Catalog (Rexnord/Link-Belt Engineered Steel)",,,,,1578,,,,,,,Full dimensional row in Rexnord catalog; some dim columns had uncertain OCR attribution -> only primary specs (pitch/working load/ultimate/weight) recorded; dims omitted not guessed.
REX-RR778,Engineered Class Chains,RR778,Rexnord RR778 Engineered Steel Roller Chain,,2.609,66.27,1,Active,catalog-verified,FALSE,Engineered Steel Roller Chain,"engineered class,conveyor,elevator,bulk handling",alloy steel,,,,,,,,,,2.9,4.315,,23000,102.3,2300,10.2,,,,"Rexnord Conveyor, Elevator & Drive Chains Catalog (Rexnord/Link-Belt Engineered Steel)",,,,,RR778,RS886,,,,,,Full dimensional row in Rexnord catalog; some dim columns had uncertain OCR attribution -> only primary specs (pitch/working load/ultimate/weight) recorded; dims omitted not guessed.
REX-RR588,Engineered Class Chains,RR588,Rexnord RR588 Engineered Steel Roller Chain,,2.609,66.27,1,Active,catalog-verified,FALSE,Engineered Steel Roller Chain,"engineered class,conveyor,elevator,bulk handling",alloy steel,,,,,,,,,,3.8,5.654,,17000,75.6,2500,11.1,,,,"Rexnord Conveyor, Elevator & Drive Chains Catalog (Rexnord/Link-Belt Engineered Steel)",,,,,RR588,RS887,,,,,,Full dimensional row in Rexnord catalog; some dim columns had uncertain OCR attribution -> only primary specs (pitch/working load/ultimate/weight) recorded; dims omitted not guessed.
REX-81XH,Engineered Class Chains,81XH,Rexnord 81XH Engineered Steel Roller Chain,,2.609,66.27,1,Active,catalog-verified,TRUE,Engineered Steel Roller Chain,"engineered class,conveyor,elevator,bulk handling,sawmill,lumber,forestry",alloy steel,,,,,,,,1.266,32.15,4.1,6.101,"{""renold_product_no"": ""171312"", ""plate_height_inner_mm"": 32.15}",28000,124.6,2500,11.1,,,,"Rexnord Conveyor, Elevator & Drive Chains Catalog (Rexnord/Link-Belt Engineered Steel)",,,,,81XH,RS81XH,81XH,,,,,"Full dimensional row in Rexnord catalog; some dim columns had uncertain OCR attribution -> only primary specs (pitch/working load/ultimate/weight) recorded; dims omitted not guessed. | MERGE CONFLICT with renold — kept baseline, both values: weight_lbs_ft: 4.1 (rexnord) vs 3.508 (renold); tensile_lbs: 28000 (rexnord) vs 44000 (renold); tensile_kn: 124.6 (rexnord) vs 196 (renold)."
REX-81XHH,Engineered Class Chains,81XHH,Rexnord 81XHH Engineered Steel Roller Chain,,2.609,66.27,1,Active,catalog-verified,TRUE,Engineered Steel Roller Chain,"engineered class,conveyor,elevator,bulk handling,sawmill,lumber,forestry",alloy steel,,,,,,,,1.266,32.15,4.6,6.845,"{""renold_product_no"": ""171770"", ""plate_height_inner_mm"": 32.15}",28000,124.6,2500,11.1,,,,"Rexnord Conveyor, Elevator & Drive Chains Catalog (Rexnord/Link-Belt Engineered Steel)",,,,,81XHH,RS81XHH,81XHH,,,,,"Full dimensional row in Rexnord catalog; some dim columns had uncertain OCR attribution -> only primary specs (pitch/working load/ultimate/weight) recorded; dims omitted not guessed. | MERGE CONFLICT with renold — kept baseline, both values: weight_lbs_ft: 4.6 (rexnord) vs 4.61 (renold); tensile_lbs: 28000 (rexnord) vs 46000 (renold); tensile_kn: 124.6 (rexnord) vs 205 (renold)."
REX-270,Engineered Class Chains,270,Rexnord 270 Engineered Steel Roller Chain,,2.609,66.27,1,Active,catalog-verified,FALSE,Engineered Steel Roller Chain,"engineered class,conveyor,elevator,bulk handling",alloy steel,,,,,,,,,,6.9,10.267,,40000,177.9,3500,15.6,,,,"Rexnord Conveyor, Elevator & Drive Chains Catalog (Rexnord/Link-Belt Engineered Steel)",,,,,270,SS2004,,,,,,Full dimensional row in Rexnord catalog; some dim columns had uncertain OCR attribution -> only primary specs (pitch/working load/ultimate/weight) recorded; dims omitted not guessed.
REX-7774,Engineered Class Chains,7774,Rexnord 7774 Engineered Steel Roller Chain,,2.609,66.27,1,Active,catalog-verified,FALSE,Engineered Steel Roller Chain,"engineered class,conveyor,elevator,bulk handling",alloy steel,,,,,,,,,,6.4,9.523,,40000,177.9,3500,15.6,,,,"Rexnord Conveyor, Elevator & Drive Chains Catalog (Rexnord/Link-Belt Engineered Steel)",,,,,7774,,,,,,,Full dimensional row in Rexnord catalog; some dim columns had uncertain OCR attribution -> only primary specs (pitch/working load/ultimate/weight) recorded; dims omitted not guessed.
REX-SR183,Engineered Class Chains,SR183,Rexnord SR183 Engineered Steel Roller Chain,,3,76.2,1,Active,catalog-verified,FALSE,Engineered Steel Roller Chain,"engineered class,conveyor,elevator,bulk handling",alloy steel,,,,,,,,,,4,5.952,,22000,97.9,2100,9.3,,,,"Rexnord Conveyor, Elevator & Drive Chains Catalog (Rexnord/Link-Belt Engineered Steel)",,,,,SR183,RS3013,,,,,,Full dimensional row in Rexnord catalog; some dim columns had uncertain OCR attribution -> only primary specs (pitch/working load/ultimate/weight) recorded; dims omitted not guessed.
REX-A4539,Engineered Class Chains,A4539,Rexnord A4539 Engineered Steel Roller Chain,,3.075,78.11,1,Active,catalog-verified,FALSE,Engineered Steel Roller Chain,"engineered class,conveyor,elevator,bulk handling",alloy steel,,,,,,,,,,6.8,10.118,,38000,169.0,4650,20.7,,,,"Rexnord Conveyor, Elevator & Drive Chains Catalog (Rexnord/Link-Belt Engineered Steel)",,,,,A4539,,,,,,,Full dimensional row in Rexnord catalog; some dim columns had uncertain OCR attribution -> only primary specs (pitch/working load/ultimate/weight) recorded; dims omitted not guessed.
REX-1539,Engineered Class Chains,1539,Rexnord 1539 Engineered Steel Roller Chain,,3.075,78.11,1,Active,catalog-verified,FALSE,Engineered Steel Roller Chain,"engineered class,conveyor,elevator,bulk handling",alloy steel,,,,,,,,,,6.8,10.118,,24000,106.8,4650,20.7,,,,"Rexnord Conveyor, Elevator & Drive Chains Catalog (Rexnord/Link-Belt Engineered Steel)",,,,,1539,RS1539,,,,,,Full dimensional row in Rexnord catalog; some dim columns had uncertain OCR attribution -> only primary specs (pitch/working load/ultimate/weight) recorded; dims omitted not guessed.
REX-7539,Engineered Class Chains,7539,Rexnord 7539 Engineered Steel Roller Chain,,3.11,78.99,1,Active,catalog-verified,FALSE,Engineered Steel Roller Chain,"engineered class,conveyor,elevator,bulk handling",alloy steel,,,,,,,,,,9.1,13.541,,40000,177.9,4650,20.7,,,,"Rexnord Conveyor, Elevator & Drive Chains Catalog (Rexnord/Link-Belt Engineered Steel)",,,,,7539,,,,,,,Full dimensional row in Rexnord catalog; some dim columns had uncertain OCR attribution -> only primary specs (pitch/working load/ultimate/weight) recorded; dims omitted not guessed.
REX-RR1120,Engineered Class Chains,RR1120,Rexnord RR1120 Engineered Steel Roller Chain,,4,101.6,1,Active,catalog-verified,FALSE,Engineered Steel Roller Chain,"engineered class,conveyor,elevator,bulk handling",alloy steel,,,,,,,,,,3.4,5.059,,13000,57.8,2100,9.3,,,,"Rexnord Conveyor, Elevator & Drive Chains Catalog (Rexnord/Link-Belt Engineered Steel)",,,,,RR1120,RS4013,,,,,,Full dimensional row in Rexnord catalog; some dim columns had uncertain OCR attribution -> only primary specs (pitch/working load/ultimate/weight) recorded; dims omitted not guessed.
REX-SR194,Engineered Class Chains,SR194,Rexnord SR194 Engineered Steel Roller Chain,,4,101.6,1,Active,catalog-verified,FALSE,Engineered Steel Roller Chain,"engineered class,conveyor,elevator,bulk handling",alloy steel,,,,,,,,,,5.3,7.886,,15000,66.7,2350,10.5,,,,"Rexnord Conveyor, Elevator & Drive Chains Catalog (Rexnord/Link-Belt Engineered Steel)",,,,,SR194,RS4216,,,,,,Full dimensional row in Rexnord catalog; some dim columns had uncertain OCR attribution -> only primary specs (pitch/working load/ultimate/weight) recorded; dims omitted not guessed.
REX-SR188,Engineered Class Chains,SR188,Rexnord SR188 Engineered Steel Roller Chain,,4,101.6,1,Active,catalog-verified,FALSE,Engineered Steel Roller Chain,"engineered class,conveyor,elevator,bulk handling",alloy steel,,,,,,,,,,4.2,6.25,,13000,57.8,2400,10.7,,,,"Rexnord Conveyor, Elevator & Drive Chains Catalog (Rexnord/Link-Belt Engineered Steel)",,,,,SR188,,,,,,,Full dimensional row in Rexnord catalog; some dim columns had uncertain OCR attribution -> only primary specs (pitch/working load/ultimate/weight) recorded; dims omitted not guessed.
REX-4,Engineered Class Chains,4,Rexnord 4 Engineered Steel Roller Chain,,4,101.6,1,Active,catalog-verified,FALSE,Engineered Steel Roller Chain,"engineered class,conveyor,elevator,bulk handling",alloy steel,,,,,,,,,,4.2,6.25,,21000,93.4,2500,11.1,,,,"Rexnord Conveyor, Elevator & Drive Chains Catalog (Rexnord/Link-Belt Engineered Steel)",,,,,4,RS4019,,,,,,Full dimensional row in Rexnord catalog; some dim columns had uncertain OCR attribution -> only primary specs (pitch/working load/ultimate/weight) recorded; dims omitted not guessed.
REX-2188,Engineered Class Chains,2188,Rexnord 2188 Engineered Steel Roller Chain,,4,101.6,1,Active,catalog-verified,FALSE,Engineered Steel Roller Chain,"engineered class,conveyor,elevator,bulk handling",alloy steel,,,,,,,,,,7,10.416,,23000,102.3,4200,18.7,,,,"Rexnord Conveyor, Elevator & Drive Chains Catalog (Rexnord/Link-Belt Engineered Steel)",,,,,2188,RS2188,,,,,,Full dimensional row in Rexnord catalog; some dim columns had uncertain OCR attribution -> only primary specs (pitch/working load/ultimate/weight) recorded; dims omitted not guessed.
REX-531,Engineered Class Chains,531,Rexnord 531 Engineered Steel Roller Chain,,4,101.6,1,Active,catalog-verified,FALSE,Engineered Steel Roller Chain,"engineered class,conveyor,elevator,bulk handling",alloy steel,,,,,,,,,,9.7,14.434,,28000,124.6,4500,20.0,,,,"Rexnord Conveyor, Elevator & Drive Chains Catalog (Rexnord/Link-Belt Engineered Steel)",,,,,531,RS4328,,,,,,Full dimensional row in Rexnord catalog; some dim columns had uncertain OCR attribution -> only primary specs (pitch/working load/ultimate/weight) recorded; dims omitted not guessed.
REX-ER3433,Engineered Class Chains,ER3433,Rexnord ER3433 Engineered Steel Roller Chain,,4,101.6,1,Active,catalog-verified,FALSE,Engineered Steel Roller Chain,"engineered class,conveyor,elevator,bulk handling",alloy steel,,,,,,,,,,9,13.392,,41000,182.4,5300,23.6,,,,"Rexnord Conveyor, Elevator & Drive Chains Catalog (Rexnord/Link-Belt Engineered Steel)",,,,,ER3433,,,,,,,Full dimensional row in Rexnord catalog; some dim columns had uncertain OCR attribution -> only primary specs (pitch/working load/ultimate/weight) recorded; dims omitted not guessed.
REX-A2868,Engineered Class Chains,A2868,Rexnord A2868 Engineered Steel Roller Chain,,4,101.6,1,Active,catalog-verified,FALSE,Engineered Steel Roller Chain,"engineered class,conveyor,elevator,bulk handling",alloy steel,,,,,,,,,,12.1,18.005,,57000,253.5,7200,32.0,,,,"Rexnord Conveyor, Elevator & Drive Chains Catalog (Rexnord/Link-Belt Engineered Steel)",,,,,A2868,,,,,,,Full dimensional row in Rexnord catalog; some dim columns had uncertain OCR attribution -> only primary specs (pitch/working load/ultimate/weight) recorded; dims omitted not guessed.
REX-3420,Engineered Class Chains,3420,Rexnord 3420 Engineered Steel Roller Chain,,4.04,102.62,1,Active,catalog-verified,FALSE,Engineered Steel Roller Chain,"engineered class,conveyor,elevator,bulk handling",alloy steel,,,,,,,,,,7.6,11.309,,23000,102.3,4300,19.1,,,,"Rexnord Conveyor, Elevator & Drive Chains Catalog (Rexnord/Link-Belt Engineered Steel)",,,,,3420,RS1113,,,,,,Full dimensional row in Rexnord catalog; some dim columns had uncertain OCR attribution -> only primary specs (pitch/working load/ultimate/weight) recorded; dims omitted not guessed.
REX-C2848,Engineered Class Chains,C2848,Rexnord C2848 Engineered Steel Roller Chain,,4.04,102.62,1,Active,catalog-verified,FALSE,Engineered Steel Roller Chain,"engineered class,conveyor,elevator,bulk handling",alloy steel,,,,,,,,,,11,16.368,,48000,213.5,6600,29.4,,,,"Rexnord Conveyor, Elevator & Drive Chains Catalog (Rexnord/Link-Belt Engineered Steel)",,,,,C2848,,,,,,,Full dimensional row in Rexnord catalog; some dim columns had uncertain OCR attribution -> only primary specs (pitch/working load/ultimate/weight) recorded; dims omitted not guessed.
REX-2858,Engineered Class Chains,2858,Rexnord 2858 Engineered Steel Roller Chain,,4.083,103.71,1,Active,catalog-verified,FALSE,Engineered Steel Roller Chain,"engineered class,conveyor,elevator,bulk handling",alloy steel,,,,,,,,,,13,19.344,,57000,253.5,7200,32.0,,,,"Rexnord Conveyor, Elevator & Drive Chains Catalog (Rexnord/Link-Belt Engineered Steel)",,,,,2858,,,,,,,Full dimensional row in Rexnord catalog; some dim columns had uncertain OCR attribution -> only primary specs (pitch/working load/ultimate/weight) recorded; dims omitted not guessed.
REX-3285,Engineered Class Chains,3285,Rexnord 3285 Engineered Steel Roller Chain,,4.5,114.3,1,Active,catalog-verified,FALSE,Engineered Steel Roller Chain,"engineered class,conveyor,elevator,bulk handling",alloy steel,,,,,,,,,,21,31.248,,91000,404.8,10500,46.7,,,,"Rexnord Conveyor, Elevator & Drive Chains Catalog (Rexnord/Link-Belt Engineered Steel)",,,,,3285,,,,,,,Full dimensional row in Rexnord catalog; some dim columns had uncertain OCR attribution -> only primary specs (pitch/working load/ultimate/weight) recorded; dims omitted not guessed.
REX-SR196,Engineered Class Chains,SR196,Rexnord SR196 Engineered Steel Roller Chain,,6,152.4,1,Active,catalog-verified,FALSE,Engineered Steel Roller Chain,"engineered class,conveyor,elevator,bulk handling",alloy steel,,,,,,,,,,5,7.44,,18000,80.1,2600,11.6,,,,"Rexnord Conveyor, Elevator & Drive Chains Catalog (Rexnord/Link-Belt Engineered Steel)",,,,,SR196,RS6018,,,,,,Full dimensional row in Rexnord catalog; some dim columns had uncertain OCR attribution -> only primary specs (pitch/working load/ultimate/weight) recorded; dims omitted not guessed.
REX-1604,Engineered Class Chains,1604,Rexnord 1604 Engineered Steel Roller Chain,,6,152.4,1,Active,catalog-verified,FALSE,Engineered Steel Roller Chain,"engineered class,conveyor,elevator,bulk handling",alloy steel,,,,,,,,,,5.3,7.886,,20000,89.0,2800,12.5,,,,"Rexnord Conveyor, Elevator & Drive Chains Catalog (Rexnord/Link-Belt Engineered Steel)",,,,,1604,,,,,,,Full dimensional row in Rexnord catalog; some dim columns had uncertain OCR attribution -> only primary specs (pitch/working load/ultimate/weight) recorded; dims omitted not guessed.
REX-2126,Engineered Class Chains,2126,Rexnord 2126 Engineered Steel Roller Chain,,6,152.4,1,Active,catalog-verified,FALSE,Engineered Steel Roller Chain,"engineered class,conveyor,elevator,bulk handling",alloy steel,,,,,,,,,,5,7.44,,21000,93.4,3400,15.1,,,,"Rexnord Conveyor, Elevator & Drive Chains Catalog (Rexnord/Link-Belt Engineered Steel)",,,,,2126,RS1116,,,,,,Full dimensional row in Rexnord catalog; some dim columns had uncertain OCR attribution -> only primary specs (pitch/working load/ultimate/weight) recorded; dims omitted not guessed.
REX-2190,Engineered Class Chains,2190,Rexnord 2190 Engineered Steel Roller Chain,,6,152.4,1,Active,catalog-verified,FALSE,Engineered Steel Roller Chain,"engineered class,conveyor,elevator,bulk handling",alloy steel,,,,,,,,,,7,10.416,,21000,93.4,3400,15.1,,,,"Rexnord Conveyor, Elevator & Drive Chains Catalog (Rexnord/Link-Belt Engineered Steel)",,,,,2190,RS2190,,,,,,Full dimensional row in Rexnord catalog; some dim columns had uncertain OCR attribution -> only primary specs (pitch/working load/ultimate/weight) recorded; dims omitted not guessed.
REX-1670,Engineered Class Chains,1670,Rexnord 1670 Engineered Steel Roller Chain,,6,152.4,1,Active,catalog-verified,FALSE,Engineered Steel Roller Chain,"engineered class,conveyor,elevator,bulk handling",alloy steel,,,,,,,,,,6.3,9.374,,23000,102.3,4100,18.2,,,,"Rexnord Conveyor, Elevator & Drive Chains Catalog (Rexnord/Link-Belt Engineered Steel)",,,,,1670,,,,,,,Full dimensional row in Rexnord catalog; some dim columns had uncertain OCR attribution -> only primary specs (pitch/working load/ultimate/weight) recorded; dims omitted not guessed.
REX-SR1114,Engineered Class Chains,SR1114,Rexnord SR1114 Engineered Steel Roller Chain,,6,152.4,1,Active,catalog-verified,FALSE,Engineered Steel Roller Chain,"engineered class,conveyor,elevator,bulk handling",alloy steel,,,,,,,,,,6.3,9.374,,23000,102.3,4200,18.7,,,,"Rexnord Conveyor, Elevator & Drive Chains Catalog (Rexnord/Link-Belt Engineered Steel)",,,,,SR1114,RS1114,,,,,,Full dimensional row in Rexnord catalog; some dim columns had uncertain OCR attribution -> only primary specs (pitch/working load/ultimate/weight) recorded; dims omitted not guessed.
REX-2180,Engineered Class Chains,2180,Rexnord 2180 Engineered Steel Roller Chain,,6,152.4,1,Active,catalog-verified,FALSE,Engineered Steel Roller Chain,"engineered class,conveyor,elevator,bulk handling",alloy steel,,,,,,,,,,8.7,12.946,,35000,155.7,4500,20.0,,,,"Rexnord Conveyor, Elevator & Drive Chains Catalog (Rexnord/Link-Belt Engineered Steel)",,,,,2180,,,,,,,Full dimensional row in Rexnord catalog; some dim columns had uncertain OCR attribution -> only primary specs (pitch/working load/ultimate/weight) recorded; dims omitted not guessed.
REX-S951,Engineered Class Chains,S951,Rexnord S951 Engineered Steel Roller Chain,,6,152.4,1,Active,catalog-verified,FALSE,Engineered Steel Roller Chain,"engineered class,conveyor,elevator,bulk handling",alloy steel,,,,,,,,,,10.7,15.922,,37000,164.6,4500,20.0,,,,"Rexnord Conveyor, Elevator & Drive Chains Catalog (Rexnord/Link-Belt Engineered Steel)",,,,,S951,,,,,,,Full dimensional row in Rexnord catalog; some dim columns had uncertain OCR attribution -> only primary specs (pitch/working load/ultimate/weight) recorded; dims omitted not guessed.
REX-2183,Engineered Class Chains,2183,Rexnord 2183 Engineered Steel Roller Chain,,6,152.4,1,Active,catalog-verified,FALSE,Engineered Steel Roller Chain,"engineered class,conveyor,elevator,bulk handling",alloy steel,,,,,,,,,,10.7,15.922,,24000,106.8,4600,20.5,,,,"Rexnord Conveyor, Elevator & Drive Chains Catalog (Rexnord/Link-Belt Engineered Steel)",,,,,2183,RS951,,,,,,Full dimensional row in Rexnord catalog; some dim columns had uncertain OCR attribution -> only primary specs (pitch/working load/ultimate/weight) recorded; dims omitted not guessed.
REX-1036,Engineered Class Chains,1036,Rexnord 1036 Engineered Steel Roller Chain,,6,152.4,1,Active,catalog-verified,FALSE,Engineered Steel Roller Chain,"engineered class,conveyor,elevator,bulk handling",alloy steel,,,,,,,,,,4.8,7.142,,24000,106.8,4600,20.5,,,,"Rexnord Conveyor, Elevator & Drive Chains Catalog (Rexnord/Link-Belt Engineered Steel)",,,,,1036,,,,,,,Full dimensional row in Rexnord catalog; some dim columns had uncertain OCR attribution -> only primary specs (pitch/working load/ultimate/weight) recorded; dims omitted not guessed.
REX-1617,Engineered Class Chains,1617,Rexnord 1617 Engineered Steel Roller Chain,,6,152.4,1,Active,catalog-verified,FALSE,Engineered Steel Roller Chain,"engineered class,conveyor,elevator,bulk handling",alloy steel,,,,,,,,,,11,16.368,,43000,191.3,4800,21.4,,,,"Rexnord Conveyor, Elevator & Drive Chains Catalog (Rexnord/Link-Belt Engineered Steel)",,,,,1617,,,,,,,Full dimensional row in Rexnord catalog; some dim columns had uncertain OCR attribution -> only primary specs (pitch/working load/ultimate/weight) recorded; dims omitted not guessed.
REX-SR3130,Engineered Class Chains,SR3130,Rexnord SR3130 Engineered Steel Roller Chain,,6,152.4,1,Active,catalog-verified,FALSE,Engineered Steel Roller Chain,"engineered class,conveyor,elevator,bulk handling",alloy steel,,,,,,,,,,10,14.88,,45000,200.2,5200,23.1,,,,"Rexnord Conveyor, Elevator & Drive Chains Catalog (Rexnord/Link-Belt Engineered Steel)",,,,,SR3130,,,,,,,Full dimensional row in Rexnord catalog; some dim columns had uncertain OCR attribution -> only primary specs (pitch/working load/ultimate/weight) recorded; dims omitted not guessed.
REX-6,Engineered Class Chains,6,Rexnord 6 Engineered Steel Roller Chain,,6,152.4,1,Active,catalog-verified,FALSE,Engineered Steel Roller Chain,"engineered class,conveyor,elevator,bulk handling",alloy steel,,,,,,,,,,11,16.368,,45000,200.2,5600,24.9,,,,"Rexnord Conveyor, Elevator & Drive Chains Catalog (Rexnord/Link-Belt Engineered Steel)",,,,,6,RS6238,,,,,,Full dimensional row in Rexnord catalog; some dim columns had uncertain OCR attribution -> only primary specs (pitch/working load/ultimate/weight) recorded; dims omitted not guessed.
REX-RR542,Engineered Class Chains,RR542,Rexnord RR542 Engineered Steel Roller Chain,,6,152.4,1,Active,catalog-verified,FALSE,Engineered Steel Roller Chain,"engineered class,conveyor,elevator,bulk handling",alloy steel,,,,,,,,,,5.7,8.482,,28000,124.6,6000,26.7,,,,"Rexnord Conveyor, Elevator & Drive Chains Catalog (Rexnord/Link-Belt Engineered Steel)",,,,,RR542,,,,,,,Full dimensional row in Rexnord catalog; some dim columns had uncertain OCR attribution -> only primary specs (pitch/working load/ultimate/weight) recorded; dims omitted not guessed.
REX-BR2111,Engineered Class Chains,BR2111,Rexnord BR2111 Engineered Steel Roller Chain,,6,152.4,1,Active,catalog-verified,FALSE,Engineered Steel Roller Chain,"engineered class,conveyor,elevator,bulk handling",alloy steel,,,,,,,,,,9.6,14.285,,67000,298.0,5900,26.2,,,,"Rexnord Conveyor, Elevator & Drive Chains Catalog (Rexnord/Link-Belt Engineered Steel)",,,,,BR2111,RS944,,,,,,Full dimensional row in Rexnord catalog; some dim columns had uncertain OCR attribution -> only primary specs (pitch/working load/ultimate/weight) recorded; dims omitted not guessed.
REX-C2124,Engineered Class Chains,C2124,Rexnord C2124 Engineered Steel Roller Chain,,6,152.4,1,Active,catalog-verified,FALSE,Engineered Steel Roller Chain,"engineered class,conveyor,elevator,bulk handling",alloy steel,,,,,,,,,,11.8,17.558,,63000,280.2,6000,26.7,,,,"Rexnord Conveyor, Elevator & Drive Chains Catalog (Rexnord/Link-Belt Engineered Steel)",,,,,C2124,,,,,,,Full dimensional row in Rexnord catalog; some dim columns had uncertain OCR attribution -> only primary specs (pitch/working load/ultimate/weight) recorded; dims omitted not guessed.
REX-A2124,Engineered Class Chains,A2124,Rexnord A2124 Engineered Steel Roller Chain,,6,152.4,1,Active,catalog-verified,FALSE,Engineered Steel Roller Chain,"engineered class,conveyor,elevator,bulk handling",alloy steel,,,,,,,,,,11.8,17.558,,63000,280.2,6000,26.7,,,,"Rexnord Conveyor, Elevator & Drive Chains Catalog (Rexnord/Link-Belt Engineered Steel)",,,,,A2124,RS996,,,,,,Full dimensional row in Rexnord catalog; some dim columns had uncertain OCR attribution -> only primary specs (pitch/working load/ultimate/weight) recorded; dims omitted not guessed.
REX-RS1131,Engineered Class Chains,RS1131,Rexnord RS1131 Engineered Steel Roller Chain,,6,152.4,1,Active,catalog-verified,FALSE,Engineered Steel Roller Chain,"engineered class,conveyor,elevator,bulk handling",alloy steel,,,,,,,,,,12.5,18.6,,45000,200.2,6000,26.7,,,,"Rexnord Conveyor, Elevator & Drive Chains Catalog (Rexnord/Link-Belt Engineered Steel)",,,,,RS1131,RS1131,,,,,,Full dimensional row in Rexnord catalog; some dim columns had uncertain OCR attribution -> only primary specs (pitch/working load/ultimate/weight) recorded; dims omitted not guessed.
REX-FX2184,Engineered Class Chains,FX2184,Rexnord FX2184 Engineered Steel Roller Chain,,6,152.4,1,Active,catalog-verified,FALSE,Engineered Steel Roller Chain,"engineered class,conveyor,elevator,bulk handling",alloy steel,,,,,,,,,,12.3,18.302,,58000,258.0,6500,28.9,,,,"Rexnord Conveyor, Elevator & Drive Chains Catalog (Rexnord/Link-Belt Engineered Steel)",,,,,FX2184,RO2184,,,,,,Full dimensional row in Rexnord catalog; some dim columns had uncertain OCR attribution -> only primary specs (pitch/working load/ultimate/weight) recorded; dims omitted not guessed.
REX-FX9184,Engineered Class Chains,FX9184,Rexnord FX9184 Engineered Steel Roller Chain,,6,152.4,1,Active,catalog-verified,FALSE,Engineered Steel Roller Chain,"engineered class,conveyor,elevator,bulk handling",alloy steel,,,,,,,,,,15.2,22.618,,100000,444.8,8300,36.9,,,,"Rexnord Conveyor, Elevator & Drive Chains Catalog (Rexnord/Link-Belt Engineered Steel)",,,,,FX9184,,,,,,,Full dimensional row in Rexnord catalog; some dim columns had uncertain OCR attribution -> only primary specs (pitch/working load/ultimate/weight) recorded; dims omitted not guessed.
REX-A2178,Engineered Class Chains,A2178,Rexnord A2178 Engineered Steel Roller Chain,,6,152.4,1,Active,catalog-verified,FALSE,Engineered Steel Roller Chain,"engineered class,conveyor,elevator,bulk handling",alloy steel,,,,,,,,,,15.3,22.766,,56000,249.1,7000,31.1,,,,"Rexnord Conveyor, Elevator & Drive Chains Catalog (Rexnord/Link-Belt Engineered Steel)",,,,,A2178,,,,,,,Full dimensional row in Rexnord catalog; some dim columns had uncertain OCR attribution -> only primary specs (pitch/working load/ultimate/weight) recorded; dims omitted not guessed.
REX-A2198,Engineered Class Chains,A2198,Rexnord A2198 Engineered Steel Roller Chain,,6,152.4,1,Active,catalog-verified,FALSE,Engineered Steel Roller Chain,"engineered class,conveyor,elevator,bulk handling",alloy steel,,,,,,,,,,18.2,27.082,,101000,449.3,7650,34.0,,,,"Rexnord Conveyor, Elevator & Drive Chains Catalog (Rexnord/Link-Belt Engineered Steel)",,,,,A2198,RS960,,,,,,Full dimensional row in Rexnord catalog; some dim columns had uncertain OCR attribution -> only primary specs (pitch/working load/ultimate/weight) recorded; dims omitted not guessed.
REX-5208,Engineered Class Chains,5208,Rexnord 5208 Engineered Steel Roller Chain,,6,152.4,1,Active,catalog-verified,FALSE,Engineered Steel Roller Chain,"engineered class,conveyor,elevator,bulk handling",alloy steel,,,,,,,,,,10.5,15.624,,54000,240.2,8950,39.8,,,,"Rexnord Conveyor, Elevator & Drive Chains Catalog (Rexnord/Link-Belt Engineered Steel)",,,,,5208,,,,,,,Full dimensional row in Rexnord catalog; some dim columns had uncertain OCR attribution -> only primary specs (pitch/working load/ultimate/weight) recorded; dims omitted not guessed.
REX-C9856,Engineered Class Chains,C9856,Rexnord C9856 Engineered Steel Roller Chain,,6,152.4,1,Active,catalog-verified,FALSE,Engineered Steel Roller Chain,"engineered class,conveyor,elevator,bulk handling",alloy steel,,,,,,,,,,22.1,32.885,,97000,431.5,14000,62.3,,,,"Rexnord Conveyor, Elevator & Drive Chains Catalog (Rexnord/Link-Belt Engineered Steel)",,,,,C9856,,,,,,,Full dimensional row in Rexnord catalog; some dim columns had uncertain OCR attribution -> only primary specs (pitch/working load/ultimate/weight) recorded; dims omitted not guessed.
REX-B9856,Engineered Class Chains,B9856,Rexnord B9856 Engineered Steel Roller Chain,,6,152.4,1,Active,catalog-verified,FALSE,Engineered Steel Roller Chain,"engineered class,conveyor,elevator,bulk handling",alloy steel,,,,,,,,,,22.1,32.885,,97000,431.5,14000,62.3,,,,"Rexnord Conveyor, Elevator & Drive Chains Catalog (Rexnord/Link-Belt Engineered Steel)",,,,,B9856,,,,,,,Full dimensional row in Rexnord catalog; some dim columns had uncertain OCR attribution -> only primary specs (pitch/working load/ultimate/weight) recorded; dims omitted not guessed.
REX-A2800,Engineered Class Chains,A2800,Rexnord A2800 Engineered Steel Roller Chain,,8,203.2,1,Active,catalog-verified,FALSE,Engineered Steel Roller Chain,"engineered class,conveyor,elevator,bulk handling",alloy steel,,,,,,,,,,62.2,92.554,,94000,418.1,9800,43.6,,,,"Rexnord Conveyor, Elevator & Drive Chains Catalog (Rexnord/Link-Belt Engineered Steel)",,,,,A2800,,,,,,,Full dimensional row in Rexnord catalog; some dim columns had uncertain OCR attribution -> only primary specs (pitch/working load/ultimate/weight) recorded; dims omitted not guessed.
REX-1039,Engineered Class Chains,1039,Rexnord 1039 Engineered Steel Roller Chain,,9,228.6,1,Active,catalog-verified,FALSE,Engineered Steel Roller Chain,"engineered class,conveyor,elevator,bulk handling",alloy steel,,,,,,,,,,4.3,6.398,,24000,106.8,4650,20.7,,,,"Rexnord Conveyor, Elevator & Drive Chains Catalog (Rexnord/Link-Belt Engineered Steel)",,,,,1039,,,,,,,Full dimensional row in Rexnord catalog; some dim columns had uncertain OCR attribution -> only primary specs (pitch/working load/ultimate/weight) recorded; dims omitted not guessed.
REX-ER911,Engineered Class Chains,ER911,Rexnord ER911 Engineered Steel Roller Chain,,9,228.6,1,Active,catalog-verified,FALSE,Engineered Steel Roller Chain,"engineered class,conveyor,elevator,bulk handling",alloy steel,,,,,,,,,,8.5,12.648,,33000,146.8,4650,20.7,,,,"Rexnord Conveyor, Elevator & Drive Chains Catalog (Rexnord/Link-Belt Engineered Steel)",,,,,ER911,RS911,,,,,,Full dimensional row in Rexnord catalog; some dim columns had uncertain OCR attribution -> only primary specs (pitch/working load/ultimate/weight) recorded; dims omitted not guessed.
REX-ER922,Engineered Class Chains,ER922,Rexnord ER922 Engineered Steel Roller Chain,,9,228.6,1,Active,catalog-verified,FALSE,Engineered Steel Roller Chain,"engineered class,conveyor,elevator,bulk handling",alloy steel,,,,,,,,,,12,17.856,,34000,151.2,7200,32.0,,,,"Rexnord Conveyor, Elevator & Drive Chains Catalog (Rexnord/Link-Belt Engineered Steel)",,,,,ER922,SS927,,,,,,Full dimensional row in Rexnord catalog; some dim columns had uncertain OCR attribution -> only primary specs (pitch/working load/ultimate/weight) recorded; dims omitted not guessed.
REX-FR922,Engineered Class Chains,FR922,Rexnord FR922 Engineered Steel Roller Chain,,9,228.6,1,Active,catalog-verified,FALSE,Engineered Steel Roller Chain,"engineered class,conveyor,elevator,bulk handling",alloy steel,,,,,,,,,,12.5,18.6,,34000,151.2,7200,32.0,,,,"Rexnord Conveyor, Elevator & Drive Chains Catalog (Rexnord/Link-Belt Engineered Steel)",,,,,FR922,SS922,,,,,,Full dimensional row in Rexnord catalog; some dim columns had uncertain OCR attribution -> only primary specs (pitch/working load/ultimate/weight) recorded; dims omitted not guessed.
REX-R2342,Engineered Class Chains,R2342,Rexnord R2342 Engineered Steel Roller Chain,,9,228.6,1,Active,catalog-verified,FALSE,Engineered Steel Roller Chain,"engineered class,conveyor,elevator,bulk handling",alloy steel,,,,,,,,,,9.2,13.69,,54000,240.2,9000,40.0,,,,"Rexnord Conveyor, Elevator & Drive Chains Catalog (Rexnord/Link-Belt Engineered Steel)",,,,,R2342,,,,,,,Full dimensional row in Rexnord catalog; some dim columns had uncertain OCR attribution -> only primary specs (pitch/working load/ultimate/weight) recorded; dims omitted not guessed.
REX-R2405,Engineered Class Chains,R2405,Rexnord R2405 Engineered Steel Roller Chain,,9,228.6,1,Active,catalog-verified,FALSE,Engineered Steel Roller Chain,"engineered class,conveyor,elevator,bulk handling",alloy steel,,,,,,,,,,9.7,14.434,,88000,391.4,9000,40.0,,,,"Rexnord Conveyor, Elevator & Drive Chains Catalog (Rexnord/Link-Belt Engineered Steel)",,,,,R2405,,,,,,,Full dimensional row in Rexnord catalog; some dim columns had uncertain OCR attribution -> only primary specs (pitch/working load/ultimate/weight) recorded; dims omitted not guessed.
REX-ER933,Engineered Class Chains,ER933,Rexnord ER933 Engineered Steel Roller Chain,,9,228.6,1,Active,catalog-verified,FALSE,Engineered Steel Roller Chain,"engineered class,conveyor,elevator,bulk handling",alloy steel,,,,,,,,,,15.6,23.213,,53000,235.8,9200,40.9,,,,"Rexnord Conveyor, Elevator & Drive Chains Catalog (Rexnord/Link-Belt Engineered Steel)",,,,,ER933,,,,,,,Full dimensional row in Rexnord catalog; some dim columns had uncertain OCR attribution -> only primary specs (pitch/working load/ultimate/weight) recorded; dims omitted not guessed.
REX-FR933,Engineered Class Chains,FR933,Rexnord FR933 Engineered Steel Roller Chain,,9,228.6,1,Active,catalog-verified,FALSE,Engineered Steel Roller Chain,"engineered class,conveyor,elevator,bulk handling",alloy steel,,,,,,,,,,16.5,24.552,,48000,213.5,9200,40.9,,,,"Rexnord Conveyor, Elevator & Drive Chains Catalog (Rexnord/Link-Belt Engineered Steel)",,,,,FR933,SS933,,,,,,Full dimensional row in Rexnord catalog; some dim columns had uncertain OCR attribution -> only primary specs (pitch/working load/ultimate/weight) recorded; dims omitted not guessed.
REX-R4009,Engineered Class Chains,R4009,Rexnord R4009 Engineered Steel Roller Chain,,9,228.6,1,Active,catalog-verified,FALSE,Engineered Steel Roller Chain,"engineered class,conveyor,elevator,bulk handling",alloy steel,,,,,,,,,,14.7,21.874,,67000,298.0,9200,40.9,,,,"Rexnord Conveyor, Elevator & Drive Chains Catalog (Rexnord/Link-Belt Engineered Steel)",,,,,R4009,RS4851,,,,,,Full dimensional row in Rexnord catalog; some dim columns had uncertain OCR attribution -> only primary specs (pitch/working load/ultimate/weight) recorded; dims omitted not guessed.
REX-X4004,Engineered Class Chains,X4004,Rexnord X4004 Engineered Steel Roller Chain,,9,228.6,1,Active,catalog-verified,FALSE,Engineered Steel Roller Chain,"engineered class,conveyor,elevator,bulk handling",alloy steel,,,,,,,,,,18.5,27.528,,65000,289.1,12700,56.5,,,,"Rexnord Conveyor, Elevator & Drive Chains Catalog (Rexnord/Link-Belt Engineered Steel)",,,,,X4004,RS4852,,,,,,Full dimensional row in Rexnord catalog; some dim columns had uncertain OCR attribution -> only primary specs (pitch/working load/ultimate/weight) recorded; dims omitted not guessed.
REX-4065,Engineered Class Chains,4065,Rexnord 4065 Engineered Steel Roller Chain,,9,228.6,1,Active,catalog-verified,FALSE,Engineered Steel Roller Chain,"engineered class,conveyor,elevator,bulk handling",alloy steel,,,,,,,,,,36.2,53.866,,148000,658.3,18900,84.1,,,,"Rexnord Conveyor, Elevator & Drive Chains Catalog (Rexnord/Link-Belt Engineered Steel)",,,,,4065,RS4065,,,,,,Full dimensional row in Rexnord catalog; some dim columns had uncertain OCR attribution -> only primary specs (pitch/working load/ultimate/weight) recorded; dims omitted not guessed.
REX-E1211,Engineered Class Chains,E1211,Rexnord E1211 Engineered Steel Roller Chain,,12,304.8,1,Active,catalog-verified,FALSE,Engineered Steel Roller Chain,"engineered class,conveyor,elevator,bulk handling",alloy steel,,,,,,,,,,7,10.416,,31000,137.9,4650,20.7,,,,"Rexnord Conveyor, Elevator & Drive Chains Catalog (Rexnord/Link-Belt Engineered Steel)",,,,,E1211,RS1211,,,,,,Full dimensional row in Rexnord catalog; some dim columns had uncertain OCR attribution -> only primary specs (pitch/working load/ultimate/weight) recorded; dims omitted not guessed.
REX-ER1222,Engineered Class Chains,ER1222,Rexnord ER1222 Engineered Steel Roller Chain,,12,304.8,1,Active,catalog-verified,FALSE,Engineered Steel Roller Chain,"engineered class,conveyor,elevator,bulk handling",alloy steel,,,,,,,,,,10,14.88,,34000,151.2,7200,32.0,,,,"Rexnord Conveyor, Elevator & Drive Chains Catalog (Rexnord/Link-Belt Engineered Steel)",,,,,ER1222,SS1227,,,,,,Full dimensional row in Rexnord catalog; some dim columns had uncertain OCR attribution -> only primary specs (pitch/working load/ultimate/weight) recorded; dims omitted not guessed.
REX-FR1222,Engineered Class Chains,FR1222,Rexnord FR1222 Engineered Steel Roller Chain,,12,304.8,1,Active,catalog-verified,FALSE,Engineered Steel Roller Chain,"engineered class,conveyor,elevator,bulk handling",alloy steel,,,,,,,,,,10.5,15.624,,34000,151.2,7200,32.0,,,,"Rexnord Conveyor, Elevator & Drive Chains Catalog (Rexnord/Link-Belt Engineered Steel)",,,,,FR1222,SS1222,,,,,,Full dimensional row in Rexnord catalog; some dim columns had uncertain OCR attribution -> only primary specs (pitch/working load/ultimate/weight) recorded; dims omitted not guessed.
REX-R1251,Engineered Class Chains,R1251,Rexnord R1251 Engineered Steel Roller Chain,,12,304.8,1,Active,catalog-verified,FALSE,Engineered Steel Roller Chain,"engineered class,conveyor,elevator,bulk handling",alloy steel,,,,,,,,,,9.8,14.582,,56000,249.1,9000,40.0,,,,"Rexnord Conveyor, Elevator & Drive Chains Catalog (Rexnord/Link-Belt Engineered Steel)",,,,,R1251,,,,,,,Full dimensional row in Rexnord catalog; some dim columns had uncertain OCR attribution -> only primary specs (pitch/working load/ultimate/weight) recorded; dims omitted not guessed.
REX-ER1233,Engineered Class Chains,ER1233,Rexnord ER1233 Engineered Steel Roller Chain,,12,304.8,1,Active,catalog-verified,FALSE,Engineered Steel Roller Chain,"engineered class,conveyor,elevator,bulk handling",alloy steel,,,,,,,,,,13.1,19.493,,61000,271.3,9200,40.9,,,,"Rexnord Conveyor, Elevator & Drive Chains Catalog (Rexnord/Link-Belt Engineered Steel)",,,,,ER1233,,,,,,,Full dimensional row in Rexnord catalog; some dim columns had uncertain OCR attribution -> only primary specs (pitch/working load/ultimate/weight) recorded; dims omitted not guessed.
REX-FR1233,Engineered Class Chains,FR1233,Rexnord FR1233 Engineered Steel Roller Chain,,12,304.8,1,Active,catalog-verified,FALSE,Engineered Steel Roller Chain,"engineered class,conveyor,elevator,bulk handling",alloy steel,,,,,,,,,,14,20.832,,62000,275.8,9200,40.9,,,,"Rexnord Conveyor, Elevator & Drive Chains Catalog (Rexnord/Link-Belt Engineered Steel)",,,,,FR1233,SS1233,,,,,,Full dimensional row in Rexnord catalog; some dim columns had uncertain OCR attribution -> only primary specs (pitch/working load/ultimate/weight) recorded; dims omitted not guessed.
REX-RR2397,Engineered Class Chains,RR2397,Rexnord RR2397 Engineered Steel Roller Chain,,12,304.8,1,Active,catalog-verified,FALSE,Engineered Steel Roller Chain,"engineered class,conveyor,elevator,bulk handling",alloy steel,,,,,,,,,,9.5,14.136,,60000,266.9,9200,40.9,,,,"Rexnord Conveyor, Elevator & Drive Chains Catalog (Rexnord/Link-Belt Engineered Steel)",,,,,RR2397,,,,,,,Full dimensional row in Rexnord catalog; some dim columns had uncertain OCR attribution -> only primary specs (pitch/working load/ultimate/weight) recorded; dims omitted not guessed.
REX-4011,Engineered Class Chains,4011,Rexnord 4011 Engineered Steel Roller Chain,,12,304.8,1,Active,catalog-verified,FALSE,Engineered Steel Roller Chain,"engineered class,conveyor,elevator,bulk handling",alloy steel,,,,,,,,,,12.6,18.749,,63000,280.2,9200,40.9,,,,"Rexnord Conveyor, Elevator & Drive Chains Catalog (Rexnord/Link-Belt Engineered Steel)",,,,,4011,,,,,,,Full dimensional row in Rexnord catalog; some dim columns had uncertain OCR attribution -> only primary specs (pitch/working load/ultimate/weight) recorded; dims omitted not guessed.
REX-ER1244,Engineered Class Chains,ER1244,Rexnord ER1244 Engineered Steel Roller Chain,,12,304.8,1,Active,catalog-verified,FALSE,Engineered Steel Roller Chain,"engineered class,conveyor,elevator,bulk handling",alloy steel,,,,,,,,,,20.5,30.504,,85000,378.1,12300,54.7,,,,"Rexnord Conveyor, Elevator & Drive Chains Catalog (Rexnord/Link-Belt Engineered Steel)",,,,,ER1244,,,,,,,Full dimensional row in Rexnord catalog; some dim columns had uncertain OCR attribution -> only primary specs (pitch/working load/ultimate/weight) recorded; dims omitted not guessed.
REX-FR1244,Engineered Class Chains,FR1244,Rexnord FR1244 Engineered Steel Roller Chain,,12,304.8,1,Active,catalog-verified,FALSE,Engineered Steel Roller Chain,"engineered class,conveyor,elevator,bulk handling",alloy steel,,,,,,,,,,21.5,31.992,,63000,280.2,12300,54.7,,,,"Rexnord Conveyor, Elevator & Drive Chains Catalog (Rexnord/Link-Belt Engineered Steel)",,,,,FR1244,,,,,,,Full dimensional row in Rexnord catalog; some dim columns had uncertain OCR attribution -> only primary specs (pitch/working load/ultimate/weight) recorded; dims omitted not guessed.
REX-R1706,Engineered Class Chains,R1706,Rexnord R1706 Engineered Steel Roller Chain,,12,304.8,1,Active,catalog-verified,FALSE,Engineered Steel Roller Chain,"engineered class,conveyor,elevator,bulk handling",alloy steel,,,,,,,,,,13.9,20.683,,79000,351.4,14000,62.3,,,,"Rexnord Conveyor, Elevator & Drive Chains Catalog (Rexnord/Link-Belt Engineered Steel)",,,,,R1706,,,,,,,Full dimensional row in Rexnord catalog; some dim columns had uncertain OCR attribution -> only primary specs (pitch/working load/ultimate/weight) recorded; dims omitted not guessed.
REX-R2614,Engineered Class Chains,R2614,Rexnord R2614 Engineered Steel Roller Chain,,12,304.8,1,Active,catalog-verified,FALSE,Engineered Steel Roller Chain,"engineered class,conveyor,elevator,bulk handling",alloy steel,,,,,,,,,,24,35.712,,135000,600.5,17500,77.8,,,,"Rexnord Conveyor, Elevator & Drive Chains Catalog (Rexnord/Link-Belt Engineered Steel)",,,,,R2614,,,,,,,Full dimensional row in Rexnord catalog; some dim columns had uncertain OCR attribution -> only primary specs (pitch/working load/ultimate/weight) recorded; dims omitted not guessed.
REX-R4010,Engineered Class Chains,R4010,Rexnord R4010 Engineered Steel Roller Chain,,12,304.8,1,Active,catalog-verified,FALSE,Engineered Steel Roller Chain,"engineered class,conveyor,elevator,bulk handling",alloy steel,,,,,,,,,,39.2,58.33,,185000,822.9,23500,104.5,,,,"Rexnord Conveyor, Elevator & Drive Chains Catalog (Rexnord/Link-Belt Engineered Steel)",,,,,R4010,,,,,,,Full dimensional row in Rexnord catalog; some dim columns had uncertain OCR attribution -> only primary specs (pitch/working load/ultimate/weight) recorded; dims omitted not guessed.
REX-ER1822,Engineered Class Chains,ER1822,Rexnord ER1822 Engineered Steel Roller Chain,,18,457.2,1,Active,catalog-verified,FALSE,Engineered Steel Roller Chain,"engineered class,conveyor,elevator,bulk handling",alloy steel,,,,,,,,,,8.5,12.648,,34000,151.2,7200,32.0,,,,"Rexnord Conveyor, Elevator & Drive Chains Catalog (Rexnord/Link-Belt Engineered Steel)",,,,,ER1822,,,,,,,Full dimensional row in Rexnord catalog; some dim columns had uncertain OCR attribution -> only primary specs (pitch/working load/ultimate/weight) recorded; dims omitted not guessed.
REX-FR1822,Engineered Class Chains,FR1822,Rexnord FR1822 Engineered Steel Roller Chain,,18,457.2,1,Active,catalog-verified,FALSE,Engineered Steel Roller Chain,"engineered class,conveyor,elevator,bulk handling",alloy steel,,,,,,,,,,9,13.392,,34000,151.2,7200,32.0,,,,"Rexnord Conveyor, Elevator & Drive Chains Catalog (Rexnord/Link-Belt Engineered Steel)",,,,,FR1822,,,,,,,Full dimensional row in Rexnord catalog; some dim columns had uncertain OCR attribution -> only primary specs (pitch/working load/ultimate/weight) recorded; dims omitted not guessed.
REX-F1833,Engineered Class Chains,F1833,Rexnord F1833 Engineered Steel Roller Chain,,18,457.2,1,Active,catalog-verified,FALSE,Engineered Steel Roller Chain,"engineered class,conveyor,elevator,bulk handling",alloy steel,,,,,,,,,,11.5,17.112,,63000,280.2,9200,40.9,,,,"Rexnord Conveyor, Elevator & Drive Chains Catalog (Rexnord/Link-Belt Engineered Steel)",,,,,F1833,,,,,,,Full dimensional row in Rexnord catalog; some dim columns had uncertain OCR attribution -> only primary specs (pitch/working load/ultimate/weight) recorded; dims omitted not guessed.
REX-FR1844,Engineered Class Chains,FR1844,Rexnord FR1844 Engineered Steel Roller Chain,,18,457.2,1,Active,catalog-verified,FALSE,Engineered Steel Roller Chain,"engineered class,conveyor,elevator,bulk handling",alloy steel,,,,,,,,,,17,25.296,,89000,395.9,12300,54.7,,,,"Rexnord Conveyor, Elevator & Drive Chains Catalog (Rexnord/Link-Belt Engineered Steel)",,,,,FR1844,,,,,,,Full dimensional row in Rexnord catalog; some dim columns had uncertain OCR attribution -> only primary specs (pitch/working load/ultimate/weight) recorded; dims omitted not guessed.
REX-S188,Engineered Class Chains,S188,Rexnord S188 Engineered Steel Chain (rollerless),,2.609,66.27,1,Active,catalog-verified,FALSE,Engineered Steel Chain (rollerless),"engineered class,conveyor,elevator,bulk handling,elevator",alloy steel,,,,,,,,,,3.8,5.654,,23000,102.3,2740,12.2,,,,"Rexnord Conveyor, Elevator & Drive Chains Catalog (Rexnord/Link-Belt Engineered Steel)",,,,,S188,SBS188,,,,,,Full dimensional row in Rexnord catalog; some dim columns had uncertain OCR attribution -> only primary specs (pitch/working load/ultimate/weight) recorded; dims omitted not guessed.
REX-ER131,Engineered Class Chains,ER131,Rexnord ER131 Engineered Steel Chain (rollerless),,3.075,78.11,1,Active,catalog-verified,FALSE,Engineered Steel Chain (rollerless),"engineered class,conveyor,elevator,bulk handling,elevator",alloy steel,,,,,,,,,,7.4,11.011,,36000,160.1,4450,19.8,,,,"Rexnord Conveyor, Elevator & Drive Chains Catalog (Rexnord/Link-Belt Engineered Steel)",,,,,ER131,SBS131,,,,,,Full dimensional row in Rexnord catalog; some dim columns had uncertain OCR attribution -> only primary specs (pitch/working load/ultimate/weight) recorded; dims omitted not guessed.
REX-1536,Engineered Class Chains,1536,Rexnord 1536 Engineered Steel Chain (rollerless),,3.075,78.11,1,Active,catalog-verified,FALSE,Engineered Steel Chain (rollerless),"engineered class,conveyor,elevator,bulk handling,elevator",alloy steel,,,,,,,,,,9.2,13.69,,51000,226.9,4900,21.8,,,,"Rexnord Conveyor, Elevator & Drive Chains Catalog (Rexnord/Link-Belt Engineered Steel)",,,,,1536,SBS1972,,,,,,Full dimensional row in Rexnord catalog; some dim columns had uncertain OCR attribution -> only primary specs (pitch/working load/ultimate/weight) recorded; dims omitted not guessed.
REX-1535,Engineered Class Chains,1535,Rexnord 1535 Engineered Steel Chain (rollerless),,3.075,78.11,1,Active,catalog-verified,FALSE,Engineered Steel Chain (rollerless),"engineered class,conveyor,elevator,bulk handling,elevator",alloy steel,,,,,,,,,,9.4,13.987,,50000,222.4,5300,23.6,,,,"Rexnord Conveyor, Elevator & Drive Chains Catalog (Rexnord/Link-Belt Engineered Steel)",,,,,1535,SBS2162,,,,,,Full dimensional row in Rexnord catalog; some dim columns had uncertain OCR attribution -> only primary specs (pitch/working load/ultimate/weight) recorded; dims omitted not guessed.
REX-ER102B,Engineered Class Chains,ER102B,Rexnord ER102B Engineered Steel Chain (rollerless),,4,101.6,1,Active,catalog-verified,FALSE,Engineered Steel Chain (rollerless),"engineered class,conveyor,elevator,bulk handling,elevator",alloy steel,,,,,,,,,,6.9,10.267,,36000,160.1,6300,28.0,,,,"Rexnord Conveyor, Elevator & Drive Chains Catalog (Rexnord/Link-Belt Engineered Steel)",,,,,ER102B,SBS102B,,,,,,Full dimensional row in Rexnord catalog; some dim columns had uncertain OCR attribution -> only primary specs (pitch/working load/ultimate/weight) recorded; dims omitted not guessed.
REX-ER1025,Engineered Class Chains,ER1025,Rexnord ER1025 Engineered Steel Chain (rollerless),,4.04,102.62,1,Active,catalog-verified,FALSE,Engineered Steel Chain (rollerless),"engineered class,conveyor,elevator,bulk handling,elevator",alloy steel,,,,,,,,,,9.4,13.987,,48000,213.5,7800,34.7,,,,"Rexnord Conveyor, Elevator & Drive Chains Catalog (Rexnord/Link-Belt Engineered Steel)",,,,,ER1025,SBS102.5,,,,,,Full dimensional row in Rexnord catalog; some dim columns had uncertain OCR attribution -> only primary specs (pitch/working load/ultimate/weight) recorded; dims omitted not guessed.
REX-ER111,Engineered Class Chains,ER111,Rexnord ER111 Engineered Steel Chain (rollerless),,4.76,120.9,1,Active,catalog-verified,FALSE,Engineered Steel Chain (rollerless),"engineered class,conveyor,elevator,bulk handling,elevator",alloy steel,,,,,,,,,,10.2,15.178,,48000,213.5,8850,39.4,,,,"Rexnord Conveyor, Elevator & Drive Chains Catalog (Rexnord/Link-Belt Engineered Steel)",,,,,ER111,SBS111,,,,,,Full dimensional row in Rexnord catalog; some dim columns had uncertain OCR attribution -> only primary specs (pitch/working load/ultimate/weight) recorded; dims omitted not guessed.
REX-SR830,Engineered Class Chains,SR830,Rexnord SR830 Engineered Steel Chain (rollerless),,6,152.4,1,Active,catalog-verified,FALSE,Engineered Steel Chain (rollerless),"engineered class,conveyor,elevator,bulk handling,elevator",alloy steel,,,,,,,,,,7.5,11.16,,50000,222.4,6000,26.7,,,,"Rexnord Conveyor, Elevator & Drive Chains Catalog (Rexnord/Link-Belt Engineered Steel)",,,,,SR830,,,,,,,Full dimensional row in Rexnord catalog; some dim columns had uncertain OCR attribution -> only primary specs (pitch/working load/ultimate/weight) recorded; dims omitted not guessed.
REX-ER110,Engineered Class Chains,ER110,Rexnord ER110 Engineered Steel Chain (rollerless),,6,152.4,1,Active,catalog-verified,FALSE,Engineered Steel Chain (rollerless),"engineered class,conveyor,elevator,bulk handling,elevator",alloy steel,,,,,,,,,,6.3,9.374,,36000,160.1,6300,28.0,,,,"Rexnord Conveyor, Elevator & Drive Chains Catalog (Rexnord/Link-Belt Engineered Steel)",,,,,ER110,SBS110,,,,,,Full dimensional row in Rexnord catalog; some dim columns had uncertain OCR attribution -> only primary specs (pitch/working load/ultimate/weight) recorded; dims omitted not guessed.
REX-ER833,Engineered Class Chains,ER833,Rexnord ER833 Engineered Steel Chain (rollerless),,6,152.4,1,Active,catalog-verified,FALSE,Engineered Steel Chain (rollerless),"engineered class,conveyor,elevator,bulk handling,elevator",alloy steel,,,,,,,,,,9.3,13.838,,48000,213.5,8900,39.6,,,,"Rexnord Conveyor, Elevator & Drive Chains Catalog (Rexnord/Link-Belt Engineered Steel)",,,,,ER833,,,,,,,Full dimensional row in Rexnord catalog; some dim columns had uncertain OCR attribution -> only primary specs (pitch/working load/ultimate/weight) recorded; dims omitted not guessed. ER800/900 = elevator chain series.
REX-SR844,Engineered Class Chains,SR844,Rexnord SR844 Engineered Steel Chain (rollerless),,6,152.4,1,Active,catalog-verified,FALSE,Engineered Steel Chain (rollerless),"engineered class,conveyor,elevator,bulk handling,elevator",alloy steel,,,,,,,,,,10.4,15.475,,52000,231.3,9000,40.0,,,,"Rexnord Conveyor, Elevator & Drive Chains Catalog (Rexnord/Link-Belt Engineered Steel)",,,,,SR844,SBS844,,,,,,Full dimensional row in Rexnord catalog; some dim columns had uncertain OCR attribution -> only primary specs (pitch/working load/ultimate/weight) recorded; dims omitted not guessed.
REX-6826,Engineered Class Chains,6826,Rexnord 6826 Engineered Steel Chain (rollerless),,6,152.4,1,Active,catalog-verified,FALSE,Engineered Steel Chain (rollerless),"engineered class,conveyor,elevator,bulk handling,elevator",alloy steel,,,,,,,,,,12,17.856,,68000,302.5,9600,42.7,,,,"Rexnord Conveyor, Elevator & Drive Chains Catalog (Rexnord/Link-Belt Engineered Steel)",,,,,6826,,,,,,,Full dimensional row in Rexnord catalog; some dim columns had uncertain OCR attribution -> only primary specs (pitch/working load/ultimate/weight) recorded; dims omitted not guessed.
REX-ER856,Engineered Class Chains,ER856,Rexnord ER856 Engineered Steel Chain (rollerless),,6,152.4,1,Active,catalog-verified,FALSE,Engineered Steel Chain (rollerless),"engineered class,conveyor,elevator,bulk handling,elevator",alloy steel,,,,,,,,,,16.5,24.552,,82000,364.8,14000,62.3,,,,"Rexnord Conveyor, Elevator & Drive Chains Catalog (Rexnord/Link-Belt Engineered Steel)",,,,,ER856,SBX856,,,,,,Full dimensional row in Rexnord catalog; some dim columns had uncertain OCR attribution -> only primary specs (pitch/working load/ultimate/weight) recorded; dims omitted not guessed. ER800/900 = elevator chain series.
REX-ER956,Engineered Class Chains,ER956,Rexnord ER956 Engineered Steel Chain (rollerless),,6,152.4,1,Active,catalog-verified,FALSE,Engineered Steel Chain (rollerless),"engineered class,conveyor,elevator,bulk handling,elevator",alloy steel,,,,,,,,,,16.6,24.701,,97000,431.5,14000,62.3,,,,"Rexnord Conveyor, Elevator & Drive Chains Catalog (Rexnord/Link-Belt Engineered Steel)",,,,,ER956,,,,,,,Full dimensional row in Rexnord catalog; some dim columns had uncertain OCR attribution -> only primary specs (pitch/working load/ultimate/weight) recorded; dims omitted not guessed. ER800/900 = elevator chain series.
REX-ER857,Engineered Class Chains,ER857,Rexnord ER857 Engineered Steel Chain (rollerless),,6,152.4,1,Active,catalog-verified,FALSE,Engineered Steel Chain (rollerless),"engineered class,conveyor,elevator,bulk handling,elevator",alloy steel,,,,,,,,,,21,31.248,,97000,431.5,14000,62.3,,,,"Rexnord Conveyor, Elevator & Drive Chains Catalog (Rexnord/Link-Belt Engineered Steel)",,,,,ER857,SBX2857,,,,,,Full dimensional row in Rexnord catalog; some dim columns had uncertain OCR attribution -> only primary specs (pitch/working load/ultimate/weight) recorded; dims omitted not guessed. ER800/900 = elevator chain series.
REX-ER958,Engineered Class Chains,ER958,Rexnord ER958 Engineered Steel Chain (rollerless),,6,152.4,1,Active,catalog-verified,FALSE,Engineered Steel Chain (rollerless),"engineered class,conveyor,elevator,bulk handling,elevator",alloy steel,,,,,,,,,,21,31.248,,97000,431.5,16300,72.5,,,,"Rexnord Conveyor, Elevator & Drive Chains Catalog (Rexnord/Link-Belt Engineered Steel)",,,,,ER958,,,,,,,Full dimensional row in Rexnord catalog; some dim columns had uncertain OCR attribution -> only primary specs (pitch/working load/ultimate/weight) recorded; dims omitted not guessed. ER800/900 = elevator chain series.
REX-ER859,Engineered Class Chains,ER859,Rexnord ER859 Engineered Steel Chain (rollerless),,6,152.4,1,Active,catalog-verified,FALSE,Engineered Steel Chain (rollerless),"engineered class,conveyor,elevator,bulk handling,elevator",alloy steel,,,,,,,,,,34,50.592,,155000,689.5,22000,97.9,,,,"Rexnord Conveyor, Elevator & Drive Chains Catalog (Rexnord/Link-Belt Engineered Steel)",,,,,ER859,SBX2859,,,,,,Full dimensional row in Rexnord catalog; some dim columns had uncertain OCR attribution -> only primary specs (pitch/working load/ultimate/weight) recorded; dims omitted not guessed. ER800/900 = elevator chain series.
REX-ER150,Engineered Class Chains,ER150,Rexnord ER150 Engineered Steel Chain (rollerless),,6.05,153.67,1,Active,catalog-verified,FALSE,Engineered Steel Chain (rollerless),"engineered class,conveyor,elevator,bulk handling,elevator",alloy steel,,,,,,,,,,16.6,24.701,,85000,378.1,15000,66.7,,,,"Rexnord Conveyor, Elevator & Drive Chains Catalog (Rexnord/Link-Belt Engineered Steel)",,,,,ER150,SBS150,,,,,,Full dimensional row in Rexnord catalog; some dim columns had uncertain OCR attribution -> only primary specs (pitch/working load/ultimate/weight) recorded; dims omitted not guessed.
REX-SX175,Engineered Class Chains,SX175,Rexnord SX175 Engineered Steel Chain (rollerless),,6.05,153.67,1,Active,catalog-verified,FALSE,Engineered Steel Chain (rollerless),"engineered class,conveyor,elevator,bulk handling,elevator",alloy steel,,,,,,,,,,24.5,36.456,,114000,507.1,18500,82.3,,,,"Rexnord Conveyor, Elevator & Drive Chains Catalog (Rexnord/Link-Belt Engineered Steel)",,,,,SX175,,,,,,,Full dimensional row in Rexnord catalog; some dim columns had uncertain OCR attribution -> only primary specs (pitch/working load/ultimate/weight) recorded; dims omitted not guessed.
REX-ER864,Engineered Class Chains,ER864,Rexnord ER864 Engineered Steel Chain (rollerless),,7,177.8,1,Active,catalog-verified,FALSE,Engineered Steel Chain (rollerless),"engineered class,conveyor,elevator,bulk handling,elevator",alloy steel,,,,,,,,,,33,49.104,,155000,689.5,22000,97.9,,,,"Rexnord Conveyor, Elevator & Drive Chains Catalog (Rexnord/Link-Belt Engineered Steel)",,,,,ER864,SBX2864,,,,,,Full dimensional row in Rexnord catalog; some dim columns had uncertain OCR attribution -> only primary specs (pitch/working load/ultimate/weight) recorded; dims omitted not guessed. ER800/900 = elevator chain series.
REX-ER984,Engineered Class Chains,ER984,Rexnord ER984 Engineered Steel Chain (rollerless),,7,177.8,1,Active,catalog-verified,FALSE,Engineered Steel Chain (rollerless),"engineered class,conveyor,elevator,bulk handling,elevator",alloy steel,,,,,,,,,,33,49.104,,155000,689.5,24000,106.8,,,,"Rexnord Conveyor, Elevator & Drive Chains Catalog (Rexnord/Link-Belt Engineered Steel)",,,,,ER984,,,,,,,Full dimensional row in Rexnord catalog; some dim columns had uncertain OCR attribution -> only primary specs (pitch/working load/ultimate/weight) recorded; dims omitted not guessed. ER800/900 = elevator chain series.
REX-SX886,Engineered Class Chains,SX886,Rexnord SX886 Engineered Steel Chain (rollerless),,7,177.8,1,Active,catalog-verified,FALSE,Engineered Steel Chain (rollerless),"engineered class,conveyor,elevator,bulk handling,elevator",alloy steel,,,,,,,,,,42,62.496,,255000,1134.3,24000,106.8,,,,"Rexnord Conveyor, Elevator & Drive Chains Catalog (Rexnord/Link-Belt Engineered Steel)",,,,,SX886,,,,,,,Full dimensional row in Rexnord catalog; some dim columns had uncertain OCR attribution -> only primary specs (pitch/working load/ultimate/weight) recorded; dims omitted not guessed.
REX-WHX124,Welded Steel Chains,WHX124,Rexnord WHX124 Welded Steel Mill Chain (narrow series),,4,101.6,1,Active,catalog-verified,FALSE,Welded Steel Mill Chain (narrow series),"sawmill,mill,welded steel,conveyor","carbon steel,heat-treated",,2.81,71.37,,,0.75,19.05,1.5,38.1,9,13.392,,50500,224.6,7350,32.7,,,,"Rexnord Conveyor, Elevator & Drive Chains Catalog (Rexnord/Link-Belt Engineered Steel)",,,,,WHX124,,,,,,,
REX-WHX124HD,Welded Steel Chains,WHX124HD,Rexnord WHX124HD Welded Steel Mill Chain (narrow series),,4.063,103.2,1,Active,catalog-verified,FALSE,Welded Steel Mill Chain (narrow series),"sawmill,mill,welded steel,conveyor","carbon steel,heat-treated",,3,76.2,,,0.88,22.35,2,50.8,14,20.832,,80000,355.9,9150,40.7,,,,"Rexnord Conveyor, Elevator & Drive Chains Catalog (Rexnord/Link-Belt Engineered Steel)",,,,,WHX124HD,,,,,,,
REX-WHX111,Welded Steel Chains,WHX111,Rexnord WHX111 Welded Steel Mill Chain (narrow series),,4.76,120.9,1,Active,catalog-verified,FALSE,Welded Steel Mill Chain (narrow series),"sawmill,mill,welded steel,conveyor","carbon steel,heat-treated",,3.38,85.85,,,0.75,19.05,1.5,38.1,8,11.904,,50500,224.6,8850,39.4,,,,"Rexnord Conveyor, Elevator & Drive Chains Catalog (Rexnord/Link-Belt Engineered Steel)",,,,,WHX111,,,,,,,
REX-WHX106,Welded Steel Chains,WHX106,Rexnord WHX106 Welded Steel Mill Chain (narrow series),,6,152.4,1,Active,catalog-verified,FALSE,Welded Steel Mill Chain (narrow series),"sawmill,mill,welded steel,conveyor","carbon steel,heat-treated",,2.81,71.37,,,0.75,19.05,1.5,38.1,7,10.416,,50500,224.6,7350,32.7,,,,"Rexnord Conveyor, Elevator & Drive Chains Catalog (Rexnord/Link-Belt Engineered Steel)",,,,,WHX106,,,,,,,
REX-WHX132,Welded Steel Chains,WHX132,Rexnord WHX132 Welded Steel Mill Chain (narrow series),,6.05,153.67,1,Active,catalog-verified,FALSE,Welded Steel Mill Chain (narrow series),"sawmill,mill,welded steel,conveyor","carbon steel,heat-treated",,4.38,111.25,,,1,25.4,2,50.8,14,20.832,,85000,378.1,15000,66.7,,,,"Rexnord Conveyor, Elevator & Drive Chains Catalog (Rexnord/Link-Belt Engineered Steel)",,,,,WHX132,,,,,,,
REX-WHX150,Welded Steel Chains,WHX150,Rexnord WHX150 Welded Steel Mill Chain (narrow series),,6.05,153.67,1,Active,catalog-verified,FALSE,Welded Steel Mill Chain (narrow series),"sawmill,mill,welded steel,conveyor","carbon steel,heat-treated",,4.38,111.25,,,1,25.4,2.5,63.5,16,23.808,,90000,400.3,15000,66.7,,,,"Rexnord Conveyor, Elevator & Drive Chains Catalog (Rexnord/Link-Belt Engineered Steel)",,,,,WHX150,,,,,,,
REX-WHX155,Welded Steel Chains,WHX155,Rexnord WHX155 Welded Steel Mill Chain (narrow series),,6.05,153.67,1,Active,catalog-verified,FALSE,Welded Steel Mill Chain (narrow series),"sawmill,mill,welded steel,conveyor","carbon steel,heat-treated",,4.38,111.25,,,1.13,28.7,2.5,63.5,19,28.272,,102000,453.7,17500,77.8,,,,"Rexnord Conveyor, Elevator & Drive Chains Catalog (Rexnord/Link-Belt Engineered Steel)",,,,,WHX155,,,,,,,
REX-WHX157,Welded Steel Chains,WHX157,Rexnord WHX157 Welded Steel Mill Chain (narrow series),,6.05,153.67,1,Active,catalog-verified,FALSE,Welded Steel Mill Chain (narrow series),"sawmill,mill,welded steel,conveyor","carbon steel,heat-treated",,4.63,117.6,,,1.13,28.7,2.5,63.5,20,29.76,,117000,520.4,18200,81.0,,,,"Rexnord Conveyor, Elevator & Drive Chains Catalog (Rexnord/Link-Belt Engineered Steel)",,,,,WHX157,,,,,,,
REX-WHX2855,Welded Steel Chains,WHX2855,Rexnord WHX2855 Welded Steel Mill Chain (narrow series),,6.05,153.67,1,Active,catalog-verified,FALSE,Welded Steel Mill Chain (narrow series),"sawmill,mill,welded steel,conveyor","carbon steel,heat-treated",,4.63,117.6,,,1.25,31.75,2.5,63.5,20,29.76,,140000,622.8,20250,90.1,,,,"Rexnord Conveyor, Elevator & Drive Chains Catalog (Rexnord/Link-Belt Engineered Steel)",,,,,WHX2855,,,,,,,
REX-WHX3855,Welded Steel Chains,WHX3855,Rexnord WHX3855 Welded Steel Mill Chain (narrow series),,6.05,153.67,1,Active,catalog-verified,FALSE,Welded Steel Mill Chain (narrow series),"sawmill,mill,welded steel,conveyor","carbon steel,heat-treated",,4.63,117.6,,,1.25,31.75,3,76.2,22,32.736,,175000,778.4,20250,90.1,,,,"Rexnord Conveyor, Elevator & Drive Chains Catalog (Rexnord/Link-Belt Engineered Steel)",,,,,WHX3855,,,,,,,
REX-WHX159,Welded Steel Chains,WHX159,Rexnord WHX159 Welded Steel Mill Chain (narrow series),,6.125,155.57,1,Active,catalog-verified,FALSE,Welded Steel Mill Chain (narrow series),"sawmill,mill,welded steel,conveyor","carbon steel,heat-treated",,4.63,117.6,,,1.25,31.75,3,76.2,27,40.176,,204000,907.4,20250,90.1,,,,"Rexnord Conveyor, Elevator & Drive Chains Catalog (Rexnord/Link-Belt Engineered Steel)",,,,,WHX159,,,,,,,
REX-WHX4855,Welded Steel Chains,WHX4855,Rexnord WHX4855 Welded Steel Mill Chain (narrow series),,12,304.8,1,Active,catalog-verified,FALSE,Welded Steel Mill Chain (narrow series),"sawmill,mill,welded steel,conveyor","carbon steel,heat-treated",,4.63,117.6,,,1.25,31.75,2.5,63.5,15,22.32,,119000,529.3,20250,90.1,,,,"Rexnord Conveyor, Elevator & Drive Chains Catalog (Rexnord/Link-Belt Engineered Steel)",,,,,WHX4855,,,,,,,
REX-WDH104,Drag / Scraper Chains,WDH104,Rexnord WDH104 Wide Welded Steel Mill Drag Chain,,6,152.4,1,Active,catalog-verified,FALSE,Wide Welded Steel Mill Drag Chain,"sawmill,drag conveyor,welded steel","carbon steel,heat-treated",,,,,,0.75,19.05,1.5,38.1,9,13.392,,55000,244.7,10000,44.5,,,,"Rexnord Conveyor, Elevator & Drive Chains Catalog (Rexnord/Link-Belt Engineered Steel)",,,,,WDH104,,,,,,,
REX-WDH110,Drag / Scraper Chains,WDH110,Rexnord WDH110 Wide Welded Steel Mill Drag Chain,,6,152.4,1,Active,catalog-verified,FALSE,Wide Welded Steel Mill Drag Chain,"sawmill,drag conveyor,welded steel","carbon steel,heat-treated",,,,,,0.75,19.05,1.5,38.1,12,17.856,,55000,244.7,10000,44.5,,,,"Rexnord Conveyor, Elevator & Drive Chains Catalog (Rexnord/Link-Belt Engineered Steel)",,,,,WDH110,,,,,,,
REX-WDH113,Drag / Scraper Chains,WDH113,Rexnord WDH113 Wide Welded Steel Mill Drag Chain,,6,152.4,1,Active,catalog-verified,FALSE,Wide Welded Steel Mill Drag Chain,"sawmill,drag conveyor,welded steel","carbon steel,heat-treated",,,,,,0.88,22.35,1.5,38.1,18,26.784,,57000,253.5,11700,52.0,,,,"Rexnord Conveyor, Elevator & Drive Chains Catalog (Rexnord/Link-Belt Engineered Steel)",,,,,WDH113,,,,,,,
REX-WDH120,Drag / Scraper Chains,WDH120,Rexnord WDH120 Wide Welded Steel Mill Drag Chain,,6,152.4,1,Active,catalog-verified,FALSE,Wide Welded Steel Mill Drag Chain,"sawmill,drag conveyor,welded steel","carbon steel,heat-treated",,,,,,0.88,22.35,2,50.8,20,29.76,,79000,351.4,15000,66.7,,,,"Rexnord Conveyor, Elevator & Drive Chains Catalog (Rexnord/Link-Belt Engineered Steel)",,,,,WDH120,,,,,,,
REX-WDH112,Drag / Scraper Chains,WDH112,Rexnord WDH112 Wide Welded Steel Mill Drag Chain,,8,203.2,1,Active,catalog-verified,FALSE,Wide Welded Steel Mill Drag Chain,"sawmill,drag conveyor,welded steel","carbon steel,heat-treated",,,,,,0.75,19.05,1.5,38.1,10,14.88,,55000,244.7,10000,44.5,,,,"Rexnord Conveyor, Elevator & Drive Chains Catalog (Rexnord/Link-Belt Engineered Steel)",,,,,WDH112,,,,,,,
REX-WDH116,Drag / Scraper Chains,WDH116,Rexnord WDH116 Wide Welded Steel Mill Drag Chain,,8,203.2,1,Active,catalog-verified,FALSE,Wide Welded Steel Mill Drag Chain,"sawmill,drag conveyor,welded steel","carbon steel,heat-treated",,,,,,0.75,19.05,1.75,44.45,13,19.344,,59000,262.4,11500,51.2,,,,"Rexnord Conveyor, Elevator & Drive Chains Catalog (Rexnord/Link-Belt Engineered Steel)",,,,,WDH116,,,,,,,
REX-WDH118,Drag / Scraper Chains,WDH118,Rexnord WDH118 Wide Welded Steel Mill Drag Chain,,8,203.2,1,Active,catalog-verified,FALSE,Wide Welded Steel Mill Drag Chain,"sawmill,drag conveyor,welded steel","carbon steel,heat-treated",,,,,,0.88,22.35,2,50.8,21,31.248,,79000,351.4,15000,66.7,,,,"Rexnord Conveyor, Elevator & Drive Chains Catalog (Rexnord/Link-Belt Engineered Steel)",,,,,WDH118,,,,,,,
REX-WDH480,Drag / Scraper Chains,WDH480,Rexnord WDH480 Wide Welded Steel Mill Drag Chain,,8,203.2,1,Active,catalog-verified,FALSE,Wide Welded Steel Mill Drag Chain,"sawmill,drag conveyor,welded steel","carbon steel,heat-treated",,,,,,0.88,22.35,2,50.8,18,26.784,,79000,351.4,15000,66.7,,,,"Rexnord Conveyor, Elevator & Drive Chains Catalog (Rexnord/Link-Belt Engineered Steel)",,,,,WDH480,,,,,,,
REX-WDH580,Drag / Scraper Chains,WDH580,Rexnord WDH580 Wide Welded Steel Mill Drag Chain,,8,203.2,1,Active,catalog-verified,FALSE,Wide Welded Steel Mill Drag Chain,"sawmill,drag conveyor,welded steel","carbon steel,heat-treated",,,,,,1,25.4,2,50.8,18,26.784,,108000,480.4,20500,91.2,,,,"Rexnord Conveyor, Elevator & Drive Chains Catalog (Rexnord/Link-Belt Engineered Steel)",,,,,WDH580,,,,,,,
REX-WDH680,Drag / Scraper Chains,WDH680,Rexnord WDH680 Wide Welded Steel Mill Drag Chain,,8,203.2,1,Active,catalog-verified,FALSE,Wide Welded Steel Mill Drag Chain,"sawmill,drag conveyor,welded steel","carbon steel,heat-treated",,,,,,1,25.4,2,50.8,21,31.248,,108000,480.4,20500,91.2,,,,"Rexnord Conveyor, Elevator & Drive Chains Catalog (Rexnord/Link-Belt Engineered Steel)",,,,,WDH680,,,,,,,
REX-WDH2210,Drag / Scraper Chains,WDH2210,Rexnord WDH2210 Wide Welded Steel Mill Drag Chain,,6.136,155.85,1,Active,catalog-verified,FALSE,Wide Welded Steel Mill Drag Chain,"sawmill,drag conveyor,welded steel","carbon steel,heat-treated",,,,,,0.75,19.05,1.5,38.1,11.5,17.112,,55000,244.7,10000,44.5,,,,"Rexnord Conveyor, Elevator & Drive Chains Catalog (Rexnord/Link-Belt Engineered Steel)",,,,,WDH2210,,,,,,,
REX-WDH2316,Drag / Scraper Chains,WDH2316,Rexnord WDH2316 Wide Welded Steel Mill Drag Chain,,8.126,206.4,1,Active,catalog-verified,FALSE,Wide Welded Steel Mill Drag Chain,"sawmill,drag conveyor,welded steel","carbon steel,heat-treated",,,,,,0.75,19.05,1.75,44.45,13,19.344,,55000,244.7,11500,51.2,,,,"Rexnord Conveyor, Elevator & Drive Chains Catalog (Rexnord/Link-Belt Engineered Steel)",,,,,WDH2316,,,,,,,
REX-WDH2380,Drag / Scraper Chains,WDH2380,Rexnord WDH2380 Wide Welded Steel Mill Drag Chain,,8.161,207.29,1,Active,catalog-verified,FALSE,Wide Welded Steel Mill Drag Chain,"sawmill,drag conveyor,welded steel","carbon steel,heat-treated",,,,,,0.88,22.35,2,50.8,18,26.784,,79000,351.4,15000,66.7,,,,"Rexnord Conveyor, Elevator & Drive Chains Catalog (Rexnord/Link-Belt Engineered Steel)",,,,,WDH2380,,,,,,,
REX-WHX5157,Drag / Scraper Chains,WHX5157,Rexnord WHX5157 Heavy Duty Welded Steel Drag Chain,,6.05,153.67,1,Active,catalog-verified,FALSE,Heavy Duty Welded Steel Drag Chain,"sawmill,drag conveyor,heavy duty,welded steel","carbon steel,heat-treated",,,,,,1.13,28.7,,,,,,117000,520.4,18200,81.0,,,,"Rexnord Conveyor, Elevator & Drive Chains Catalog (Rexnord/Link-Belt Engineered Steel)",,,,,WHX5157,,,,,,,"Barrel length available as a range (8-30 in, 2-in increments) per catalog."
REX-WHX6067,Drag / Scraper Chains,WHX6067,Rexnord WHX6067 Heavy Duty Welded Steel Drag Chain,,9,228.6,1,Active,catalog-verified,FALSE,Heavy Duty Welded Steel Drag Chain,"sawmill,drag conveyor,heavy duty,welded steel","carbon steel,heat-treated",,,,,,1.25,31.75,,,,,,195000,867.4,24300,108.1,,,,"Rexnord Conveyor, Elevator & Drive Chains Catalog (Rexnord/Link-Belt Engineered Steel)",,,,,WHX6067,,,,,,,"Barrel length available as a range (8-30 in, 2-in increments) per catalog."
REX-WHX5121,Drag / Scraper Chains,WHX5121,Rexnord WHX5121 Heavy Duty Welded Steel Drag Chain,,9,228.6,1,Active,catalog-verified,FALSE,Heavy Duty Welded Steel Drag Chain,"sawmill,drag conveyor,heavy duty,welded steel","carbon steel,heat-treated",,,,,,1.25,31.75,,,,,,205000,911.9,27600,122.8,,,,"Rexnord Conveyor, Elevator & Drive Chains Catalog (Rexnord/Link-Belt Engineered Steel)",,,,,WHX5121,,,,,,,"Barrel length available as a range (8-30 in, 2-in increments) per catalog."
REX-WHX6121,Drag / Scraper Chains,WHX6121,Rexnord WHX6121 Heavy Duty Welded Steel Drag Chain,,9,228.6,1,Active,catalog-verified,FALSE,Heavy Duty Welded Steel Drag Chain,"sawmill,drag conveyor,heavy duty,welded steel","carbon steel,heat-treated",,,,,,1.25,31.75,,,,,,205000,911.9,27600,122.8,,,,"Rexnord Conveyor, Elevator & Drive Chains Catalog (Rexnord/Link-Belt Engineered Steel)",,,,,WHX6121,,,,,,,"Barrel length available as a range (8-30 in, 2-in increments) per catalog."
REX-468,Drop Forged Rivetless Chains,468,Rexnord 468 Drop Forged Rivetless Chain,,4.031,102.39,1,Active,catalog-verified,TRUE,Drop Forged Rivetless Chain,"drop forged,rivetless,bulk handling,en-masse,engineered class",drop-forged steel,,,,,,0.75,19.05,,,7.8,11.606,"{""B_min_in"": ""0.840"", ""F_max_height_in"": ""1.880"", ""L_max_width_in"": ""3.340"", ""sidebar_thk_T_in"": ""0.630"", ""centre_link_X_in"": ""1.630"", ""centre_link_Xa_in"": ""1.130""}",88000,391.4,5800,25.8,,,,"Rexnord Conveyor, Elevator & Drive Chains Catalog (Rexnord/Link-Belt Engineered Steel)",,,468,,468,,,,,,,"| MERGE CONFLICT with canam — kept baseline, both values: pitch_in: 4.031 (rexnord) vs 4 (canam); pitch_mm: 102.39 (rexnord) vs 101.6 (canam)."
REX-698,Drop Forged Rivetless Chains,698,Rexnord 698 Drop Forged Rivetless Chain,,6.031,153.19,1,Active,catalog-verified,TRUE,Drop Forged Rivetless Chain,"drop forged,rivetless,bulk handling,en-masse,engineered class",drop-forged steel,,,,,,1.13,28.7,,,12.5,18.6,"{""B_min_in"": ""1.190"", ""F_max_height_in"": ""2.690"", ""L_max_width_in"": ""3.750"", ""sidebar_thk_T_in"": ""0.850"", ""centre_link_X_in"": ""1.560"", ""centre_link_Xa_in"": ""1.000""}",175000,778.4,25000,111.2,,,,"Rexnord Conveyor, Elevator & Drive Chains Catalog (Rexnord/Link-Belt Engineered Steel)",,,698,,698,,,,,,,"| MERGE CONFLICT with canam — kept baseline, both values: pitch_in: 6.031 (rexnord) vs 6 (canam); pitch_mm: 153.19 (rexnord) vs 152.4 (canam); pin_dia_in: 1.13 (rexnord) vs 1.12 (canam)."
REX-998,Drop Forged Rivetless Chains,998,Rexnord 998 Drop Forged Rivetless Chain,,9.031,229.39,1,Active,catalog-verified,TRUE,Drop Forged Rivetless Chain,"drop forged,rivetless,bulk handling,en-masse,engineered class",drop-forged steel,,,,,,1.13,28.7,,,10.3,15.326,"{""B_min_in"": ""1.190"", ""F_max_height_in"": ""2.690"", ""L_max_width_in"": ""3.750"", ""sidebar_thk_T_in"": ""0.880"", ""centre_link_X_in"": ""1.560"", ""centre_link_Xa_in"": ""1.000""}",175000,778.4,25000,111.2,,,,"Rexnord Conveyor, Elevator & Drive Chains Catalog (Rexnord/Link-Belt Engineered Steel)",,,998,,998,,,,,,,"| MERGE CONFLICT with canam — kept baseline, both values: pitch_in: 9.031 (rexnord) vs 9 (canam); pitch_mm: 229.39 (rexnord) vs 228.6 (canam); pin_dia_in: 1.13 (rexnord) vs 1.12 (canam)."
REX-9118,Drop Forged Rivetless Chains,9118,Rexnord 9118 Drop Forged Rivetless Chain,,9.031,229.39,1,Active,catalog-verified,TRUE,Drop Forged Rivetless Chain,"drop forged,rivetless,bulk handling,en-masse,engineered class",drop-forged steel,,,,,,1.38,35.05,,,16.3,24.254,"{""B_min_in"": ""1.450"", ""F_max_height_in"": ""3.130"", ""L_max_width_in"": ""4.880"", ""sidebar_thk_T_in"": ""1.250"", ""centre_link_X_in"": ""1.940"", ""centre_link_Xa_in"": ""1.310""}",1250000,5560.3,35000,155.7,,,,"Rexnord Conveyor, Elevator & Drive Chains Catalog (Rexnord/Link-Belt Engineered Steel)",,,9118,,9118,,,,,,,"9118 ultimate 1,250,000 lbs per catalog (verify; printed '1250,000'). | MERGE CONFLICT with canam — kept baseline, both values: pitch_in: 9.031 (rexnord) vs 9 (canam); pitch_mm: 229.39 (rexnord) vs 228.6 (canam)."
REX-X348,Drop Forged Rivetless Chains,X348,Rexnord X348 Drop Forged Rivetless Chain,,3.015,76.58,1,Active,catalog-verified,FALSE,Drop Forged Rivetless Chain,"drop forged,rivetless,bulk handling,en-masse",drop-forged steel,,,,,,0.5,12.7,,,1.9,2.827,,40000,177.9,2000,8.9,,,,"Rexnord Conveyor, Elevator & Drive Chains Catalog (Rexnord/Link-Belt Engineered Steel)",,,,,X348,,,,,,,
REX-X458,Drop Forged Rivetless Chains,X458,Rexnord X458 Drop Forged Rivetless Chain,,4.031,102.39,1,Active,catalog-verified,FALSE,Drop Forged Rivetless Chain,"drop forged,rivetless,bulk handling,en-masse",drop-forged steel,,,,,,0.63,16.0,,,3.1,4.613,,57000,253.5,4000,17.8,,,,"Rexnord Conveyor, Elevator & Drive Chains Catalog (Rexnord/Link-Belt Engineered Steel)",,,,,X458,,,,,,,
REX-X678,Drop Forged Rivetless Chains,X678,Rexnord X678 Drop Forged Rivetless Chain,,6.031,153.19,1,Active,catalog-verified,FALSE,Drop Forged Rivetless Chain,"drop forged,rivetless,bulk handling,en-masse",drop-forged steel,,,,,,0.88,22.35,,,6.5,9.672,,125000,556.0,7100,31.6,,,,"Rexnord Conveyor, Elevator & Drive Chains Catalog (Rexnord/Link-Belt Engineered Steel)",,,,,X678,,,,,,,
REX-S348,Drop Forged Rivetless Chains,S348,Rexnord S348 Drop Forged Rivetless Chain,,3.019,76.68,1,Active,catalog-verified,TRUE,Drop Forged Rivetless Chain,"drop forged,rivetless,bulk handling,en-masse",drop-forged steel,,,,,,0.5,12.7,,,2.4,3.571,,,,2000,8.9,,,,"Rexnord Conveyor, Elevator & Drive Chains Catalog (Rexnord/Link-Belt Engineered Steel)",,,,,S348,,,,,,,"S-series: catalog lists working load but no ultimate strength -> tensile blank, needs_review."
REX-S458,Drop Forged Rivetless Chains,S458,Rexnord S458 Drop Forged Rivetless Chain,,4.031,102.39,1,Active,catalog-verified,TRUE,Drop Forged Rivetless Chain,"drop forged,rivetless,bulk handling,en-masse",drop-forged steel,,,,,,0.63,16.0,,,3.5,5.208,,,,4000,17.8,,,,"Rexnord Conveyor, Elevator & Drive Chains Catalog (Rexnord/Link-Belt Engineered Steel)",,,,,S458,,,,,,,"S-series: catalog lists working load but no ultimate strength -> tensile blank, needs_review."
REX-S468,Drop Forged Rivetless Chains,S468,Rexnord S468 Drop Forged Rivetless Chain,,4.031,102.39,1,Active,catalog-verified,TRUE,Drop Forged Rivetless Chain,"drop forged,rivetless,bulk handling,en-masse",drop-forged steel,,,,,,0.75,19.05,,,7.9,11.755,,,,6700,29.8,,,,"Rexnord Conveyor, Elevator & Drive Chains Catalog (Rexnord/Link-Belt Engineered Steel)",,,,,S468,,,,,,,"S-series: catalog lists working load but no ultimate strength -> tensile blank, needs_review."
REX-S678,Drop Forged Rivetless Chains,S678,Rexnord S678 Drop Forged Rivetless Chain,,6.031,153.19,1,Active,catalog-verified,TRUE,Drop Forged Rivetless Chain,"drop forged,rivetless,bulk handling,en-masse",drop-forged steel,,,,,,0.88,22.35,,,8.6,12.797,,,,7700,34.3,,,,"Rexnord Conveyor, Elevator & Drive Chains Catalog (Rexnord/Link-Belt Engineered Steel)",,,,,S678,,,,,,,"S-series: catalog lists working load but no ultimate strength -> tensile blank, needs_review."
REX-S698,Drop Forged Rivetless Chains,S698,Rexnord S698 Drop Forged Rivetless Chain,,6.031,153.19,1,Active,catalog-verified,TRUE,Drop Forged Rivetless Chain,"drop forged,rivetless,bulk handling,en-masse",drop-forged steel,,,,,,1.13,28.7,,,11.7,17.41,,,,10800,48.0,,,,"Rexnord Conveyor, Elevator & Drive Chains Catalog (Rexnord/Link-Belt Engineered Steel)",,,,,S698,,,,,,,"S-series: catalog lists working load but no ultimate strength -> tensile blank, needs_review."
REX-S998,Drop Forged Rivetless Chains,S998,Rexnord S998 Drop Forged Rivetless Chain,,9.031,229.39,1,Active,catalog-verified,TRUE,Drop Forged Rivetless Chain,"drop forged,rivetless,bulk handling,en-masse",drop-forged steel,,,,,,1.13,28.7,,,12.1,18.005,,,,10800,48.0,,,,"Rexnord Conveyor, Elevator & Drive Chains Catalog (Rexnord/Link-Belt Engineered Steel)",,,,,S998,,,,,,,"S-series: catalog lists working load but no ultimate strength -> tensile blank, needs_review."
REX-945,Steel Pintle Chains,945,Rexnord 945 Cast Pintle Chain,,1.63,41.4,1,Active,catalog-verified,FALSE,Cast Pintle Chain,"pintle,conveyor,cast",cast steel,,0.63,16.0,,,0.31,7.87,,,1.5,2.232,,,,830,3.7,,,,"Rexnord Conveyor, Elevator & Drive Chains Catalog (Rexnord/Link-Belt Engineered Steel)",,,,,945,,,,,,,"Cast chain: catalog gives rated working load, no ultimate -> tensile blank. Not for elevator service."
REX-955,Steel Pintle Chains,955,Rexnord 955 Cast Pintle Chain,,1.63,41.4,1,Active,catalog-verified,FALSE,Cast Pintle Chain,"pintle,conveyor,cast",cast steel,,0.63,16.0,,,0.38,9.65,,,1.9,2.827,,,,1060,4.7,,,,"Rexnord Conveyor, Elevator & Drive Chains Catalog (Rexnord/Link-Belt Engineered Steel)",,,,,955,,,,,,,"Cast chain: catalog gives rated working load, no ultimate -> tensile blank. Not for elevator service."
REX-977,Steel Pintle Chains,977,Rexnord 977 Cast Pintle Chain,,2.308,58.62,1,Active,catalog-verified,FALSE,Cast Pintle Chain,"pintle,conveyor,cast",cast steel,,0.81,20.57,,,0.44,11.18,,,2,2.976,,,,1650,7.3,,,,"Rexnord Conveyor, Elevator & Drive Chains Catalog (Rexnord/Link-Belt Engineered Steel)",,,,,977,,,,,,,"Cast chain: catalog gives rated working load, no ultimate -> tensile blank. Not for elevator service."
REX-988,Steel Pintle Chains,988,Rexnord 988 Cast Pintle Chain,,2.609,66.27,1,Active,catalog-verified,FALSE,Cast Pintle Chain,"pintle,conveyor,cast",cast steel,,0.88,22.35,,,0.44,11.18,,,2.9,4.315,,,,2150,9.6,,,,"Rexnord Conveyor, Elevator & Drive Chains Catalog (Rexnord/Link-Belt Engineered Steel)",,,,,988,,,,,,,"Cast chain: catalog gives rated working load, no ultimate -> tensile blank. Not for elevator service."
REX-C9103,Steel Pintle Chains,C9103,Rexnord C9103 Cast Pintle Chain,,3.075,78.11,1,Active,catalog-verified,FALSE,Cast Pintle Chain,"pintle,conveyor,cast",cast steel,,1.25,31.75,,,0.75,19.05,,,5.7,8.482,,,,4250,18.9,,,,"Rexnord Conveyor, Elevator & Drive Chains Catalog (Rexnord/Link-Belt Engineered Steel)",,,,,C9103,,,,,,,"Cast chain: catalog gives rated working load, no ultimate -> tensile blank. Not for elevator service."
REX-C720,Steel Pintle Chains,C720,Rexnord C720 Cast Pintle Chain,,6,152.4,1,Active,catalog-verified,FALSE,Cast Pintle Chain,"pintle,conveyor,cast",cast steel,,1.38,35.05,,,0.69,17.53,,,4.2,6.25,,,,3220,14.3,,,,"Rexnord Conveyor, Elevator & Drive Chains Catalog (Rexnord/Link-Belt Engineered Steel)",,,,,C720,,,,,,,"Cast chain: catalog gives rated working load, no ultimate -> tensile blank. Not for elevator service."
REX-720S,Steel Pintle Chains,720S,Rexnord 720S Cast Pintle Chain,,6,152.4,1,Active,catalog-verified,TRUE,Cast Pintle Chain,"pintle,conveyor,cast,elevator,water treatment","cast steel,Duramal",,1.44,36.58,,,0.75,19.05,,,5.1,7.589,"{""barrel_length_X_in"": ""17\u20448"", ""sidebar_width_F_in"": ""19\u204416"", ""to_cotter_K_in"": ""21\u20448"", ""to_head_J_in"": ""113\u204416""}",37500,166.8,4250,18.9,,,,"Rexnord Conveyor, Elevator & Drive Chains Catalog (Rexnord/Link-Belt Engineered Steel)",,,,,720S,,,,720S,,,"Cast chain: catalog gives rated working load, no ultimate -> tensile blank. Not for elevator service. | MERGE CONFLICT with webster — kept baseline, both values: roller_dia_in: 1.44 (rexnord) vs 1.438 (webster); weight_lbs_ft: 5.1 (rexnord) vs 5.2 (webster); working_load_lbs: 4250 (rexnord) vs 4245 (webster)."
REX-A730,Steel Pintle Chains,A730,Rexnord A730 Cast Pintle Chain,,6,152.4,1,Active,catalog-verified,FALSE,Cast Pintle Chain,"pintle,conveyor,cast",cast steel,,1.5,38.1,,,0.75,19.05,,,6,8.928,,,,4500,20.0,,,,"Rexnord Conveyor, Elevator & Drive Chains Catalog (Rexnord/Link-Belt Engineered Steel)",,,,,A730,,,,,,,"Cast chain: catalog gives rated working load, no ultimate -> tensile blank. Not for elevator service."
REX-CS720S,Steel Pintle Chains,CS720S,Rexnord CS720S Cast Pintle Chain,,6,152.4,1,Active,catalog-verified,FALSE,Cast Pintle Chain,"pintle,conveyor,cast",cast steel,,1.44,36.58,,,0.75,19.05,,,5.4,8.035,,,,4250,18.9,,,,"Rexnord Conveyor, Elevator & Drive Chains Catalog (Rexnord/Link-Belt Engineered Steel)",,,,,CS720S,,,,,,,"Cast chain: catalog gives rated working load, no ultimate -> tensile blank. Not for elevator service."
REX-CS730,Steel Pintle Chains,CS730,Rexnord CS730 Cast Pintle Chain,,6,152.4,1,Active,catalog-verified,FALSE,Cast Pintle Chain,"pintle,conveyor,cast",cast steel,,1.5,38.1,,,0.75,19.05,,,6.4,9.523,,,,4500,20.0,,,,"Rexnord Conveyor, Elevator & Drive Chains Catalog (Rexnord/Link-Belt Engineered Steel)",,,,,CS730,,,,,,,"Cast chain: catalog gives rated working load, no ultimate -> tensile blank. Not for elevator service."
REX-REXC55,Drag / Scraper Chains,RexC55,Rexnord RexC55 Cast Combination Chain (C55),,1.63,41.4,1,Active,catalog-verified,FALSE,Cast Combination Chain (C55),"combination,conveyor,cast,bulk handling","cast steel,malleable",,0.63,16.0,,,0.38,9.65,,,2,2.976,,,,1100,4.9,,,,"Rexnord Conveyor, Elevator & Drive Chains Catalog (Rexnord/Link-Belt Engineered Steel)",,,,,RexC55,,,,,,,Rexnord/Link-Belt cast combination chain C55. Cast: rated working load only (no ultimate). chain_number prefixed 'Rex' to avoid collision with welded combination C-numbers.
REX-REXC77,Drag / Scraper Chains,RexC77,Rexnord RexC77 Cast Combination Chain (C77),,2.308,58.62,1,Active,catalog-verified,FALSE,Cast Combination Chain (C77),"combination,conveyor,cast,bulk handling","cast steel,malleable",,0.72,18.29,,,0.44,11.18,,,2.2,3.274,,,,1400,6.2,,,,"Rexnord Conveyor, Elevator & Drive Chains Catalog (Rexnord/Link-Belt Engineered Steel)",,,,,RexC77,,,,,,,Rexnord/Link-Belt cast combination chain C77. Cast: rated working load only (no ultimate). chain_number prefixed 'Rex' to avoid collision with welded combination C-numbers.
REX-REXC188,Drag / Scraper Chains,RexC188,Rexnord RexC188 Cast Combination Chain (C188),,2.609,66.27,1,Active,catalog-verified,FALSE,Cast Combination Chain (C188),"combination,conveyor,cast,bulk handling","cast steel,malleable",,0.88,22.35,,,0.5,12.7,,,3.6,5.357,,,,2400,10.7,,,,"Rexnord Conveyor, Elevator & Drive Chains Catalog (Rexnord/Link-Belt Engineered Steel)",,,,,RexC188,,,,,,,Rexnord/Link-Belt cast combination chain C188. Cast: rated working load only (no ultimate). chain_number prefixed 'Rex' to avoid collision with welded combination C-numbers.
REX-REXC131,Drag / Scraper Chains,RexC131,Rexnord RexC131 Cast Combination Chain (C131),,3.075,78.11,1,Active,catalog-verified,FALSE,Cast Combination Chain (C131),"combination,conveyor,cast,bulk handling","cast steel,malleable",,1.22,30.99,,,0.63,16.0,,,6.5,9.672,,,,3800,16.9,,,,"Rexnord Conveyor, Elevator & Drive Chains Catalog (Rexnord/Link-Belt Engineered Steel)",,,,,RexC131,,,,,,,Rexnord/Link-Belt cast combination chain C131. Cast: rated working load only (no ultimate). chain_number prefixed 'Rex' to avoid collision with welded combination C-numbers.
REX-REXC102B,Drag / Scraper Chains,RexC102B,Rexnord RexC102B Cast Combination Chain (C102B),,4,101.6,1,Active,catalog-verified,FALSE,Cast Combination Chain (C102B),"combination,conveyor,cast,bulk handling","cast steel,malleable",,0.97,24.64,,,0.63,16.0,,,6.7,9.97,,,,5000,22.2,,,,"Rexnord Conveyor, Elevator & Drive Chains Catalog (Rexnord/Link-Belt Engineered Steel)",,,,,RexC102B,,,,,,,Rexnord/Link-Belt cast combination chain C102B. Cast: rated working load only (no ultimate). chain_number prefixed 'Rex' to avoid collision with welded combination C-numbers.
REX-REXC1025,Drag / Scraper Chains,RexC1025,Rexnord RexC1025 Cast Combination Chain (C1025),,4.04,102.62,1,Active,catalog-verified,FALSE,Cast Combination Chain (C1025),"combination,conveyor,cast,bulk handling","cast steel,malleable",,1.38,35.05,,,0.75,19.05,,,9.2,13.69,,,,6700,29.8,,,,"Rexnord Conveyor, Elevator & Drive Chains Catalog (Rexnord/Link-Belt Engineered Steel)",,,,,RexC1025,,,,,,,Rexnord/Link-Belt cast combination chain C1025. Cast: rated working load only (no ultimate). chain_number prefixed 'Rex' to avoid collision with welded combination C-numbers.
REX-REXC111,Drag / Scraper Chains,RexC111,Rexnord RexC111 Cast Combination Chain (C111),,4.76,120.9,1,Active,catalog-verified,FALSE,Cast Combination Chain (C111),"combination,conveyor,cast,bulk handling","cast steel,malleable",,1.44,36.58,,,0.75,19.05,,,9.6,14.285,,,,7500,33.4,,,,"Rexnord Conveyor, Elevator & Drive Chains Catalog (Rexnord/Link-Belt Engineered Steel)",,,,,RexC111,,,,,,,Rexnord/Link-Belt cast combination chain C111. Cast: rated working load only (no ultimate). chain_number prefixed 'Rex' to avoid collision with welded combination C-numbers.
REX-REXC133,Drag / Scraper Chains,RexC133,Rexnord RexC133 Cast Combination Chain (C133),,6,152.4,1,Active,catalog-verified,FALSE,Cast Combination Chain (C133),"combination,conveyor,cast,bulk handling","cast steel,malleable",,1.75,44.45,,,0.88,22.35,,,8.8,13.094,,,,5000,22.2,,,,"Rexnord Conveyor, Elevator & Drive Chains Catalog (Rexnord/Link-Belt Engineered Steel)",,,,,RexC133,,,,,,,Rexnord/Link-Belt cast combination chain C133. Cast: rated working load only (no ultimate). chain_number prefixed 'Rex' to avoid collision with welded combination C-numbers.
REX-REXC110,Drag / Scraper Chains,RexC110,Rexnord RexC110 Cast Combination Chain (C110),,6,152.4,1,Active,catalog-verified,FALSE,Cast Combination Chain (C110),"combination,conveyor,cast,bulk handling","cast steel,malleable",,1.25,31.75,,,0.63,16.0,,,6,8.928,,,,5000,22.2,,,,"Rexnord Conveyor, Elevator & Drive Chains Catalog (Rexnord/Link-Belt Engineered Steel)",,,,,RexC110,,,,,,,Rexnord/Link-Belt cast combination chain C110. Cast: rated working load only (no ultimate). chain_number prefixed 'Rex' to avoid collision with welded combination C-numbers.
REX-REXC132,Drag / Scraper Chains,RexC132,Rexnord RexC132 Cast Combination Chain (C132),,6.05,153.67,1,Active,catalog-verified,FALSE,Cast Combination Chain (C132),"combination,conveyor,cast,bulk handling","cast steel,malleable",,1.72,43.69,,,1,25.4,,,14,20.832,,,,10500,46.7,,,,"Rexnord Conveyor, Elevator & Drive Chains Catalog (Rexnord/Link-Belt Engineered Steel)",,,,,RexC132,,,,,,,Rexnord/Link-Belt cast combination chain C132. Cast: rated working load only (no ultimate). chain_number prefixed 'Rex' to avoid collision with welded combination C-numbers.
RENOLD-S45161,Conveyor Roller Chains,S45161,Renold S45161 Palm Oil Solid-Pin Conveyor Chain (Standard),,4,101.6,1,Active,catalog-verified,FALSE,Palm Oil Solid-Pin Conveyor Chain (Standard),"palm oil,conveyor,fruit,sterilizer,bulk handling",alloy steel,,1.875,47.6,0.75,19,,,1.5,38.1,4.321,6.43,"{""bearing_area_sq_in"": 0.94, ""bearing_pin"": ""solid""}",18000,80,,,,,,"Renold Conveyor Chain Catalogue (Renold/Jeffrey, renold.com)",,,,,,,S45161,,,,,"Renold palm-oil conveyor chain, solid bearing pin."
RENOLD-S45241,Conveyor Roller Chains,S45241,Renold S45241 Palm Oil Solid-Pin Conveyor Chain (Standard),,6,152.4,1,Active,catalog-verified,FALSE,Palm Oil Solid-Pin Conveyor Chain (Standard),"palm oil,conveyor,fruit,sterilizer,bulk handling",alloy steel,,1.875,47.6,0.75,19,,,1.5,38.1,3.522,5.24,"{""bearing_area_sq_in"": 0.94, ""bearing_pin"": ""solid""}",18000,80,,,,,,"Renold Conveyor Chain Catalogue (Renold/Jeffrey, renold.com)",,,,,,,S45241,,,,,"Renold palm-oil conveyor chain, solid bearing pin."
RENOLD-S45162,Conveyor Roller Chains,S45162,Renold S45162 Palm Oil Solid-Pin Conveyor Chain (Standard),,4,101.6,1,Active,catalog-verified,FALSE,Palm Oil Solid-Pin Conveyor Chain (Standard),"palm oil,conveyor,fruit,sterilizer,bulk handling",alloy steel,,2.625,66.7,1,25.4,,,2,50.8,9.556,14.22,"{""bearing_area_sq_in"": 1.75, ""bearing_pin"": ""solid""}",32000,142,,,,,,"Renold Conveyor Chain Catalogue (Renold/Jeffrey, renold.com)",,,,,,,S45162,,,,,"Renold palm-oil conveyor chain, solid bearing pin."
RENOLD-S45242,Conveyor Roller Chains,S45242,Renold S45242 Palm Oil Solid-Pin Conveyor Chain (Standard),,6,152.4,1,Active,catalog-verified,FALSE,Palm Oil Solid-Pin Conveyor Chain (Standard),"palm oil,conveyor,fruit,sterilizer,bulk handling",alloy steel,,2.625,66.7,1,25.4,,,2,50.8,7.513,11.18,"{""bearing_area_sq_in"": 1.75, ""bearing_pin"": ""solid""}",32000,142,,,,,,"Renold Conveyor Chain Catalogue (Renold/Jeffrey, renold.com)",,,,,,,S45242,,,,,"Renold palm-oil conveyor chain, solid bearing pin."
RENOLD-S45243,Conveyor Roller Chains,S45243,Renold S45243 Palm Oil Solid-Pin Conveyor Chain (Standard),,6,152.4,1,Active,catalog-verified,FALSE,Palm Oil Solid-Pin Conveyor Chain (Standard),"palm oil,conveyor,fruit,sterilizer,bulk handling",alloy steel,,3.5,88.9,1.5,38.1,,,2.4,61,16.23,24.15,"{""bearing_area_sq_in"": 2.88, ""bearing_pin"": ""solid""}",50000,222,,,,,,"Renold Conveyor Chain Catalogue (Renold/Jeffrey, renold.com)",,,,,,,S45243,,,,,"Renold palm-oil conveyor chain, solid bearing pin."
RENOLD-E45161,Conveyor Roller Chains,E45161,Renold E45161 Palm Oil Solid-Pin Conveyor Chain (Premier),,4,101.6,1,Active,catalog-verified,FALSE,Palm Oil Solid-Pin Conveyor Chain (Premier),"palm oil,conveyor,fruit,sterilizer,bulk handling",alloy steel,,1.875,47.6,0.75,19,,,1.5,38.1,4.321,6.43,"{""bearing_area_sq_in"": 0.94, ""bearing_pin"": ""solid""}",26000,116,,,,,,"Renold Conveyor Chain Catalogue (Renold/Jeffrey, renold.com)",,,,,,,E45161,,,,,"Renold palm-oil conveyor chain, solid bearing pin."
RENOLD-E45241,Conveyor Roller Chains,E45241,Renold E45241 Palm Oil Solid-Pin Conveyor Chain (Premier),,6,152.4,1,Active,catalog-verified,FALSE,Palm Oil Solid-Pin Conveyor Chain (Premier),"palm oil,conveyor,fruit,sterilizer,bulk handling",alloy steel,,1.875,47.6,0.75,19,,,1.5,38.1,3.522,5.24,"{""bearing_area_sq_in"": 0.94, ""bearing_pin"": ""solid""}",26000,116,,,,,,"Renold Conveyor Chain Catalogue (Renold/Jeffrey, renold.com)",,,,,,,E45241,,,,,"Renold palm-oil conveyor chain, solid bearing pin."
RENOLD-E45162,Conveyor Roller Chains,E45162,Renold E45162 Palm Oil Solid-Pin Conveyor Chain (Premier),,4,101.6,1,Active,catalog-verified,FALSE,Palm Oil Solid-Pin Conveyor Chain (Premier),"palm oil,conveyor,fruit,sterilizer,bulk handling",alloy steel,,2.625,66.7,1,25.4,,,2,50.8,9.556,14.22,"{""bearing_area_sq_in"": 1.75, ""bearing_pin"": ""solid""}",50000,222,,,,,,"Renold Conveyor Chain Catalogue (Renold/Jeffrey, renold.com)",,,,,,,E45162,,,,,"Renold palm-oil conveyor chain, solid bearing pin."
RENOLD-E45242,Conveyor Roller Chains,E45242,Renold E45242 Palm Oil Solid-Pin Conveyor Chain (Premier),,6,152.4,1,Active,catalog-verified,FALSE,Palm Oil Solid-Pin Conveyor Chain (Premier),"palm oil,conveyor,fruit,sterilizer,bulk handling",alloy steel,,2.625,66.7,1,25.4,,,2,50.8,7.513,11.18,"{""bearing_area_sq_in"": 1.75, ""bearing_pin"": ""solid""}",50000,222,,,,,,"Renold Conveyor Chain Catalogue (Renold/Jeffrey, renold.com)",,,,,,,E45242,,,,,"Renold palm-oil conveyor chain, solid bearing pin."
RENOLD-X62161,Conveyor Roller Chains,X62161,Renold X62161 Palm Oil Solid-Pin Conveyor Chain (Premier Extra),,4,101.6,1,Active,catalog-verified,FALSE,Palm Oil Solid-Pin Conveyor Chain (Premier Extra),"palm oil,conveyor,fruit,sterilizer,bulk handling",alloy steel,,1.875,47.6,0.75,19,,,1.5,38.1,4.321,6.43,"{""bearing_area_sq_in"": 0.94, ""bearing_pin"": ""solid""}",30000,134,,,,,,"Renold Conveyor Chain Catalogue (Renold/Jeffrey, renold.com)",,,,,,,X62161,,,,,"Renold palm-oil conveyor chain, solid bearing pin."
RENOLD-X62241,Conveyor Roller Chains,X62241,Renold X62241 Palm Oil Solid-Pin Conveyor Chain (Premier Extra),,6,152.4,1,Active,catalog-verified,FALSE,Palm Oil Solid-Pin Conveyor Chain (Premier Extra),"palm oil,conveyor,fruit,sterilizer,bulk handling",alloy steel,,1.875,47.6,0.75,19,,,1.5,38.1,3.522,5.24,"{""bearing_area_sq_in"": 0.94, ""bearing_pin"": ""solid""}",30000,134,,,,,,"Renold Conveyor Chain Catalogue (Renold/Jeffrey, renold.com)",,,,,,,X62241,,,,,"Renold palm-oil conveyor chain, solid bearing pin."
RENOLD-X62162,Conveyor Roller Chains,X62162,Renold X62162 Palm Oil Solid-Pin Conveyor Chain (Premier Extra),,4,101.6,1,Active,catalog-verified,FALSE,Palm Oil Solid-Pin Conveyor Chain (Premier Extra),"palm oil,conveyor,fruit,sterilizer,bulk handling",alloy steel,,2.625,66.7,1,25.4,,,2,50.8,9.556,14.22,"{""bearing_area_sq_in"": 1.75, ""bearing_pin"": ""solid""}",60000,267,,,,,,"Renold Conveyor Chain Catalogue (Renold/Jeffrey, renold.com)",,,,,,,X62162,,,,,"Renold palm-oil conveyor chain, solid bearing pin."
RENOLD-X62242,Conveyor Roller Chains,X62242,Renold X62242 Palm Oil Solid-Pin Conveyor Chain (Premier Extra),,6,152.4,1,Active,catalog-verified,FALSE,Palm Oil Solid-Pin Conveyor Chain (Premier Extra),"palm oil,conveyor,fruit,sterilizer,bulk handling",alloy steel,,2.625,66.7,1,25.4,,,2,50.8,7.513,11.18,"{""bearing_area_sq_in"": 1.75, ""bearing_pin"": ""solid""}",60000,267,,,,,,"Renold Conveyor Chain Catalogue (Renold/Jeffrey, renold.com)",,,,,,,X62242,,,,,"Renold palm-oil conveyor chain, solid bearing pin."
RENOLD-S05161,Hollow Pin Chains,S05161,Renold S05161 Palm Oil Hollow-Pin Conveyor Chain (Standard),,4,101.6,1,Active,catalog-verified,FALSE,Palm Oil Hollow-Pin Conveyor Chain (Standard),"palm oil,conveyor,fruit,sterilizer,bulk handling",alloy steel,,1.875,47.6,0.75,19,,,1.5,38.1,3.972,5.91,"{""hollow_pin_bore_in"": 0.52, ""hollow_pin_bore_mm"": 13.2, ""bearing_area_sq_in"": 0.94, ""bearing_pin"": ""hollow""}",15000,67,,,,,,"Renold Conveyor Chain Catalogue (Renold/Jeffrey, renold.com)",,,,,,,S05161,,,,,Hollow bearing pin variant; breaking load runs below the solid-pin equivalent (hollow-pin physics) — do NOT backfill from solid base.
RENOLD-S05162,Hollow Pin Chains,S05162,Renold S05162 Palm Oil Hollow-Pin Conveyor Chain (Standard),,4,101.6,1,Active,catalog-verified,FALSE,Palm Oil Hollow-Pin Conveyor Chain (Standard),"palm oil,conveyor,fruit,sterilizer,bulk handling",alloy steel,,2.625,66.7,1,25.4,,,2,50.8,8.562,12.74,"{""hollow_pin_bore_in"": 0.79, ""hollow_pin_bore_mm"": 20.1, ""bearing_area_sq_in"": 1.75, ""bearing_pin"": ""hollow""}",26000,116,,,,,,"Renold Conveyor Chain Catalogue (Renold/Jeffrey, renold.com)",,,,,,,S05162,,,,,Hollow bearing pin variant; breaking load runs below the solid-pin equivalent (hollow-pin physics) — do NOT backfill from solid base.
RENOLD-S05242,Hollow Pin Chains,S05242,Renold S05242 Palm Oil Hollow-Pin Conveyor Chain (Standard),,6,152.4,1,Active,catalog-verified,FALSE,Palm Oil Hollow-Pin Conveyor Chain (Standard),"palm oil,conveyor,fruit,sterilizer,bulk handling",alloy steel,,2.625,66.7,1,25.4,,,2,50.8,7.332,10.91,"{""hollow_pin_bore_in"": 0.79, ""hollow_pin_bore_mm"": 20.1, ""bearing_area_sq_in"": 1.75, ""bearing_pin"": ""hollow""}",26000,116,,,,,,"Renold Conveyor Chain Catalogue (Renold/Jeffrey, renold.com)",,,,,,,S05242,,,,,Hollow bearing pin variant; breaking load runs below the solid-pin equivalent (hollow-pin physics) — do NOT backfill from solid base.
RENOLD-S05243,Hollow Pin Chains,S05243,Renold S05243 Palm Oil Hollow-Pin Conveyor Chain (Standard),,6,152.4,1,Active,catalog-verified,FALSE,Palm Oil Hollow-Pin Conveyor Chain (Standard),"palm oil,conveyor,fruit,sterilizer,bulk handling",alloy steel,,3.5,88.9,1.5,38.1,,,2.4,61,14.906,22.18,"{""hollow_pin_bore_in"": 0.91, ""hollow_pin_bore_mm"": 23.1, ""bearing_area_sq_in"": 2.88, ""bearing_pin"": ""hollow""}",44000,196,,,,,,"Renold Conveyor Chain Catalogue (Renold/Jeffrey, renold.com)",,,,,,,S05243,,,,,Hollow bearing pin variant; breaking load runs below the solid-pin equivalent (hollow-pin physics) — do NOT backfill from solid base.
RENOLD-E05161,Hollow Pin Chains,E05161,Renold E05161 Palm Oil Hollow-Pin Conveyor Chain (Premier),,4,101.6,1,Active,catalog-verified,FALSE,Palm Oil Hollow-Pin Conveyor Chain (Premier),"palm oil,conveyor,fruit,sterilizer,bulk handling",alloy steel,,1.875,47.6,0.75,19,,,1.5,38.1,3.972,5.91,"{""hollow_pin_bore_in"": 0.52, ""hollow_pin_bore_mm"": 13.2, ""bearing_area_sq_in"": 0.94, ""bearing_pin"": ""hollow""}",17000,76,,,,,,"Renold Conveyor Chain Catalogue (Renold/Jeffrey, renold.com)",,,,,,,E05161,,,,,Hollow bearing pin variant; breaking load runs below the solid-pin equivalent (hollow-pin physics) — do NOT backfill from solid base.
RENOLD-E05162,Hollow Pin Chains,E05162,Renold E05162 Palm Oil Hollow-Pin Conveyor Chain (Premier),,4,101.6,1,Active,catalog-verified,FALSE,Palm Oil Hollow-Pin Conveyor Chain (Premier),"palm oil,conveyor,fruit,sterilizer,bulk handling",alloy steel,,2.625,66.7,1,25.4,,,2,50.8,8.562,12.74,"{""hollow_pin_bore_in"": 0.79, ""hollow_pin_bore_mm"": 20.1, ""bearing_area_sq_in"": 1.75, ""bearing_pin"": ""hollow""}",36000,160,,,,,,"Renold Conveyor Chain Catalogue (Renold/Jeffrey, renold.com)",,,,,,,E05162,,,,,Hollow bearing pin variant; breaking load runs below the solid-pin equivalent (hollow-pin physics) — do NOT backfill from solid base.
RENOLD-E05242,Hollow Pin Chains,E05242,Renold E05242 Palm Oil Hollow-Pin Conveyor Chain (Premier),,6,152.4,1,Active,catalog-verified,FALSE,Palm Oil Hollow-Pin Conveyor Chain (Premier),"palm oil,conveyor,fruit,sterilizer,bulk handling",alloy steel,,2.625,66.7,1,25.4,,,2,50.8,7.332,10.91,"{""hollow_pin_bore_in"": 0.79, ""hollow_pin_bore_mm"": 20.1, ""bearing_area_sq_in"": 1.75, ""bearing_pin"": ""hollow""}",36000,160,,,,,,"Renold Conveyor Chain Catalogue (Renold/Jeffrey, renold.com)",,,,,,,E05242,,,,,Hollow bearing pin variant; breaking load runs below the solid-pin equivalent (hollow-pin physics) — do NOT backfill from solid base.
RENOLD-X02242,Hollow Pin Chains,X02242,Renold X02242 Palm Oil Hollow-Pin Conveyor Chain (Premier Extra),,6,152.4,1,Active,catalog-verified,FALSE,Palm Oil Hollow-Pin Conveyor Chain (Premier Extra),"palm oil,conveyor,fruit,sterilizer,bulk handling",alloy steel,,2.625,66.7,1,25.4,,,2,50.8,7.332,10.91,"{""hollow_pin_bore_in"": 0.79, ""hollow_pin_bore_mm"": 20.1, ""bearing_area_sq_in"": 1.75, ""bearing_pin"": ""hollow""}",50000,222,,,,,,"Renold Conveyor Chain Catalogue (Renold/Jeffrey, renold.com)",,,,,,,X02242,,,,,Hollow bearing pin variant; breaking load runs below the solid-pin equivalent (hollow-pin physics) — do NOT backfill from solid base.
RENOLD-RENOLD-81X,Engineered Class Chains,Renold 81X,Renold Renold 81X 81X-Series Lumber Conveyor Chain (81X),,2.609,66.27,1,Active,catalog-verified,TRUE,81X-Series Lumber Conveyor Chain (81X),"sawmill,lumber,conveyor,forestry",alloy steel,,,,,,,,1.125,28.6,2.392,3.56,"{""renold_product_no"": ""171306"", ""plate_height_inner_mm"": 28.6}",24000,107,,,,,,"Renold Conveyor Chain Catalogue (Renold/Jeffrey, renold.com)",,,,,,,Renold 81X,,,,,Renold product no 171306. 81X family (2.609in pitch) — DEDUPE to existing standard 81X / lumber chain; merge pn_renold + flag spec differences.
RENOLD-R-9060,Engineered Class Chains,R.9060,Renold R.9060 Sugar Cane Carrier Chain,,6,152.4,1,Active,catalog-verified,TRUE,Sugar Cane Carrier Chain,"sugar,cane carrier,conveyor",alloy steel,,,69.85,,,,,,,16.599,24.7,"{""bush_dia_mm"": 28.58, ""connecting_pin_dia_mm"": 19.05}",70140,312,,,,,,"Renold Conveyor Chain Catalogue (Renold/Jeffrey, renold.com)",,,,,,,R.9060,,,,,Renold sugar cane carrier chain; some dimensional columns had OCR column-order uncertainty -> only confident dims recorded. Breaking load (N) catalog-verified; tensile_lbs derived per house rule.
RENOLD-R-9061,Engineered Class Chains,R.9061,Renold R.9061 Sugar Cane Carrier Chain,,6,152.4,1,Active,catalog-verified,TRUE,Sugar Cane Carrier Chain,"sugar,cane carrier,conveyor",alloy steel,,,69.85,,,,,,,17.003,25.3,"{""bush_dia_mm"": 28.58, ""connecting_pin_dia_mm"": 19.05}",85200,379,,,,,,"Renold Conveyor Chain Catalogue (Renold/Jeffrey, renold.com)",,,,,,,R.9061,,,,,Renold sugar cane carrier chain; some dimensional columns had OCR column-order uncertainty -> only confident dims recorded. Breaking load (N) catalog-verified; tensile_lbs derived per house rule.
RENOLD-R-1796,Engineered Class Chains,R.1796,Renold R.1796 Sugar Cane Carrier Chain,,6,152.4,1,Active,catalog-verified,TRUE,Sugar Cane Carrier Chain,"sugar,cane carrier,conveyor",alloy steel,,,69.85,,,,,,,17.608,26.2,"{""bush_dia_mm"": 31.75, ""connecting_pin_dia_mm"": 22.23}",100040,445,,,,,,"Renold Conveyor Chain Catalogue (Renold/Jeffrey, renold.com)",,,,,,,R.1796,,,,,Renold sugar cane carrier chain; some dimensional columns had OCR column-order uncertainty -> only confident dims recorded. Breaking load (N) catalog-verified; tensile_lbs derived per house rule.
RENOLD-R-9063,Engineered Class Chains,R.9063,Renold R.9063 Sugar Cane Carrier Chain,,6,152.4,1,Active,catalog-verified,TRUE,Sugar Cane Carrier Chain,"sugar,cane carrier,conveyor",alloy steel,,,76.2,,,,,,,18.481,27.5,"{""bush_dia_mm"": 31.75, ""connecting_pin_dia_mm"": 23.83}",140060,623,,,,,,"Renold Conveyor Chain Catalogue (Renold/Jeffrey, renold.com)",,,,,,,R.9063,,,,,Renold sugar cane carrier chain; some dimensional columns had OCR column-order uncertainty -> only confident dims recorded. Breaking load (N) catalog-verified; tensile_lbs derived per house rule.
RENOLD-171123,Engineered Class Chains,171123,Renold 171123 Roller coaster ride bush chain (4.76in pitch),,4.76,120.9,1,Active,catalog-verified,TRUE,Roller coaster ride bush chain (4.76in pitch),"engineered,conveyor,special application",alloy steel,,,,,,,,,,,,,100260,446,,,,,,"Renold Conveyor Chain Catalogue (Renold/Jeffrey, renold.com)",,,,,,,171123,,,,,Renold special-engineered chain from application gallery; catalog gives chain no + pitch + breaking load only (no full dim table) -> dims blank.
RENOLD-171360,Engineered Class Chains,171360,Renold 171360 Roller coaster roller chain (4.063in pitch; replaces WH126),,4.063,103.2,1,Active,catalog-verified,TRUE,Roller coaster roller chain (4.063in pitch; replaces WH126),"engineered,conveyor,special application",alloy steel,,,,,,,,,,,,,100260,446,,,,,,"Renold Conveyor Chain Catalogue (Renold/Jeffrey, renold.com)",,,,,,,171360,,,,,Renold special-engineered chain from application gallery; catalog gives chain no + pitch + breaking load only (no full dim table) -> dims blank.
RENOLD-171649,Engineered Class Chains,171649,Renold 171649 Roller coaster solid-pin chain (4.063in pitch; replaces WH124),,4.063,103.2,1,Active,catalog-verified,TRUE,Roller coaster solid-pin chain (4.063in pitch; replaces WH124),"engineered,conveyor,special application",alloy steel,,,,,,,,,,,,,100260,446,,,,,,"Renold Conveyor Chain Catalogue (Renold/Jeffrey, renold.com)",,,,,,,171649,,,,,Renold special-engineered chain from application gallery; catalog gives chain no + pitch + breaking load only (no full dim table) -> dims blank.
RENOLD-176499,Engineered Class Chains,176499,"Renold 176499 Water ride bush chain (4in pitch, K3 attach, zinc plated)",,4,101.6,1,Active,catalog-verified,TRUE,"Water ride bush chain (4in pitch, K3 attach, zinc plated)","engineered,conveyor,special application",alloy steel,,,,,,,,,,,,,15060,67,,,,,,"Renold Conveyor Chain Catalogue (Renold/Jeffrey, renold.com)",,,,,,,176499,,,,,Renold special-engineered chain from application gallery; catalog gives chain no + pitch + breaking load only (no full dim table) -> dims blank.
RENOLD-178388,Engineered Class Chains,178388,"Renold 178388 Water ride bush chain (4in pitch, K2 attach)",,4,101.6,1,Active,catalog-verified,TRUE,"Water ride bush chain (4in pitch, K2 attach)","engineered,conveyor,special application",alloy steel,,,,,,,,,,,,,30120,134,,,,,,"Renold Conveyor Chain Catalogue (Renold/Jeffrey, renold.com)",,,,,,,178388,,,,,Renold special-engineered chain from application gallery; catalog gives chain no + pitch + breaking load only (no full dim table) -> dims blank.
RENOLD-179362,Engineered Class Chains,179362,"Renold 179362 Water ride bush chain (6in pitch, K2 attach)",,6,152.4,1,Active,catalog-verified,TRUE,"Water ride bush chain (6in pitch, K2 attach)","engineered,conveyor,special application",alloy steel,,,,,,,,,,,,,44960,200,,,,,,"Renold Conveyor Chain Catalogue (Renold/Jeffrey, renold.com)",,,,,,,179362,,,,,Renold special-engineered chain from application gallery; catalog gives chain no + pitch + breaking load only (no full dim table) -> dims blank.
RENOLD-171749,Engineered Class Chains,171749,"Renold 171749 Water ride bush chain (6in pitch, solid pin, Hydro-Service)",,6,152.4,1,Active,catalog-verified,TRUE,"Water ride bush chain (6in pitch, solid pin, Hydro-Service)","engineered,conveyor,special application",alloy steel,,,,,,,,,,,,,123640,550,,,,,,"Renold Conveyor Chain Catalogue (Renold/Jeffrey, renold.com)",,,,,,,171749,,,,,Renold special-engineered chain from application gallery; catalog gives chain no + pitch + breaking load only (no full dim table) -> dims blank.
RENOLD-179840,Engineered Class Chains,179840,"Renold 179840 Water ride bush chain (6in pitch, K2 attach)",,6,152.4,1,Active,catalog-verified,TRUE,"Water ride bush chain (6in pitch, K2 attach)","engineered,conveyor,special application",alloy steel,,,,,,,,,,,,,89920,400,,,,,,"Renold Conveyor Chain Catalogue (Renold/Jeffrey, renold.com)",,,,,,,179840,,,,,Renold special-engineered chain from application gallery; catalog gives chain no + pitch + breaking load only (no full dim table) -> dims blank.
RENOLD-176493,Engineered Class Chains,176493,Renold 176493 Abattoir conveyor chain,,10,254,1,Active,catalog-verified,TRUE,Abattoir conveyor chain,"engineered,conveyor,special application",alloy steel,,,,,,,,,,,,,15060,67,,,,,,"Renold Conveyor Chain Catalogue (Renold/Jeffrey, renold.com)",,,,,,,176493,,,,,Renold special-engineered chain from application gallery; catalog gives chain no + pitch + breaking load only (no full dim table) -> dims blank.
RENOLD-795034,Engineered Class Chains,795034,Renold 795034 Car conveyor chain,,6,152.4,1,Active,catalog-verified,TRUE,Car conveyor chain,"engineered,conveyor,special application",alloy steel,,,,,,,,,,,,,35970,160,,,,,,"Renold Conveyor Chain Catalogue (Renold/Jeffrey, renold.com)",,,,,,,795034,,,,,Renold special-engineered chain from application gallery; catalog gives chain no + pitch + breaking load only (no full dim table) -> dims blank.
RENOLD-171044,Engineered Class Chains,171044,Renold 171044 Overhead/packaging conveyor chain (outboard rollers),,11.024,280,1,Active,catalog-verified,TRUE,Overhead/packaging conveyor chain (outboard rollers),"engineered,conveyor,special application",alloy steel,,,,,,,,,,,,,21580,96,,,,,,"Renold Conveyor Chain Catalogue (Renold/Jeffrey, renold.com)",,,,,,,171044,,,,,Renold special-engineered chain from application gallery; catalog gives chain no + pitch + breaking load only (no full dim table) -> dims blank.
RENOLD-171260-90,Engineered Class Chains,171260/90,Renold 171260/90 Cranked-link bakery chain,,7,177.8,1,Active,catalog-verified,TRUE,Cranked-link bakery chain,"engineered,conveyor,special application",alloy steel,,,,,,,,,,,,,64070,285,,,,,,"Renold Conveyor Chain Catalogue (Renold/Jeffrey, renold.com)",,,,,,,171260/90,,,,,Renold special-engineered chain from application gallery; catalog gives chain no + pitch + breaking load only (no full dim table) -> dims blank.
RENOLD-588506,Engineered Class Chains,588506,Renold 588506 Roller coaster cranked-link chain,,4.063,103.2,1,Active,catalog-verified,TRUE,Roller coaster cranked-link chain,"engineered,conveyor,special application",alloy steel,,,,,,,,,,,,,149950,667,,,,,,"Renold Conveyor Chain Catalogue (Renold/Jeffrey, renold.com)",,,,,,,588506,,,,,Renold special-engineered chain from application gallery; catalog gives chain no + pitch + breaking load only (no full dim table) -> dims blank.
RENOLD-199232-90,Engineered Class Chains,199232/90,Renold 199232/90 Pipe curing conveyor chain,,7.48,190,1,Active,catalog-verified,TRUE,Pipe curing conveyor chain,"engineered,conveyor,special application",alloy steel,,,,,,,,,,,,,160060,712,,,,,,"Renold Conveyor Chain Catalogue (Renold/Jeffrey, renold.com)",,,,,,,199232/90,,,,,Renold special-engineered chain from application gallery; catalog gives chain no + pitch + breaking load only (no full dim table) -> dims blank.
RENOLD-179701-90,Engineered Class Chains,179701/90,Renold 179701/90 Spaced bucket elevator / steel-mill transfer chain,,12,304.8,1,Active,catalog-verified,TRUE,Spaced bucket elevator / steel-mill transfer chain,"engineered,conveyor,special application",alloy steel,,,,,,,,,,,,,89920,400,,,,,,"Renold Conveyor Chain Catalogue (Renold/Jeffrey, renold.com)",,,,,,,179701/90,,,,,Renold special-engineered chain from application gallery; catalog gives chain no + pitch + breaking load only (no full dim table) -> dims blank.
RENOLD-171320-90,Engineered Class Chains,171320/90,Renold 171320/90 Steriliser chain,,3.5,88.9,1,Active,catalog-verified,TRUE,Steriliser chain,"engineered,conveyor,special application",alloy steel,,,,,,,,,,,,,40020,178,,,,,,"Renold Conveyor Chain Catalogue (Renold/Jeffrey, renold.com)",,,,,,,171320/90,,,,,Renold special-engineered chain from application gallery; catalog gives chain no + pitch + breaking load only (no full dim table) -> dims blank.
RENOLD-6956-PB,Bucket Elevator Chains,6956-PB,Renold Jeffrey 6956-PB Bucket / Super-Capacity Elevator Chain (sealed joint),,6,152.4,1,Active,catalog-verified,TRUE,Bucket / Super-Capacity Elevator Chain (sealed joint),"bucket elevator,cement,bulk handling","alloy steel,heat-treated",,,,3,76.2,,,,,,,,144500,642.8,16000,71.2,,,,Renold Jeffrey Cement/Elevator + Forestry/Wood/Paper Chain Catalogues (renold.com),,,,,,,6956-PB,,,,,Renold Jeffrey bucket elevator chain; middle dimensional columns had OCR column-order uncertainty -> only pitch/inside-width/loads recorded as confident; full dims in catalog. needs_review.
RENOLD-6867-R,Bucket Elevator Chains,6867-R,Renold Jeffrey 6867-R Bucket / Super-Capacity Elevator Chain (sealed joint),,6,152.4,1,Active,catalog-verified,TRUE,Bucket / Super-Capacity Elevator Chain (sealed joint),"bucket elevator,cement,bulk handling","alloy steel,heat-treated",,,,3,76.2,,,,,,,,170000,756.2,14000,62.3,,,,Renold Jeffrey Cement/Elevator + Forestry/Wood/Paper Chain Catalogues (renold.com),,,,,,,6867-R,,,,,Renold Jeffrey bucket elevator chain; middle dimensional columns had OCR column-order uncertainty -> only pitch/inside-width/loads recorded as confident; full dims in catalog. needs_review.
RENOLD-6866-R,Bucket Elevator Chains,6866-R,Renold Jeffrey 6866-R Bucket / Super-Capacity Elevator Chain (sealed joint),,6,152.4,1,Active,catalog-verified,TRUE,Bucket / Super-Capacity Elevator Chain (sealed joint),"bucket elevator,cement,bulk handling","alloy steel,heat-treated",,,,2.5,63.5,,,,,,,,167000,742.9,17400,77.4,,,,Renold Jeffrey Cement/Elevator + Forestry/Wood/Paper Chain Catalogues (renold.com),,,,,,,6866-R,,,,,Renold Jeffrey bucket elevator chain; middle dimensional columns had OCR column-order uncertainty -> only pitch/inside-width/loads recorded as confident; full dims in catalog. needs_review.
RENOLD-6869-R,Bucket Elevator Chains,6869-R,Renold Jeffrey 6869-R Bucket / Super-Capacity Elevator Chain (sealed joint),,6,152.4,1,Active,catalog-verified,TRUE,Bucket / Super-Capacity Elevator Chain (sealed joint),"bucket elevator,cement,bulk handling","alloy steel,heat-treated",,,,3.72,94.49,,,,,,,,267000,1187.7,22000,97.9,,,,Renold Jeffrey Cement/Elevator + Forestry/Wood/Paper Chain Catalogues (renold.com),,,,,,,6869-R,,,,,Renold Jeffrey bucket elevator chain; middle dimensional columns had OCR column-order uncertainty -> only pitch/inside-width/loads recorded as confident; full dims in catalog. needs_review.
RENOLD-6969-R,Bucket Elevator Chains,6969-R,Renold Jeffrey 6969-R Bucket / Super-Capacity Elevator Chain (sealed joint),,6,152.4,1,Active,catalog-verified,TRUE,Bucket / Super-Capacity Elevator Chain (sealed joint),"bucket elevator,cement,bulk handling","alloy steel,heat-treated",,,,3.72,94.49,,,,,,,,275000,1223.3,30000,133.4,,,,Renold Jeffrey Cement/Elevator + Forestry/Wood/Paper Chain Catalogues (renold.com),,,,,,,6969-R,,,,,Renold Jeffrey bucket elevator chain; middle dimensional columns had OCR column-order uncertainty -> only pitch/inside-width/loads recorded as confident; full dims in catalog. needs_review.
RENOLD-6864-R,Bucket Elevator Chains,6864-R,Renold Jeffrey 6864-R Bucket / Super-Capacity Elevator Chain (sealed joint),,7,177.8,1,Active,catalog-verified,TRUE,Bucket / Super-Capacity Elevator Chain (sealed joint),"bucket elevator,cement,bulk handling","alloy steel,heat-treated",,,,3.72,94.49,,,,,,,,267000,1187.7,22000,97.9,,,,Renold Jeffrey Cement/Elevator + Forestry/Wood/Paper Chain Catalogues (renold.com),,,,,,,6864-R,,,,,Renold Jeffrey bucket elevator chain; middle dimensional columns had OCR column-order uncertainty -> only pitch/inside-width/loads recorded as confident; full dims in catalog. needs_review.
RENOLD-6684,Bucket Elevator Chains,6684,Renold Jeffrey 6684 Bucket / Super-Capacity Elevator Chain (sealed joint),,7,177.8,1,Active,catalog-verified,TRUE,Bucket / Super-Capacity Elevator Chain (sealed joint),"bucket elevator,cement,bulk handling","alloy steel,heat-treated",,,,3.75,95.25,,,,,,,,270000,1201.0,24000,106.8,,,,Renold Jeffrey Cement/Elevator + Forestry/Wood/Paper Chain Catalogues (renold.com),,,,,,,6684,,,,,Renold Jeffrey bucket elevator chain; middle dimensional columns had OCR column-order uncertainty -> only pitch/inside-width/loads recorded as confident; full dims in catalog. needs_review.
RENOLD-6875-R,Bucket Elevator Chains,6875-R,Renold Jeffrey 6875-R Bucket / Super-Capacity Elevator Chain (sealed joint),,7,177.8,1,Active,catalog-verified,TRUE,Bucket / Super-Capacity Elevator Chain (sealed joint),"bucket elevator,cement,bulk handling","alloy steel,heat-treated",,,,3.75,95.25,,,,,,,,275000,1223.3,30000,133.4,,,,Renold Jeffrey Cement/Elevator + Forestry/Wood/Paper Chain Catalogues (renold.com),,,,,,,6875-R,,,,,Renold Jeffrey bucket elevator chain; middle dimensional columns had OCR column-order uncertainty -> only pitch/inside-width/loads recorded as confident; full dims in catalog. needs_review.
RENOLD-6874,Bucket Elevator Chains,6874,Renold Jeffrey 6874 Bucket / Super-Capacity Elevator Chain (sealed joint),,7,177.8,1,Active,catalog-verified,TRUE,Bucket / Super-Capacity Elevator Chain (sealed joint),"bucket elevator,cement,bulk handling","alloy steel,heat-treated",,,,4,101.6,,,,,,,,420000,1868.3,38000,169.0,,,,Renold Jeffrey Cement/Elevator + Forestry/Wood/Paper Chain Catalogues (renold.com),,,,,,,6874,,,,,Renold Jeffrey bucket elevator chain; middle dimensional columns had OCR column-order uncertainty -> only pitch/inside-width/loads recorded as confident; full dims in catalog. needs_review.
RENOLD-3252-PR,Bucket Elevator Chains,3252-PR,Renold Jeffrey 3252-PR Bucket / Super-Capacity Elevator Chain (sealed joint),,9,228.6,1,Active,catalog-verified,TRUE,Bucket / Super-Capacity Elevator Chain (sealed joint),"bucket elevator,cement,bulk handling","alloy steel,heat-treated",,,,2.63,66.8,,,,,,,,116000,516.0,12650,56.3,,,,Renold Jeffrey Cement/Elevator + Forestry/Wood/Paper Chain Catalogues (renold.com),,,,,,,3252-PR,,,,,Renold Jeffrey bucket elevator chain; middle dimensional columns had OCR column-order uncertainty -> only pitch/inside-width/loads recorded as confident; full dims in catalog. needs_review.
RENOLD-4035-PB,Bucket Elevator Chains,4035-PB,Renold Jeffrey 4035-PB Bucket / Super-Capacity Elevator Chain (sealed joint),,9,228.6,1,Active,catalog-verified,TRUE,Bucket / Super-Capacity Elevator Chain (sealed joint),"bucket elevator,cement,bulk handling","alloy steel,heat-treated",,,,3.16,80.26,,,,,,,,131700,585.8,16400,73.0,,,,Renold Jeffrey Cement/Elevator + Forestry/Wood/Paper Chain Catalogues (renold.com),,,,,,,4035-PB,,,,,Renold Jeffrey bucket elevator chain; middle dimensional columns had OCR column-order uncertainty -> only pitch/inside-width/loads recorded as confident; full dims in catalog. needs_review.
RENOLD-4065-RJ,Bucket Elevator Chains,4065-RJ,Renold Jeffrey 4065-RJ Bucket / Super-Capacity Elevator Chain (sealed joint),,9,228.6,1,Active,catalog-verified,TRUE,Bucket / Super-Capacity Elevator Chain (sealed joint),"bucket elevator,cement,bulk handling","alloy steel,heat-treated",,,,3.06,77.72,,,,,,,,215000,956.4,19000,84.5,,,,Renold Jeffrey Cement/Elevator + Forestry/Wood/Paper Chain Catalogues (renold.com),,,,,,,4065-RJ,,,,,Renold Jeffrey bucket elevator chain; middle dimensional columns had OCR column-order uncertainty -> only pitch/inside-width/loads recorded as confident; full dims in catalog. needs_review. 4065-RJ = Renold Jeffrey 4065 (suffix RJ to avoid collision with Rexnord 4065).
RENOLD-4037-PB,Bucket Elevator Chains,4037-PB,Renold Jeffrey 4037-PB Bucket / Super-Capacity Elevator Chain (sealed joint),,9,228.6,1,Active,catalog-verified,TRUE,Bucket / Super-Capacity Elevator Chain (sealed joint),"bucket elevator,cement,bulk handling","alloy steel,heat-treated",,,,3.25,82.55,,,,,,,,253000,1125.4,27000,120.1,,,,Renold Jeffrey Cement/Elevator + Forestry/Wood/Paper Chain Catalogues (renold.com),,,,,,,4037-PB,,,,,Renold Jeffrey bucket elevator chain; middle dimensional columns had OCR column-order uncertainty -> only pitch/inside-width/loads recorded as confident; full dims in catalog. needs_review.
RENOLD-6859-R,Bucket Elevator Chains,6859-R,Renold Jeffrey 6859-R Bucket / Super-Capacity Elevator Chain (sealed joint),,9,228.6,1,Active,catalog-verified,TRUE,Bucket / Super-Capacity Elevator Chain (sealed joint),"bucket elevator,cement,bulk handling","alloy steel,heat-treated",,,,2.5,63.5,,,,,,,,130000,578.3,14000,62.3,,,,Renold Jeffrey Cement/Elevator + Forestry/Wood/Paper Chain Catalogues (renold.com),,,,,,,6859-R,,,,,Renold Jeffrey bucket elevator chain; middle dimensional columns had OCR column-order uncertainty -> only pitch/inside-width/loads recorded as confident; full dims in catalog. needs_review.
RENOLD-6881-AR,Bucket Elevator Chains,6881-AR,Renold Jeffrey 6881-AR Bucket / Super-Capacity Elevator Chain (sealed joint),,9,228.6,1,Active,catalog-verified,TRUE,Bucket / Super-Capacity Elevator Chain (sealed joint),"bucket elevator,cement,bulk handling","alloy steel,heat-treated",,,,3,76.2,,,,,,,,260000,1156.5,24500,109.0,,,,Renold Jeffrey Cement/Elevator + Forestry/Wood/Paper Chain Catalogues (renold.com),,,,,,,6881-AR,,,,,Renold Jeffrey bucket elevator chain; middle dimensional columns had OCR column-order uncertainty -> only pitch/inside-width/loads recorded as confident; full dims in catalog. needs_review.
RENOLD-6889-PB,Bucket Elevator Chains,6889-PB,Renold Jeffrey 6889-PB Bucket / Super-Capacity Elevator Chain (sealed joint),,9,228.6,1,Active,catalog-verified,TRUE,Bucket / Super-Capacity Elevator Chain (sealed joint),"bucket elevator,cement,bulk handling","alloy steel,heat-treated",,,,2.75,69.85,,,,,,,,260000,1156.5,26000,115.7,,,,Renold Jeffrey Cement/Elevator + Forestry/Wood/Paper Chain Catalogues (renold.com),,,,,,,6889-PB,,,,,Renold Jeffrey bucket elevator chain; middle dimensional columns had OCR column-order uncertainty -> only pitch/inside-width/loads recorded as confident; full dims in catalog. needs_review.
RENOLD-WS5157-H,Drag / Scraper Chains,WS5157-H,Renold Jeffrey WS5157-H Hard-Face Welded Steel Drag Chain,,6.05,153.67,1,Active,catalog-verified,FALSE,Hard-Face Welded Steel Drag Chain,"drag,scraper,cement,welded steel,high temperature","alloy steel,heat-treated",,,,3,76.2,1.125,28.57,,,23,34.224,,180000,800.7,18200,81.0,,538,,Renold Jeffrey Cement/Elevator + Forestry/Wood/Paper Chain Catalogues (renold.com),,,,,,,WS5157-H,,,,,Hard-face (H/HHF) welded drag chain; runs in material temps up to 1000F.
RENOLD-WS6067-HHF,Drag / Scraper Chains,WS6067-HHF,Renold Jeffrey WS6067-HHF Hard-Face Welded Steel Drag Chain,,9,228.6,1,Active,catalog-verified,FALSE,Hard-Face Welded Steel Drag Chain,"drag,scraper,cement,welded steel,high temperature","alloy steel,heat-treated",,,,3.625,92.07,1.25,31.75,,,27,40.176,,230000,1023.1,24300,108.1,,538,,Renold Jeffrey Cement/Elevator + Forestry/Wood/Paper Chain Catalogues (renold.com),,,,,,,WS6067-HHF,,,,,Hard-face (H/HHF) welded drag chain; runs in material temps up to 1000F.
RENOLD-WS6267-HHF,Drag / Scraper Chains,WS6267-HHF,Renold Jeffrey WS6267-HHF Hard-Face Welded Steel Drag Chain,,9,228.6,1,Active,catalog-verified,FALSE,Hard-Face Welded Steel Drag Chain,"drag,scraper,cement,welded steel,high temperature","alloy steel,heat-treated",,,,3.63,92.2,1.375,34.92,,,27,40.176,,210000,934.1,26700,118.8,,538,,Renold Jeffrey Cement/Elevator + Forestry/Wood/Paper Chain Catalogues (renold.com),,,,,,,WS6267-HHF,,,,,Hard-face (H/HHF) welded drag chain; runs in material temps up to 1000F.
RENOLD-WS5121-HHF,Drag / Scraper Chains,WS5121-HHF,Renold Jeffrey WS5121-HHF Hard-Face Welded Steel Drag Chain,,9,228.6,1,Active,catalog-verified,FALSE,Hard-Face Welded Steel Drag Chain,"drag,scraper,cement,welded steel,high temperature","alloy steel,heat-treated",,,,3.63,92.2,1.25,31.75,,,35,52.08,,275000,1223.3,27600,122.8,,538,,Renold Jeffrey Cement/Elevator + Forestry/Wood/Paper Chain Catalogues (renold.com),,,,,,,WS5121-HHF,,,,,Hard-face (H/HHF) welded drag chain; runs in material temps up to 1000F.
RENOLD-WS5221-HHF,Drag / Scraper Chains,WS5221-HHF,Renold Jeffrey WS5221-HHF Hard-Face Welded Steel Drag Chain,,9,228.6,1,Active,catalog-verified,FALSE,Hard-Face Welded Steel Drag Chain,"drag,scraper,cement,welded steel,high temperature","alloy steel,heat-treated",,,,3.63,92.2,1.375,34.92,,,36,53.568,,305000,1356.7,30300,134.8,,538,,Renold Jeffrey Cement/Elevator + Forestry/Wood/Paper Chain Catalogues (renold.com),,,,,,,WS5221-HHF,,,,,Hard-face (H/HHF) welded drag chain; runs in material temps up to 1000F.
RENOLD-WS6121-HHF,Drag / Scraper Chains,WS6121-HHF,Renold Jeffrey WS6121-HHF Hard-Face Welded Steel Drag Chain,,9,228.6,1,Active,catalog-verified,FALSE,Hard-Face Welded Steel Drag Chain,"drag,scraper,cement,welded steel,high temperature","alloy steel,heat-treated",,,,3.63,92.2,1.25,31.75,,,36,53.568,,275000,1223.3,27600,122.8,,538,,Renold Jeffrey Cement/Elevator + Forestry/Wood/Paper Chain Catalogues (renold.com),,,,,,,WS6121-HHF,,,,,Hard-face (H/HHF) welded drag chain; runs in material temps up to 1000F.
RENOLD-WS6221-HHF,Drag / Scraper Chains,WS6221-HHF,Renold Jeffrey WS6221-HHF Hard-Face Welded Steel Drag Chain,,9,228.6,1,Active,catalog-verified,FALSE,Hard-Face Welded Steel Drag Chain,"drag,scraper,cement,welded steel,high temperature","alloy steel,heat-treated",,,,3.63,92.2,1.375,34.92,,,36,53.568,,305000,1356.7,30300,134.8,,538,,Renold Jeffrey Cement/Elevator + Forestry/Wood/Paper Chain Catalogues (renold.com),,,,,,,WS6221-HHF,,,,,Hard-face (H/HHF) welded drag chain; runs in material temps up to 1000F.
RENOLD-WS78,Welded Steel Chains,WS78,Renold Jeffrey WS78 Engineering Class Welded Steel Mill Chain,,2.609,66.27,1,Active,catalog-verified,TRUE,Engineering Class Welded Steel Mill Chain,"sawmill,mill,welded steel,forestry,conveyor,lumber","alloy steel,heat-treated,carbon steel",,0.875,22.22,1.5,38.1,0.5,12.7,1.125,28.57,3.9,5.803,"{""overall_width_in"": ""2 7/16"", ""length_bearing_in"": ""1 5/8"", ""sidebar_thk_in"": ""1/4"", ""max_sprocket_thk_in"": ""3/4""}",24000,106.8,3000,13.3,,,,Renold Jeffrey Cement/Elevator + Forestry/Wood/Paper Chain Catalogues (renold.com),,,,WS78,,,WS78,,,,,"Base chain. Catalog also lists 'P' variant (WS78P) with higher ratings (see WS78P record). | MERGE CONFLICT with macchain — kept baseline, both values: roller_dia_in: 0.875 (renold) vs 0.84 (macchain); plate_height_in: 1.125 (renold) vs 1.25 (macchain); tensile_lbs: 24000 (renold) vs 29800 (macchain); tensile_kn: 106.8 (renold) vs 132.6 (macchain)."
RENOLD-WS78P,Welded Steel Chains,WS78P,Renold Jeffrey WS78P Engineering Class Welded Steel Mill Chain (P variant),,2.609,66.27,1,Active,catalog-verified,TRUE,Engineering Class Welded Steel Mill Chain (P variant),"sawmill,mill,welded steel,forestry,conveyor","alloy steel,heat-treated",,0.875,22.22,1.5,38.1,0.5,12.7,1.125,28.57,3.9,5.803,,30000,133.4,3500,15.6,,,,Renold Jeffrey Cement/Elevator + Forestry/Wood/Paper Chain Catalogues (renold.com),,,,,,,WS78P,,,,,'P' variant of WS78 (higher ultimate/working). Base/P load pairing per ch.13 ordering; ch.21 printed same numbers in different order (extraction column-jumble) -> verify.
RENOLD-WS82,Welded Steel Chains,WS82,Renold Jeffrey WS82 Engineering Class Welded Steel Mill Chain,,3.075,78.11,1,Active,catalog-verified,FALSE,Engineering Class Welded Steel Mill Chain,"sawmill,mill,welded steel,forestry,conveyor","alloy steel,heat-treated",,1.219,30.96,1.75,44.45,0.563,14.3,1.25,31.75,5.5,8.184,,26000,115.7,3750,16.7,,,,Renold Jeffrey Cement/Elevator + Forestry/Wood/Paper Chain Catalogues (renold.com),,,,,,,WS82,,,,,Base chain. Catalog also lists 'P' variant (WS82P) with higher ratings (see WS82P record).
RENOLD-WS82P,Welded Steel Chains,WS82P,Renold Jeffrey WS82P Engineering Class Welded Steel Mill Chain (P variant),,3.075,78.11,1,Active,catalog-verified,TRUE,Engineering Class Welded Steel Mill Chain (P variant),"sawmill,mill,welded steel,forestry,conveyor","alloy steel,heat-treated",,1.219,30.96,1.75,44.45,0.563,14.3,1.25,31.75,5.5,8.184,,35000,155.7,4400,19.6,,,,Renold Jeffrey Cement/Elevator + Forestry/Wood/Paper Chain Catalogues (renold.com),,,,,,,WS82P,,,,,'P' variant of WS82 (higher ultimate/working). Base/P load pairing per ch.13 ordering; ch.21 printed same numbers in different order (extraction column-jumble) -> verify.
RENOLD-WS82H,Welded Steel Chains,WS82H,Renold Jeffrey WS82H Engineering Class Welded Steel Mill Chain,,3.075,78.11,1,Active,catalog-verified,FALSE,Engineering Class Welded Steel Mill Chain,"sawmill,mill,welded steel,forestry,conveyor","alloy steel,heat-treated",,1.219,30.96,1.75,44.45,0.563,14.3,1.25,31.75,7.1,10.565,,26000,115.7,4600,20.5,,,,Renold Jeffrey Cement/Elevator + Forestry/Wood/Paper Chain Catalogues (renold.com),,,,,,,WS82H,,,,,Base chain. Catalog also lists 'P' variant (WS82HP) with higher ratings (see WS82HP record).
RENOLD-WS82HP,Welded Steel Chains,WS82HP,Renold Jeffrey WS82HP Engineering Class Welded Steel Mill Chain (P variant),,3.075,78.11,1,Active,catalog-verified,TRUE,Engineering Class Welded Steel Mill Chain (P variant),"sawmill,mill,welded steel,forestry,conveyor","alloy steel,heat-treated",,1.219,30.96,1.75,44.45,0.563,14.3,1.25,31.75,7.1,10.565,,35000,155.7,5400,24.0,,,,Renold Jeffrey Cement/Elevator + Forestry/Wood/Paper Chain Catalogues (renold.com),,,,,,,WS82HP,,,,,'P' variant of WS82H (higher ultimate/working). Base/P load pairing per ch.13 ordering; ch.21 printed same numbers in different order (extraction column-jumble) -> verify.
RENOLD-WS784,Welded Steel Chains,WS784,Renold Jeffrey WS784 Engineering Class Welded Steel Mill Chain,,4,101.6,1,Active,catalog-verified,FALSE,Engineering Class Welded Steel Mill Chain,"sawmill,mill,welded steel,forestry,conveyor","alloy steel,heat-treated",,0.875,22.22,1.5,38.1,0.5,12.7,1.125,28.57,3.3,4.91,,24000,106.8,3000,13.3,,,,Renold Jeffrey Cement/Elevator + Forestry/Wood/Paper Chain Catalogues (renold.com),,,,,,,WS784,,,,,Base chain. Catalog also lists 'P' variant (WS784P) with higher ratings (see WS784P record).
RENOLD-WS784P,Welded Steel Chains,WS784P,Renold Jeffrey WS784P Engineering Class Welded Steel Mill Chain (P variant),,4,101.6,1,Active,catalog-verified,TRUE,Engineering Class Welded Steel Mill Chain (P variant),"sawmill,mill,welded steel,forestry,conveyor","alloy steel,heat-treated",,0.875,22.22,1.5,38.1,0.5,12.7,1.125,28.57,3.3,4.91,,30000,133.4,3500,15.6,,,,Renold Jeffrey Cement/Elevator + Forestry/Wood/Paper Chain Catalogues (renold.com),,,,,,,WS784P,,,,,'P' variant of WS784 (higher ultimate/working). Base/P load pairing per ch.13 ordering; ch.21 printed same numbers in different order (extraction column-jumble) -> verify.
RENOLD-WS124,Welded Steel Chains,WS124,Renold Jeffrey WS124 Engineering Class Welded Steel Mill Chain,,4,101.6,1,Active,catalog-verified,FALSE,Engineering Class Welded Steel Mill Chain,"sawmill,mill,welded steel,forestry,conveyor","alloy steel,heat-treated",,1.438,36.53,2.06,52.32,0.75,19.05,1.5,38.1,8.5,12.648,,46000,204.6,6300,28.0,,,,Renold Jeffrey Cement/Elevator + Forestry/Wood/Paper Chain Catalogues (renold.com),,,,,,,WS124,,,,,Base chain. Catalog also lists 'P' variant (WS124P) with higher ratings (see WS124P record).
RENOLD-WS124P,Welded Steel Chains,WS124P,Renold Jeffrey WS124P Engineering Class Welded Steel Mill Chain (P variant),,4,101.6,1,Active,catalog-verified,TRUE,Engineering Class Welded Steel Mill Chain (P variant),"sawmill,mill,welded steel,forestry,conveyor","alloy steel,heat-treated",,1.438,36.53,2.06,52.32,0.75,19.05,1.5,38.1,8.5,12.648,,60000,266.9,7350,32.7,,,,Renold Jeffrey Cement/Elevator + Forestry/Wood/Paper Chain Catalogues (renold.com),,,,,,,WS124P,,,,,'P' variant of WS124 (higher ultimate/working). Base/P load pairing per ch.13 ordering; ch.21 printed same numbers in different order (extraction column-jumble) -> verify.
RENOLD-WS124HD,Welded Steel Chains,WS124HD,Renold Jeffrey WS124HD Engineering Class Welded Steel Mill Chain,,4.063,103.2,1,Active,catalog-verified,FALSE,Engineering Class Welded Steel Mill Chain,"sawmill,mill,welded steel,forestry,conveyor","alloy steel,heat-treated",,1.625,41.27,2,50.8,0.875,22.22,2,50.8,14.4,21.427,,84000,373.7,7850,34.9,,,,Renold Jeffrey Cement/Elevator + Forestry/Wood/Paper Chain Catalogues (renold.com),,,,,,,WS124HD,,,,,Base chain. Catalog also lists 'P' variant (WS124HDP) with higher ratings (see WS124HDP record).
RENOLD-WS124HDP,Welded Steel Chains,WS124HDP,Renold Jeffrey WS124HDP Engineering Class Welded Steel Mill Chain (P variant),,4.063,103.2,1,Active,catalog-verified,TRUE,Engineering Class Welded Steel Mill Chain (P variant),"sawmill,mill,welded steel,forestry,conveyor","alloy steel,heat-treated",,1.625,41.27,2,50.8,0.875,22.22,2,50.8,14.4,21.427,,90000,400.3,9150,40.7,,,,Renold Jeffrey Cement/Elevator + Forestry/Wood/Paper Chain Catalogues (renold.com),,,,,,,WS124HDP,,,,,'P' variant of WS124HD (higher ultimate/working). Base/P load pairing per ch.13 ordering; ch.21 printed same numbers in different order (extraction column-jumble) -> verify.
RENOLD-WS111,Welded Steel Chains,WS111,Renold Jeffrey WS111 Engineering Class Welded Steel Mill Chain,,4.76,120.9,1,Active,catalog-verified,FALSE,Engineering Class Welded Steel Mill Chain,"sawmill,mill,welded steel,forestry,conveyor","alloy steel,heat-treated",,1.438,36.53,2.625,66.67,0.75,19.05,1.5,38.1,8.4,12.499,,46000,204.6,7550,33.6,,,,Renold Jeffrey Cement/Elevator + Forestry/Wood/Paper Chain Catalogues (renold.com),,,,,,,WS111,,,,,Base chain. Catalog also lists 'P' variant (WS111P) with higher ratings (see WS111P record).
RENOLD-WS111P,Welded Steel Chains,WS111P,Renold Jeffrey WS111P Engineering Class Welded Steel Mill Chain (P variant),,4.76,120.9,1,Active,catalog-verified,TRUE,Engineering Class Welded Steel Mill Chain (P variant),"sawmill,mill,welded steel,forestry,conveyor","alloy steel,heat-treated",,1.438,36.53,2.625,66.67,0.75,19.05,1.5,38.1,8.4,12.499,,58600,260.7,8850,39.4,,,,Renold Jeffrey Cement/Elevator + Forestry/Wood/Paper Chain Catalogues (renold.com),,,,,,,WS111P,,,,,'P' variant of WS111 (higher ultimate/working). Base/P load pairing per ch.13 ordering; ch.21 printed same numbers in different order (extraction column-jumble) -> verify.
RENOLD-WS106,Welded Steel Chains,WS106,Renold Jeffrey WS106 Engineering Class Welded Steel Mill Chain,,6,152.4,1,Active,catalog-verified,FALSE,Engineering Class Welded Steel Mill Chain,"sawmill,mill,welded steel,forestry,conveyor","alloy steel,heat-treated",,1.375,34.92,2.063,52.4,0.75,19.05,1.5,38.1,6.7,9.97,,37000,164.6,6300,28.0,,,,Renold Jeffrey Cement/Elevator + Forestry/Wood/Paper Chain Catalogues (renold.com),,,,,,,WS106,,,,,Base chain. Catalog also lists 'P' variant (WS106P) with higher ratings (see WS106P record).
RENOLD-WS106P,Welded Steel Chains,WS106P,Renold Jeffrey WS106P Engineering Class Welded Steel Mill Chain (P variant),,6,152.4,1,Active,catalog-verified,TRUE,Engineering Class Welded Steel Mill Chain (P variant),"sawmill,mill,welded steel,forestry,conveyor","alloy steel,heat-treated",,1.375,34.92,2.063,52.4,0.75,19.05,1.5,38.1,6.7,9.97,,56500,251.3,7400,32.9,,,,Renold Jeffrey Cement/Elevator + Forestry/Wood/Paper Chain Catalogues (renold.com),,,,,,,WS106P,,,,,'P' variant of WS106 (higher ultimate/working). Base/P load pairing per ch.13 ordering; ch.21 printed same numbers in different order (extraction column-jumble) -> verify.
RENOLD-WS110,Welded Steel Chains,WS110,Renold Jeffrey WS110 Engineering Class Welded Steel Mill Chain,,6,152.4,1,Active,catalog-verified,FALSE,Engineering Class Welded Steel Mill Chain,"sawmill,mill,welded steel,forestry,conveyor","alloy steel,heat-treated",,1.25,31.75,2.25,57.15,0.75,19.05,1.5,38.1,6.6,9.821,,46000,204.6,6750,30.0,,,,Renold Jeffrey Cement/Elevator + Forestry/Wood/Paper Chain Catalogues (renold.com),,,,,,,WS110,,,,,Base chain. Catalog also lists 'P' variant (WS110P) with higher ratings (see WS110P record).
RENOLD-WS110P,Welded Steel Chains,WS110P,Renold Jeffrey WS110P Engineering Class Welded Steel Mill Chain (P variant),,6,152.4,1,Active,catalog-verified,TRUE,Engineering Class Welded Steel Mill Chain (P variant),"sawmill,mill,welded steel,forestry,conveyor","alloy steel,heat-treated",,1.25,31.75,2.25,57.15,0.75,19.05,1.5,38.1,6.6,9.821,,60000,266.9,7850,34.9,,,,Renold Jeffrey Cement/Elevator + Forestry/Wood/Paper Chain Catalogues (renold.com),,,,,,,WS110P,,,,,'P' variant of WS110 (higher ultimate/working). Base/P load pairing per ch.13 ordering; ch.21 printed same numbers in different order (extraction column-jumble) -> verify.
RENOLD-WS132,Welded Steel Chains,WS132,Renold Jeffrey WS132 Engineering Class Welded Steel Mill Chain,,6.05,153.67,1,Active,catalog-verified,FALSE,Engineering Class Welded Steel Mill Chain,"sawmill,mill,welded steel,forestry,conveyor","alloy steel,heat-treated",,1.75,44.45,3.375,85.72,1,25.4,2,50.8,13.5,20.088,,84000,373.7,13100,58.3,,,,Renold Jeffrey Cement/Elevator + Forestry/Wood/Paper Chain Catalogues (renold.com),,,,,,,WS132,,,,,Base chain. Catalog also lists 'P' variant (WS132P) with higher ratings (see WS132P record).
RENOLD-WS132P,Welded Steel Chains,WS132P,Renold Jeffrey WS132P Engineering Class Welded Steel Mill Chain (P variant),,6.05,153.67,1,Active,catalog-verified,TRUE,Engineering Class Welded Steel Mill Chain (P variant),"sawmill,mill,welded steel,forestry,conveyor","alloy steel,heat-treated",,1.75,44.45,3.375,85.72,1,25.4,2,50.8,13.5,20.088,,100000,444.8,15300,68.1,,,,Renold Jeffrey Cement/Elevator + Forestry/Wood/Paper Chain Catalogues (renold.com),,,,,,,WS132P,,,,,'P' variant of WS132 (higher ultimate/working). Base/P load pairing per ch.13 ordering; ch.21 printed same numbers in different order (extraction column-jumble) -> verify.
RENOLD-WS150,Welded Steel Chains,WS150,Renold Jeffrey WS150 Engineering Class Welded Steel Mill Chain,,6.05,153.67,1,Active,catalog-verified,FALSE,Engineering Class Welded Steel Mill Chain,"sawmill,mill,welded steel,forestry,conveyor","alloy steel,heat-treated",,1.75,44.45,3.375,85.72,1,25.4,2.5,63.5,14.5,21.576,,84000,373.7,13100,58.3,,,,Renold Jeffrey Cement/Elevator + Forestry/Wood/Paper Chain Catalogues (renold.com),,,,,,,WS150,,,,,Base chain. Catalog also lists 'P' variant (WS150P) with higher ratings (see WS150P record).
RENOLD-WS150P,Welded Steel Chains,WS150P,Renold Jeffrey WS150P Engineering Class Welded Steel Mill Chain (P variant),,6.05,153.67,1,Active,catalog-verified,TRUE,Engineering Class Welded Steel Mill Chain (P variant),"sawmill,mill,welded steel,forestry,conveyor","alloy steel,heat-treated",,1.75,44.45,3.375,85.72,1,25.4,2.5,63.5,14.5,21.576,,100000,444.8,14500,64.5,,,,Renold Jeffrey Cement/Elevator + Forestry/Wood/Paper Chain Catalogues (renold.com),,,,,,,WS150P,,,,,'P' variant of WS150 (higher ultimate/working). Base/P load pairing per ch.13 ordering; ch.21 printed same numbers in different order (extraction column-jumble) -> verify.
RENOLD-WS855PB,Welded Steel Chains,WS855PB,Renold Jeffrey WS855PB Engineering Class Welded Steel Mill Chain (heavy),,6.05,153.67,1,Active,catalog-verified,FALSE,Engineering Class Welded Steel Mill Chain (heavy),"sawmill,mill,welded steel,forestry,conveyor","alloy steel,heat-treated",,2.5,63.5,3.313,84.15,1.125,28.57,2.5,63.5,20.5,30.504,,150000,667.2,17000,75.6,,,,Renold Jeffrey Cement/Elevator + Forestry/Wood/Paper Chain Catalogues (renold.com),,,,,,,WS855PB,,,,,
RENOLD-WS855HDP,Welded Steel Chains,WS855HDP,Renold Jeffrey WS855HDP Engineering Class Welded Steel Mill Chain (heavy),,6.05,153.67,1,Active,catalog-verified,FALSE,Engineering Class Welded Steel Mill Chain (heavy),"sawmill,mill,welded steel,forestry,conveyor","alloy steel,heat-treated",,2.5,63.5,3.375,85.72,1.125,28.57,2.5,63.5,20.5,30.504,,175000,778.4,20000,89.0,,,,Renold Jeffrey Cement/Elevator + Forestry/Wood/Paper Chain Catalogues (renold.com),,,,,,,WS855HDP,,,,,
RENOLD-WS859PB,Welded Steel Chains,WS859PB,Renold Jeffrey WS859PB Engineering Class Welded Steel Mill Chain (heavy),,6.125,155.57,1,Active,catalog-verified,FALSE,Engineering Class Welded Steel Mill Chain (heavy),"sawmill,mill,welded steel,forestry,conveyor","alloy steel,heat-treated",,3,76.2,3.375,85.72,1.25,31.75,3,76.2,23.5,34.968,,230000,1023.1,20250,90.1,,,,Renold Jeffrey Cement/Elevator + Forestry/Wood/Paper Chain Catalogues (renold.com),,,,,,,WS859PB,,,,,
RENOLD-WSD102,Drag / Scraper Chains,WSD102,Renold Jeffrey WSD102 Engineering Class Welded Steel Drag Chain,,5,127.0,1,Active,catalog-verified,FALSE,Engineering Class Welded Steel Drag Chain,"drag,scraper,cement,welded steel,sawmill,forestry","alloy steel,heat-treated",,1.5,38.1,7,177.8,0.75,19.05,1.5,38.1,12,17.856,,42000,186.8,7000,31.1,,,,Renold Jeffrey Cement/Elevator + Forestry/Wood/Paper Chain Catalogues (renold.com),,,,,,,WSD102,,,,,Base chain. Catalog also lists 'P' variant (WSD102P) with higher ratings.
RENOLD-WSD102P,Drag / Scraper Chains,WSD102P,Renold Jeffrey WSD102P Engineering Class Welded Steel Drag Chain (P variant),,5,127.0,1,Active,catalog-verified,TRUE,Engineering Class Welded Steel Drag Chain (P variant),"drag,scraper,cement,welded steel,sawmill,forestry","alloy steel,heat-treated",,1.5,38.1,7,177.8,0.75,19.05,1.5,38.1,12,17.856,,60000,266.9,10000,44.5,,,,Renold Jeffrey Cement/Elevator + Forestry/Wood/Paper Chain Catalogues (renold.com),,,,,,,WSD102P,,,,,'P' variant of WSD102; base/P load pairing per ch.13 ordering -> verify.
RENOLD-WSD104,Drag / Scraper Chains,WSD104,Renold Jeffrey WSD104 Engineering Class Welded Steel Drag Chain,,6,152.4,1,Active,catalog-verified,FALSE,Engineering Class Welded Steel Drag Chain,"drag,scraper,cement,welded steel,sawmill,forestry","alloy steel,heat-treated",,1.5,38.1,4.625,117.47,0.75,19.05,1.5,38.1,8.6,12.797,,46000,204.6,7650,34.0,,,,Renold Jeffrey Cement/Elevator + Forestry/Wood/Paper Chain Catalogues (renold.com),,,,,,,WSD104,,,,,Base chain. Catalog also lists 'P' variant (WSD104P) with higher ratings.
RENOLD-WSD104P,Drag / Scraper Chains,WSD104P,Renold Jeffrey WSD104P Engineering Class Welded Steel Drag Chain (P variant),,6,152.4,1,Active,catalog-verified,TRUE,Engineering Class Welded Steel Drag Chain (P variant),"drag,scraper,cement,welded steel,sawmill,forestry","alloy steel,heat-treated",,1.5,38.1,4.625,117.47,0.75,19.05,1.5,38.1,8.6,12.797,,60000,266.9,10000,44.5,,,,Renold Jeffrey Cement/Elevator + Forestry/Wood/Paper Chain Catalogues (renold.com),,,,,,,WSD104P,,,,,'P' variant of WSD104; base/P load pairing per ch.13 ordering -> verify.
RENOLD-WSD110,Drag / Scraper Chains,WSD110,Renold Jeffrey WSD110 Engineering Class Welded Steel Drag Chain,,6,152.4,1,Active,catalog-verified,FALSE,Engineering Class Welded Steel Drag Chain,"drag,scraper,cement,welded steel,sawmill,forestry","alloy steel,heat-treated",,1.5,38.1,9.625,244.47,0.75,19.05,1.5,38.1,13.5,20.088,,46000,204.6,7650,34.0,,,,Renold Jeffrey Cement/Elevator + Forestry/Wood/Paper Chain Catalogues (renold.com),,,,,,,WSD110,,,,,Base chain. Catalog also lists 'P' variant (WSD110P) with higher ratings.
RENOLD-WSD110P,Drag / Scraper Chains,WSD110P,Renold Jeffrey WSD110P Engineering Class Welded Steel Drag Chain (P variant),,6,152.4,1,Active,catalog-verified,TRUE,Engineering Class Welded Steel Drag Chain (P variant),"drag,scraper,cement,welded steel,sawmill,forestry","alloy steel,heat-treated",,1.5,38.1,9.625,244.47,0.75,19.05,1.5,38.1,13.5,20.088,,60000,266.9,10000,44.5,,,,Renold Jeffrey Cement/Elevator + Forestry/Wood/Paper Chain Catalogues (renold.com),,,,,,,WSD110P,,,,,'P' variant of WSD110; base/P load pairing per ch.13 ordering -> verify.
RENOLD-WSD120,Drag / Scraper Chains,WSD120,Renold Jeffrey WSD120 Engineering Class Welded Steel Drag Chain,,6,152.4,1,Active,catalog-verified,FALSE,Engineering Class Welded Steel Drag Chain,"drag,scraper,cement,welded steel,sawmill,forestry","alloy steel,heat-treated",,2,50.8,9.25,234.95,0.875,22.22,2,50.8,22,32.736,,70000,311.4,11500,51.2,,,,Renold Jeffrey Cement/Elevator + Forestry/Wood/Paper Chain Catalogues (renold.com),,,,,,,WSD120,,,,,Base chain. Catalog also lists 'P' variant (WSD120P) with higher ratings.
RENOLD-WSD120P,Drag / Scraper Chains,WSD120P,Renold Jeffrey WSD120P Engineering Class Welded Steel Drag Chain (P variant),,6,152.4,1,Active,catalog-verified,TRUE,Engineering Class Welded Steel Drag Chain (P variant),"drag,scraper,cement,welded steel,sawmill,forestry","alloy steel,heat-treated",,2,50.8,9.25,234.95,0.875,22.22,2,50.8,22,32.736,,90000,400.3,15000,66.7,,,,Renold Jeffrey Cement/Elevator + Forestry/Wood/Paper Chain Catalogues (renold.com),,,,,,,WSD120P,,,,,'P' variant of WSD120; base/P load pairing per ch.13 ordering -> verify.
RENOLD-WSD112,Drag / Scraper Chains,WSD112,Renold Jeffrey WSD112 Engineering Class Welded Steel Drag Chain,,8,203.2,1,Active,catalog-verified,FALSE,Engineering Class Welded Steel Drag Chain,"drag,scraper,cement,welded steel,sawmill,forestry","alloy steel,heat-treated",,1.5,38.1,9.625,244.47,0.75,19.05,1.5,38.1,11.4,16.963,,46000,204.6,7650,34.0,,,,Renold Jeffrey Cement/Elevator + Forestry/Wood/Paper Chain Catalogues (renold.com),,,,,,,WSD112,,,,,Base chain. Catalog also lists 'P' variant (WSD112P) with higher ratings.
RENOLD-WSD112P,Drag / Scraper Chains,WSD112P,Renold Jeffrey WSD112P Engineering Class Welded Steel Drag Chain (P variant),,8,203.2,1,Active,catalog-verified,TRUE,Engineering Class Welded Steel Drag Chain (P variant),"drag,scraper,cement,welded steel,sawmill,forestry","alloy steel,heat-treated",,1.5,38.1,9.625,244.47,0.75,19.05,1.5,38.1,11.4,16.963,,60000,266.9,10000,44.5,,,,Renold Jeffrey Cement/Elevator + Forestry/Wood/Paper Chain Catalogues (renold.com),,,,,,,WSD112P,,,,,'P' variant of WSD112; base/P load pairing per ch.13 ordering -> verify.
RENOLD-WSD116,Drag / Scraper Chains,WSD116,Renold Jeffrey WSD116 Engineering Class Welded Steel Drag Chain,,8,203.2,1,Active,catalog-verified,FALSE,Engineering Class Welded Steel Drag Chain,"drag,scraper,cement,welded steel,sawmill,forestry","alloy steel,heat-treated",,1.75,44.45,13.375,339.72,0.75,19.05,1.75,44.45,16,23.808,,56000,249.1,9300,41.4,,,,Renold Jeffrey Cement/Elevator + Forestry/Wood/Paper Chain Catalogues (renold.com),,,,,,,WSD116,,,,,Base chain. Catalog also lists 'P' variant (WSD116P) with higher ratings.
RENOLD-WSD116P,Drag / Scraper Chains,WSD116P,Renold Jeffrey WSD116P Engineering Class Welded Steel Drag Chain (P variant),,8,203.2,1,Active,catalog-verified,TRUE,Engineering Class Welded Steel Drag Chain (P variant),"drag,scraper,cement,welded steel,sawmill,forestry","alloy steel,heat-treated",,1.75,44.45,13.375,339.72,0.75,19.05,1.75,44.45,16,23.808,,69000,306.9,11500,51.2,,,,Renold Jeffrey Cement/Elevator + Forestry/Wood/Paper Chain Catalogues (renold.com),,,,,,,WSD116P,,,,,'P' variant of WSD116; base/P load pairing per ch.13 ordering -> verify.
RENOLD-WSD122,Drag / Scraper Chains,WSD122,Renold Jeffrey WSD122 Engineering Class Welded Steel Drag Chain,,8,203.2,1,Active,catalog-verified,FALSE,Engineering Class Welded Steel Drag Chain,"drag,scraper,cement,welded steel,sawmill,forestry","alloy steel,heat-treated",,2,50.8,9.25,234.95,0.875,22.22,2,50.8,18,26.784,,70000,311.4,11500,51.2,,,,Renold Jeffrey Cement/Elevator + Forestry/Wood/Paper Chain Catalogues (renold.com),,,,,,,WSD122,,,,,Base chain. Catalog also lists 'P' variant (WSD122P) with higher ratings.
RENOLD-WSD122P,Drag / Scraper Chains,WSD122P,Renold Jeffrey WSD122P Engineering Class Welded Steel Drag Chain (P variant),,8,203.2,1,Active,catalog-verified,TRUE,Engineering Class Welded Steel Drag Chain (P variant),"drag,scraper,cement,welded steel,sawmill,forestry","alloy steel,heat-treated",,2,50.8,9.25,234.95,0.875,22.22,2,50.8,18,26.784,,90000,400.3,15000,66.7,,,,Renold Jeffrey Cement/Elevator + Forestry/Wood/Paper Chain Catalogues (renold.com),,,,,,,WSD122P,,,,,'P' variant of WSD122; base/P load pairing per ch.13 ordering -> verify.
RENOLD-WSD480,Drag / Scraper Chains,WSD480,Renold Jeffrey WSD480 Engineering Class Welded Steel Drag Chain,,8,203.2,1,Active,catalog-verified,FALSE,Engineering Class Welded Steel Drag Chain,"drag,scraper,cement,welded steel,sawmill,forestry","alloy steel,heat-treated",,2,50.8,11.75,298.45,0.875,22.22,2,50.8,20,29.76,,84000,373.7,14000,62.3,,,,Renold Jeffrey Cement/Elevator + Forestry/Wood/Paper Chain Catalogues (renold.com),,,,,,,WSD480,,,,,Base chain. Catalog also lists 'P' variant (WSD480P) with higher ratings.
RENOLD-WSD480P,Drag / Scraper Chains,WSD480P,Renold Jeffrey WSD480P Engineering Class Welded Steel Drag Chain (P variant),,8,203.2,1,Active,catalog-verified,TRUE,Engineering Class Welded Steel Drag Chain (P variant),"drag,scraper,cement,welded steel,sawmill,forestry","alloy steel,heat-treated",,2,50.8,11.75,298.45,0.875,22.22,2,50.8,20,29.76,,90000,400.3,15000,66.7,,,,Renold Jeffrey Cement/Elevator + Forestry/Wood/Paper Chain Catalogues (renold.com),,,,,,,WSD480P,,,,,'P' variant of WSD480; base/P load pairing per ch.13 ordering -> verify.
RENOLD-WD480XHDP,Drag / Scraper Chains,WD480XHDP,Renold Jeffrey WD480XHDP Extra Heavy Duty Welded Steel Drag Chain (P),,8,203.2,1,Active,catalog-verified,FALSE,Extra Heavy Duty Welded Steel Drag Chain (P),"drag,scraper,cement,welded steel,sawmill,forestry","alloy steel,heat-treated",,2,50.8,11.75,298.45,1,25.4,2,50.8,21,31.248,,122000,542.7,20300,90.3,,,,Renold Jeffrey Cement/Elevator + Forestry/Wood/Paper Chain Catalogues (renold.com),,,,,,,WD480XHDP,,,,,
WEBSTER-442,Steel Pintle Chains,442,Webster 442 400-Class Pintle Chain,,1.375,34.92,1,Active,catalog-verified,FALSE,400-Class Pintle Chain,"pintle,conveyor,elevator","malleable iron,Duramal",,0.562,14.29,,,0.312,7.94,,,1.4,2.083,"{""barrel_length_X_in"": ""11\u204416"", ""sidebar_width_F_in"": ""3\u20444"", ""max_spkt_width_A_in"": ""5\u20448"", ""to_cotter_K_in"": ""11\u204416"", ""to_head_J_in"": ""1"", ""duramal_ultimate_lbs"": 7500, ""duramal_working_lbs"": 995}",6000,26.7,830,3.7,,,,Webster Industries Chain Catalog (websterchain.com),,,,,,,,,442,,,Webster 400-class pintle. tensile/working = MALLEABLE iron base; Duramal variant ult 7500 lbs / WL 995 lbs (in extra_dims). Interchangeable with standard makes of corresponding size.
WEBSTER-445,Steel Pintle Chains,445,Webster 445 400-Class Pintle Chain,,1.63,41.4,1,Active,catalog-verified,FALSE,400-Class Pintle Chain,"pintle,conveyor,elevator","malleable iron,Duramal",,0.625,15.88,,,0.312,7.94,,,1.5,2.232,"{""barrel_length_X_in"": ""11\u204416"", ""sidebar_width_F_in"": ""23\u204432"", ""max_spkt_width_A_in"": ""11\u204416"", ""to_cotter_K_in"": ""11\u204416"", ""to_head_J_in"": ""1"", ""duramal_ultimate_lbs"": 7500, ""duramal_working_lbs"": 995}",6000,26.7,830,3.7,,,,Webster Industries Chain Catalog (websterchain.com),,,,,,,,,445,,,Webster 400-class pintle. tensile/working = MALLEABLE iron base; Duramal variant ult 7500 lbs / WL 995 lbs (in extra_dims). Interchangeable with standard makes of corresponding size.
WEBSTER-452,Steel Pintle Chains,452,Webster 452 400-Class Pintle Chain,,1.506,38.25,1,Active,catalog-verified,FALSE,400-Class Pintle Chain,"pintle,conveyor,elevator","malleable iron,Duramal",,0.688,17.46,,,0.375,9.52,,,2,2.976,"{""barrel_length_X_in"": ""11\u20448"", ""sidebar_width_F_in"": ""27\u204432"", ""max_spkt_width_A_in"": ""5\u20448"", ""to_cotter_K_in"": ""11\u204416"", ""to_head_J_in"": ""1"", ""duramal_ultimate_lbs"": 8750, ""duramal_working_lbs"": 1265}",7000,31.1,1055,4.7,,,,Webster Industries Chain Catalog (websterchain.com),,,,,,,,,452,,,Webster 400-class pintle. tensile/working = MALLEABLE iron base; Duramal variant ult 8750 lbs / WL 1265 lbs (in extra_dims). Interchangeable with standard makes of corresponding size.
WEBSTER-455,Steel Pintle Chains,455,Webster 455 400-Class Pintle Chain,,1.63,41.4,1,Active,catalog-verified,FALSE,400-Class Pintle Chain,"pintle,conveyor,elevator","malleable iron,Duramal",,0.625,15.88,,,0.375,9.52,,,1.9,2.827,"{""barrel_length_X_in"": ""11\u20448"", ""sidebar_width_F_in"": ""13\u204416"", ""max_spkt_width_A_in"": ""11\u204416"", ""to_cotter_K_in"": ""11\u20448"", ""to_head_J_in"": ""11\u204432"", ""duramal_ultimate_lbs"": 9125, ""duramal_working_lbs"": 1265}",7300,32.5,1055,4.7,,,,Webster Industries Chain Catalog (websterchain.com),,,,,,,,,455,,,Webster 400-class pintle. tensile/working = MALLEABLE iron base; Duramal variant ult 9125 lbs / WL 1265 lbs (in extra_dims). Interchangeable with standard makes of corresponding size.
WEBSTER-462,Steel Pintle Chains,462,Webster 462 400-Class Pintle Chain,,1.634,41.5,1,Active,catalog-verified,FALSE,400-Class Pintle Chain,"pintle,conveyor,elevator","malleable iron,Duramal",,0.812,20.64,,,0.438,11.11,,,2.5,3.72,"{""barrel_length_X_in"": ""17\u204416"", ""sidebar_width_F_in"": ""15\u204416"", ""max_spkt_width_A_in"": ""7\u20448"", ""to_cotter_K_in"": ""15\u204416"", ""to_head_J_in"": ""11\u20444"", ""duramal_ultimate_lbs"": 11250, ""duramal_working_lbs"": 1800}",9000,40.0,1500,6.7,,,,Webster Industries Chain Catalog (websterchain.com),,,,,,,,,462,,,Webster 400-class pintle. tensile/working = MALLEABLE iron base; Duramal variant ult 11250 lbs / WL 1800 lbs (in extra_dims). Interchangeable with standard makes of corresponding size.
WEBSTER-477,Steel Pintle Chains,477,Webster 477 400-Class Pintle Chain,,2.308,58.62,1,Active,catalog-verified,FALSE,400-Class Pintle Chain,"pintle,conveyor,elevator","malleable iron,Duramal",,0.812,20.64,,,0.438,11.11,,,2,2.976,"{""barrel_length_X_in"": ""11\u20444"", ""sidebar_width_F_in"": ""1"", ""max_spkt_width_A_in"": ""11\u204416"", ""to_cotter_K_in"": ""19\u204432"", ""to_head_J_in"": ""15\u204432"", ""duramal_ultimate_lbs"": 12000, ""duramal_working_lbs"": 1640}",9600,42.7,1365,6.1,,,,Webster Industries Chain Catalog (websterchain.com),,,,,,,,,477,,,Webster 400-class pintle. tensile/working = MALLEABLE iron base; Duramal variant ult 12000 lbs / WL 1640 lbs (in extra_dims). Interchangeable with standard makes of corresponding size.
WEBSTER-488,Steel Pintle Chains,488,Webster 488 400-Class Pintle Chain,,2.609,66.27,1,Active,catalog-verified,FALSE,400-Class Pintle Chain,"pintle,conveyor,elevator","malleable iron,Duramal",,0.875,22.22,,,0.438,11.11,,,2.9,4.315,"{""barrel_length_X_in"": ""15\u20448"", ""sidebar_width_F_in"": ""15\u204416"", ""max_spkt_width_A_in"": ""15\u204416"", ""to_cotter_K_in"": ""17\u204416"", ""to_head_J_in"": ""15\u204416"", ""duramal_ultimate_lbs"": 13750, ""duramal_working_lbs"": 2130}",11000,48.9,1775,7.9,,,,Webster Industries Chain Catalog (websterchain.com),,,,,,,,,488,,,Webster 400-class pintle. tensile/working = MALLEABLE iron base; Duramal variant ult 13750 lbs / WL 2130 lbs (in extra_dims). Interchangeable with standard makes of corresponding size.
WEBSTER-4103,Steel Pintle Chains,4103,Webster 4103 400-Class Pintle Chain,,3.075,78.11,1,Active,catalog-verified,FALSE,400-Class Pintle Chain,"pintle,conveyor,elevator","malleable iron,Duramal",,1.25,31.75,,,0.75,19.05,,,5.7,8.482,"{""barrel_length_X_in"": ""17\u20448"", ""sidebar_width_F_in"": ""11\u20442"", ""max_spkt_width_A_in"": ""11\u20448"", ""to_cotter_K_in"": ""127\u204432"", ""to_head_J_in"": ""125\u204432"", ""duramal_ultimate_lbs"": 27500, ""duramal_working_lbs"": 4218}",22000,97.9,3515,15.6,,,,Webster Industries Chain Catalog (websterchain.com),,,,,,,,,4103,,,Webster 400-class pintle. tensile/working = MALLEABLE iron base; Duramal variant ult 27500 lbs / WL 4218 lbs (in extra_dims). Interchangeable with standard makes of corresponding size.
WEBSTER-4124,Steel Pintle Chains,4124,Webster 4124 400-Class Pintle Chain,,4.063,103.2,1,Active,catalog-verified,FALSE,400-Class Pintle Chain,"pintle,conveyor,elevator","malleable iron,Duramal",,1.688,42.86,,,0.812,20.64,,,8.5,12.648,"{""barrel_length_X_in"": ""21\u20444"", ""sidebar_width_F_in"": ""13\u20444"", ""max_spkt_width_A_in"": ""11\u20444"", ""to_cotter_K_in"": ""213\u204432"", ""to_head_J_in"": ""25\u204432"", ""duramal_ultimate_lbs"": 41250, ""duramal_working_lbs"": 5485}",33000,146.8,4570,20.3,,,,Webster Industries Chain Catalog (websterchain.com),,,,,,,,,4124,,,Webster 400-class pintle. tensile/working = MALLEABLE iron base; Duramal variant ult 41250 lbs / WL 5485 lbs (in extra_dims). Interchangeable with standard makes of corresponding size.
WEBSTER-720,Steel Pintle Chains,720,Webster 720 700-Class Pintle Chain,,6,152.4,1,Active,catalog-verified,FALSE,700-Class Pintle Chain,"pintle,conveyor,elevator,water treatment",Duramal,,1.375,34.92,,,0.688,17.46,,,4.2,6.25,"{""barrel_length_X_in"": ""17\u20448"", ""sidebar_width_F_in"": ""11\u20442"", ""to_cotter_K_in"": ""17\u20448"", ""to_head_J_in"": ""111\u204416""}",27500,122.3,3860,17.2,,,,Webster Industries Chain Catalog (websterchain.com),,,,,,,,,720,,,
WEBSTER-720NCS,Steel Pintle Chains,720NCS,Webster 720NCS 700-Class Pintle Chain,,6,152.4,1,Active,catalog-verified,FALSE,700-Class Pintle Chain,"pintle,conveyor,elevator,water treatment",Duramal,,1.438,36.51,,,0.75,19.05,,,5.4,8.035,"{""barrel_length_X_in"": ""17\u20448"", ""sidebar_width_F_in"": ""19\u204416"", ""to_cotter_K_in"": ""21\u20448"", ""to_head_J_in"": ""113\u204416""}",37500,166.8,4245,18.9,,,,Webster Industries Chain Catalog (websterchain.com),,,,,,,,,720NCS,,,NCS suffix = curved sidebars and pear-shaped barrels.
WEBSTER-730,Steel Pintle Chains,730,Webster 730 700-Class Pintle Chain,,6,152.4,1,Active,catalog-verified,FALSE,700-Class Pintle Chain,"pintle,conveyor,elevator,water treatment",Duramal,,1.5,38.1,,,0.75,19.05,,,6,8.928,"{""barrel_length_X_in"": ""2"", ""sidebar_width_F_in"": ""13\u20444"", ""to_cotter_K_in"": ""21\u204416"", ""to_head_J_in"": ""17\u20448""}",40000,177.9,4500,20.0,,,,Webster Industries Chain Catalog (websterchain.com),,,,,,,,,730,,,
WEBSTER-730S,Steel Pintle Chains,730S,Webster 730S 700-Class Pintle Chain,,6,152.4,1,Active,catalog-verified,FALSE,700-Class Pintle Chain,"pintle,conveyor,elevator,water treatment",Duramal,,1.5,38.1,,,0.75,19.05,,,6,8.928,"{""barrel_length_X_in"": ""2"", ""sidebar_width_F_in"": ""13\u20444"", ""to_cotter_K_in"": ""21\u204416"", ""to_head_J_in"": ""113\u204416""}",40000,177.9,4500,20.0,,,,Webster Industries Chain Catalog (websterchain.com),,,,,,,,,730S,,,
WEBSTER-730NCS,Steel Pintle Chains,730NCS,Webster 730NCS 700-Class Pintle Chain,,6,152.4,1,Active,catalog-verified,FALSE,700-Class Pintle Chain,"pintle,conveyor,elevator,water treatment",Duramal,,1.5,38.1,,,0.75,19.05,,,6,8.928,"{""barrel_length_X_in"": ""2"", ""sidebar_width_F_in"": ""13\u20444"", ""to_cotter_K_in"": ""23\u204432"", ""to_head_J_in"": ""125\u204432""}",40000,177.9,4500,20.0,,,,Webster Industries Chain Catalog (websterchain.com),,,,,,,,,730NCS,,,NCS suffix = curved sidebars and pear-shaped barrels.
WEBSTER-WC55,Drag / Scraper Chains,WC55,Webster WC55 Combination Chain,,1.631,41.43,1,Active,catalog-verified,FALSE,Combination Chain,"combination,conveyor,elevator,mill","malleable iron centre,carbon steel sidebars",,0.719,18.26,,,0.375,9.52,,,2,2.976,"{""barrel_length_F_in"": ""17\u204432"", ""sidebar_width_A_in"": ""3\u20444"", ""max_spkt_width_D_in"": ""11\u204416"", ""sidebar_thk_T_in"": ""3\u204416""}",11250,50.0,1370,6.1,,,,Webster Industries Chain Catalog (websterchain.com),,,,,,,,,WC55,,,WC55/WC188 = Webster C55/C188 (W prefix to avoid collision with welded-steel combination C-numbers of other brands).
WEBSTER-N77,Drag / Scraper Chains,N77,Webster N77 Combination Chain,,2.308,58.62,1,Active,catalog-verified,FALSE,Combination Chain,"combination,conveyor,elevator,mill","malleable iron centre,carbon steel sidebars",,0.719,18.26,,,0.438,11.11,,,2.2,3.274,"{""barrel_length_F_in"": ""11\u20444"", ""sidebar_width_A_in"": ""7\u20448"", ""max_spkt_width_D_in"": ""11\u204416"", ""sidebar_thk_T_in"": ""3\u204416""}",13750,61.2,1640,7.3,,,,Webster Industries Chain Catalog (websterchain.com),,,,,,,,,N77,,,
WEBSTER-N102B,Drag / Scraper Chains,N102B,Webster N102B Combination Chain,,4,101.6,1,Active,catalog-verified,FALSE,Combination Chain,"combination,conveyor,elevator,mill","malleable iron centre,carbon steel sidebars",,1,25.4,,,0.625,15.88,,,6.7,9.97,"{""barrel_length_F_in"": ""27\u20448"", ""sidebar_width_A_in"": ""11\u20442"", ""max_spkt_width_D_in"": ""115\u204416"", ""sidebar_thk_T_in"": ""3\u20448""}",30000,133.4,5000,22.2,,,,Webster Industries Chain Catalog (websterchain.com),,,,,,,,,N102B,,,
WEBSTER-N102H,Drag / Scraper Chains,N102H,Webster N102H Combination Chain,,4.04,102.62,1,Active,catalog-verified,FALSE,Combination Chain,"combination,conveyor,elevator,mill","malleable iron centre,carbon steel sidebars",,1.375,34.92,,,0.75,19.05,,,9.4,13.987,"{""barrel_length_F_in"": ""215\u204416"", ""sidebar_width_A_in"": ""13\u20444"", ""max_spkt_width_D_in"": ""2"", ""sidebar_thk_T_in"": ""3\u20448""}",45000,200.2,6600,29.4,,,,Webster Industries Chain Catalog (websterchain.com),,,,,,,,,N102H,,,
WEBSTER-N110,Drag / Scraper Chains,N110,Webster N110 Combination Chain,,6,152.4,1,Active,catalog-verified,FALSE,Combination Chain,"combination,conveyor,elevator,mill","malleable iron centre,carbon steel sidebars",,1.25,31.75,,,0.625,15.88,,,6,8.928,"{""barrel_length_F_in"": ""27\u20448"", ""sidebar_width_A_in"": ""11\u20442"", ""max_spkt_width_D_in"": ""115\u204416"", ""sidebar_thk_T_in"": ""3\u20448""}",30000,133.4,5000,22.2,,,,Webster Industries Chain Catalog (websterchain.com),,,,,,,,,N110,,,
WEBSTER-N111,Drag / Scraper Chains,N111,Webster N111 Combination Chain,,4.76,120.9,1,Active,catalog-verified,FALSE,Combination Chain,"combination,conveyor,elevator,mill","malleable iron centre,carbon steel sidebars",,1.438,36.51,,,0.75,19.05,,,9.7,14.434,"{""barrel_length_F_in"": ""33\u20448"", ""sidebar_width_A_in"": ""13\u20444"", ""max_spkt_width_D_in"": ""23\u20448"", ""sidebar_thk_T_in"": ""3\u20448""}",45000,200.2,7500,33.4,,,,Webster Industries Chain Catalog (websterchain.com),,,,,,,,,N111,,,
WEBSTER-N131,Drag / Scraper Chains,N131,Webster N131 Combination Chain,,3.075,78.11,1,Active,catalog-verified,FALSE,Combination Chain,"combination,conveyor,elevator,mill","malleable iron centre,carbon steel sidebars",,1.25,31.75,,,0.625,15.88,,,6.5,9.672,"{""barrel_length_F_in"": ""2"", ""sidebar_width_A_in"": ""11\u20442"", ""max_spkt_width_D_in"": ""11\u20448"", ""sidebar_thk_T_in"": ""3\u20448""}",30000,133.4,3750,16.7,,,,Webster Industries Chain Catalog (websterchain.com),,,,,,,,,N131,,,
WEBSTER-N132,Drag / Scraper Chains,N132,Webster N132 Combination Chain,,6.05,153.67,1,Active,catalog-verified,FALSE,Combination Chain,"combination,conveyor,elevator,mill","malleable iron centre,carbon steel sidebars",,1.75,44.45,,,1,25.4,,,14.4,21.427,"{""barrel_length_F_in"": ""43\u20448"", ""sidebar_width_A_in"": ""2"", ""max_spkt_width_D_in"": ""31\u20448"", ""sidebar_thk_T_in"": ""1\u20442""}",62500,278.0,10400,46.3,,,,Webster Industries Chain Catalog (websterchain.com),,,,,,,,,N132,,,
WEBSTER-WC188,Drag / Scraper Chains,WC188,Webster WC188 Combination Chain,,2.609,66.27,1,Active,catalog-verified,FALSE,Combination Chain,"combination,conveyor,elevator,mill","malleable iron centre,carbon steel sidebars",,0.875,22.22,,,0.5,12.7,,,3.6,5.357,"{""barrel_length_F_in"": ""19\u204416"", ""sidebar_width_A_in"": ""11\u20448"", ""max_spkt_width_D_in"": ""15\u204416"", ""sidebar_thk_T_in"": ""1\u20444""}",17500,77.8,2340,10.4,,,,Webster Industries Chain Catalog (websterchain.com),,,,,,,,,WC188,,,WC55/WC188 = Webster C55/C188 (W prefix to avoid collision with welded-steel combination C-numbers of other brands).
WEBSTER-N111SPC,Drag / Scraper Chains,N111SPC,"Webster N111SPC Combination Chain (special, dual-pitch)",,4.76,120.9,1,Active,catalog-verified,TRUE,"Combination Chain (special, dual-pitch)","combination,conveyor","malleable iron centre,carbon steel sidebars",,,,,,,,,,8.5,12.648,"{""pitch_2_in"": ""7.240""}",45000,200.2,7500,33.4,,,,Webster Industries Chain Catalog (websterchain.com),,,,,,,,,N111SPC,,,Dual pitch 4.760/7.240; pitch_in lists primary 4.760 (second in extra_dims).
WEBSTER-DW111,Drag / Scraper Chains,DW111,Webster DW111 WS/DW Combination Chain (wear-shoe),,4.76,120.9,1,Active,catalog-verified,FALSE,WS/DW Combination Chain (wear-shoe),"combination,conveyor,wear shoe","malleable iron centre,carbon steel sidebars",,1.438,36.51,,,0.75,19.05,,,10.6,15.773,"{""barrel_length_F_in"": ""33\u20448"", ""sidebar_width_A_in"": ""13\u20444"", ""wear_shoe_width_W_in"": ""43\u20444"", ""sidebar_thk_T_in"": ""3\u20448""}",45000,200.2,7500,33.4,,,,Webster Industries Chain Catalog (websterchain.com),,,,,,,,,DW111,,,
WEBSTER-N131WS,Drag / Scraper Chains,N131WS,Webster N131WS WS/DW Combination Chain (wear-shoe),,3.075,78.11,1,Active,catalog-verified,FALSE,WS/DW Combination Chain (wear-shoe),"combination,conveyor,wear shoe","malleable iron centre,carbon steel sidebars",,1.25,31.75,,,0.625,15.88,,,7.2,10.714,"{""barrel_length_F_in"": ""2"", ""sidebar_width_A_in"": ""11\u20442"", ""wear_shoe_width_W_in"": ""3"", ""sidebar_thk_T_in"": ""3\u20448""}",30000,133.4,3750,16.7,,,,Webster Industries Chain Catalog (websterchain.com),,,,,,,,,N131WS,,,
WEBSTER-DW132,Drag / Scraper Chains,DW132,Webster DW132 WS/DW Combination Chain (wear-shoe),,6.05,153.67,1,Active,catalog-verified,FALSE,WS/DW Combination Chain (wear-shoe),"combination,conveyor,wear shoe","malleable iron centre,carbon steel sidebars",,1.75,44.45,,,1,25.4,,,16.7,24.85,"{""barrel_length_F_in"": ""43\u20448"", ""sidebar_width_A_in"": ""2"", ""wear_shoe_width_W_in"": ""6"", ""sidebar_thk_T_in"": ""1\u20442""}",62500,278.0,10400,46.3,,,,Webster Industries Chain Catalog (websterchain.com),,,,,,,,,DW132,,,
WEBSTER-N132WS,Drag / Scraper Chains,N132WS,Webster N132WS WS/DW Combination Chain (wear-shoe),,6.05,153.67,1,Active,catalog-verified,FALSE,WS/DW Combination Chain (wear-shoe),"combination,conveyor,wear shoe","malleable iron centre,carbon steel sidebars",,1.75,44.45,,,1,25.4,,,14.8,22.022,"{""barrel_length_F_in"": ""43\u20448"", ""sidebar_width_A_in"": ""2"", ""wear_shoe_width_W_in"": ""6"", ""sidebar_thk_T_in"": ""1\u20442""}",62500,278.0,10400,46.3,,,,Webster Industries Chain Catalog (websterchain.com),,,,,,,,,N132WS,,,
WEBSTER-C188WS,Drag / Scraper Chains,C188WS,Webster C188WS WS/DW Combination Chain (wear-shoe),,2.609,66.27,1,Active,catalog-verified,FALSE,WS/DW Combination Chain (wear-shoe),"combination,conveyor,wear shoe","malleable iron centre,carbon steel sidebars",,0.875,22.22,,,0.5,12.7,,,4,5.952,"{""barrel_length_F_in"": ""19\u204416"", ""sidebar_width_A_in"": ""11\u20448"", ""wear_shoe_width_W_in"": ""21\u20442"", ""sidebar_thk_T_in"": ""1\u20444""}",17500,77.8,2340,10.4,,,,Webster Industries Chain Catalog (websterchain.com),,,,,,,,,C188WS,,,
WEBSTER-CRN110,Drag / Scraper Chains,CRN110,Webster CRN110 Outboard Roller Combination Chain,,6,152.4,1,Active,catalog-verified,FALSE,Outboard Roller Combination Chain,"combination,conveyor,outboard roller","malleable iron centre,carbon steel sidebars",,2,50.8,,,0.625,15.88,,,,,"{""barrel_length_F_in"": ""27\u20448"", ""sidebar_width_A_in"": ""11\u20442"", ""barrel_dia_K_in"": ""11\u20444"", ""to_rollers_R_in"": ""411\u204416"", ""roller_face_S_in"": ""7\u20448"", ""sidebar_thk_T_in"": ""3\u20448""}",30000,133.4,4800,21.4,,,,Webster Industries Chain Catalog (websterchain.com),,,,,,,,,CRN110,,,
WEBSTER-CRN111,Drag / Scraper Chains,CRN111,Webster CRN111 Outboard Roller Combination Chain,,4.76,120.9,1,Active,catalog-verified,FALSE,Outboard Roller Combination Chain,"combination,conveyor,outboard roller","malleable iron centre,carbon steel sidebars",,2.25,57.15,,,0.75,19.05,,,,,"{""barrel_length_F_in"": ""33\u20448"", ""sidebar_width_A_in"": ""13\u20444"", ""barrel_dia_K_in"": ""17\u204416"", ""to_rollers_R_in"": ""51\u20444"", ""roller_face_S_in"": ""15\u204416"", ""sidebar_thk_T_in"": ""3\u20448""}",45000,200.2,7500,33.4,,,,Webster Industries Chain Catalog (websterchain.com),,,,,,,,,CRN111,,,
WEBSTER-CRN131,Drag / Scraper Chains,CRN131,Webster CRN131 Outboard Roller Combination Chain,,3.075,78.11,1,Active,catalog-verified,FALSE,Outboard Roller Combination Chain,"combination,conveyor,outboard roller","malleable iron centre,carbon steel sidebars",,2,50.8,,,0.625,15.88,,,,,"{""barrel_length_F_in"": ""2"", ""sidebar_width_A_in"": ""11\u20442"", ""barrel_dia_K_in"": ""11\u20444"", ""to_rollers_R_in"": ""313\u204416"", ""roller_face_S_in"": ""7\u20448"", ""sidebar_thk_T_in"": ""3\u20448""}",30000,133.4,3750,16.7,,,,Webster Industries Chain Catalog (websterchain.com),,,,,,,,,CRN131,,,
WEBSTER-CRN132,Drag / Scraper Chains,CRN132,Webster CRN132 Outboard Roller Combination Chain,,6.05,153.67,1,Active,catalog-verified,FALSE,Outboard Roller Combination Chain,"combination,conveyor,outboard roller","malleable iron centre,carbon steel sidebars",,3,76.2,,,1,25.4,,,,,"{""barrel_length_F_in"": ""43\u20448"", ""sidebar_width_A_in"": ""2"", ""barrel_dia_K_in"": ""13\u20444"", ""to_rollers_R_in"": ""65\u20448"", ""roller_face_S_in"": ""11\u20448"", ""sidebar_thk_T_in"": ""1\u20442""}",62500,278.0,10400,46.3,,,,Webster Industries Chain Catalog (websterchain.com),,,,,,,,,CRN132,,,
WEBSTER-CR188,Drag / Scraper Chains,CR188,Webster CR188 Outboard Roller Combination Chain,,2.609,66.27,1,Active,catalog-verified,FALSE,Outboard Roller Combination Chain,"combination,conveyor,outboard roller","malleable iron centre,carbon steel sidebars",,1.5,38.1,,,0.5,12.7,,,,,"{""barrel_length_F_in"": ""19\u204416"", ""sidebar_width_A_in"": ""11\u20448"", ""barrel_dia_K_in"": ""7\u20448"", ""to_rollers_R_in"": ""213\u204416"", ""roller_face_S_in"": ""5\u20448"", ""sidebar_thk_T_in"": ""1\u20444""}",17500,77.8,2340,10.4,,,,Webster Industries Chain Catalog (websterchain.com),,,,,,,,,CR188,,,
WEBSTER-HSB188,Steel Bushed Chains,HSB188,Webster HSB188 Hardened Steel Bushed (HSB) Chain,,2.609,66.27,1,Active,catalog-verified,FALSE,Hardened Steel Bushed (HSB) Chain,"engineered class,conveyor,bushed,hardened","M.C.H.T. sidebars,alloy HT pins/bushings",,0.875,22.22,0.688,17.46,0.5,12.7,1.125,28.57,3.8,5.654,"{""sidebar_thk_T_in"": ""1\u20444""}",25000,111.2,2730,12.1,,,,Webster Industries Chain Catalog (websterchain.com),,,,,,,,,HSB188,,,
WEBSTER-HSB1663,Steel Bushed Chains,HSB1663,Webster HSB1663 Hardened Steel Bushed (HSB) Chain,,2.609,66.27,1,Active,catalog-verified,FALSE,Hardened Steel Bushed (HSB) Chain,"engineered class,conveyor,bushed,hardened","M.C.H.T. sidebars,alloy HT pins/bushings",,0.875,22.22,0.688,17.46,0.5,12.7,1.5,38.1,7.4,11.011,"{""sidebar_thk_T_in"": ""3\u20448""}",38000,169.0,3200,14.2,,,,Webster Industries Chain Catalog (websterchain.com),,,,,,,,,HSB1663,,,
WEBSTER-HSB131,Steel Bushed Chains,HSB131,Webster HSB131 Hardened Steel Bushed (HSB) Chain,,3.075,78.11,1,Active,catalog-verified,FALSE,Hardened Steel Bushed (HSB) Chain,"engineered class,conveyor,bushed,hardened","M.C.H.T. sidebars,alloy HT pins/bushings",,1.25,31.75,1.25,31.75,0.625,15.88,1.5,38.1,7.4,11.011,"{""sidebar_thk_T_in"": ""3\u20448""}",40000,177.9,4380,19.5,,,,Webster Industries Chain Catalog (websterchain.com),,,,,,,,,HSB131,,,
WEBSTER-HSB102B,Steel Bushed Chains,HSB102B,Webster HSB102B Hardened Steel Bushed (HSB) Chain,,4,101.6,1,Active,catalog-verified,FALSE,Hardened Steel Bushed (HSB) Chain,"engineered class,conveyor,bushed,hardened","M.C.H.T. sidebars,alloy HT pins/bushings",,1,25.4,2.125,53.97,0.625,15.88,1.5,38.1,6.9,10.267,"{""sidebar_thk_T_in"": ""3\u20448""}",40000,177.9,6290,28.0,,,,Webster Industries Chain Catalog (websterchain.com),,,,,,,,,HSB102B,,,
WEBSTER-HSB825,Steel Bushed Chains,HSB825,Webster HSB825 Hardened Steel Bushed (HSB) Chain,,4,101.6,1,Active,catalog-verified,FALSE,Hardened Steel Bushed (HSB) Chain,"engineered class,conveyor,bushed,hardened","M.C.H.T. sidebars,alloy HT pins/bushings",,1.125,28.57,1.5,38.1,0.75,19.05,2,50.8,8.7,12.946,"{""sidebar_thk_T_in"": ""3\u20448""}",60000,266.9,5900,26.2,,,,Webster Industries Chain Catalog (websterchain.com),,,,,,,,,HSB825,,,
WEBSTER-HSB102H,Steel Bushed Chains,HSB102H,Webster HSB102H Hardened Steel Bushed (HSB) Chain,,4.04,102.62,1,Active,catalog-verified,FALSE,Hardened Steel Bushed (HSB) Chain,"engineered class,conveyor,bushed,hardened","M.C.H.T. sidebars,alloy HT pins/bushings",,1.375,34.92,2.188,55.56,0.75,19.05,1.75,44.45,9.4,13.987,"{""sidebar_thk_T_in"": ""3\u20448""}",50000,222.4,7700,34.3,,,,Webster Industries Chain Catalog (websterchain.com),,,,,,,,,HSB102H,,,H suffix here = '1/2' embedded fraction (e.g. HSB102H = HSB102 1/2).
WEBSTER-HSB6472,Steel Bushed Chains,HSB6472,Webster HSB6472 Hardened Steel Bushed (HSB) Chain,,4.04,102.62,1,Active,catalog-verified,FALSE,Hardened Steel Bushed (HSB) Chain,"engineered class,conveyor,bushed,hardened","M.C.H.T. sidebars,alloy HT pins/bushings",,1.375,34.92,1.25,31.75,0.875,22.22,2,50.8,9.8,14.582,"{""sidebar_thk_T_in"": ""3\u20448""}",72000,320.3,6125,27.2,,,,Webster Industries Chain Catalog (websterchain.com),,,,,,,,,HSB6472,,,
WEBSTER-HSB4933,Steel Bushed Chains,HSB4933,Webster HSB4933 Hardened Steel Bushed (HSB) Chain,,4.04,102.62,1,Active,catalog-verified,FALSE,Hardened Steel Bushed (HSB) Chain,"engineered class,conveyor,bushed,hardened","M.C.H.T. sidebars,alloy HT pins/bushings",,1.375,34.92,2.25,57.15,0.875,22.22,2,50.8,11,16.368,"{""sidebar_thk_T_in"": ""3\u20448""}",72000,320.3,9200,40.9,,,,Webster Industries Chain Catalog (websterchain.com),,,,,,,,,HSB4933,,,
WEBSTER-HSB111,Steel Bushed Chains,HSB111,Webster HSB111 Hardened Steel Bushed (HSB) Chain,,4.76,120.9,1,Active,catalog-verified,FALSE,Hardened Steel Bushed (HSB) Chain,"engineered class,conveyor,bushed,hardened","M.C.H.T. sidebars,alloy HT pins/bushings",,1.438,36.51,2.625,66.67,0.75,19.05,2,50.8,10.2,15.178,"{""sidebar_thk_T_in"": ""3\u20448""}",50000,222.4,8850,39.4,,,,Webster Industries Chain Catalog (websterchain.com),,,,,,,,,HSB111,,,
WEBSTER-HSB5131,Steel Bushed Chains,HSB5131,Webster HSB5131 Hardened Steel Bushed (HSB) Chain,,5,127.0,1,Active,catalog-verified,FALSE,Hardened Steel Bushed (HSB) Chain,"engineered class,conveyor,bushed,hardened","M.C.H.T. sidebars,alloy HT pins/bushings",,1.25,31.75,1.25,31.75,0.625,15.88,1.5,38.1,6.2,9.226,"{""sidebar_thk_T_in"": ""3\u20448""}",40000,177.9,4380,19.5,,,,Webster Industries Chain Catalog (websterchain.com),,,,,,,,,HSB5131,,,
WEBSTER-HSB1316,Steel Bushed Chains,HSB1316,Webster HSB1316 Hardened Steel Bushed (HSB) Chain,,6,152.4,1,Active,catalog-verified,FALSE,Hardened Steel Bushed (HSB) Chain,"engineered class,conveyor,bushed,hardened","M.C.H.T. sidebars,alloy HT pins/bushings",,1.25,31.75,1.375,34.92,0.625,15.88,1.5,38.1,5.9,8.779,"{""sidebar_thk_T_in"": ""3\u20448""}",40000,177.9,4650,20.7,,,,Webster Industries Chain Catalog (websterchain.com),,,,,,,,,HSB1316,,,
WEBSTER-HSB2730,Steel Bushed Chains,HSB2730,Webster HSB2730 Hardened Steel Bushed (HSB) Chain,,6,152.4,1,Active,catalog-verified,FALSE,Hardened Steel Bushed (HSB) Chain,"engineered class,conveyor,bushed,hardened","M.C.H.T. sidebars,alloy HT pins/bushings",,1.375,34.92,1.375,34.92,0.75,19.05,1.75,44.45,7.7,11.458,"{""sidebar_thk_T_in"": ""3\u20448""}",50000,222.4,5575,24.8,,,,Webster Industries Chain Catalog (websterchain.com),,,,,,,,,HSB2730,,,
WEBSTER-HSB835,Steel Bushed Chains,HSB835,Webster HSB835 Hardened Steel Bushed (HSB) Chain,,6,152.4,1,Active,catalog-verified,FALSE,Hardened Steel Bushed (HSB) Chain,"engineered class,conveyor,bushed,hardened","M.C.H.T. sidebars,alloy HT pins/bushings",,1.125,28.57,1.5,38.1,0.75,19.05,2,50.8,8.1,12.053,"{""sidebar_thk_T_in"": ""3\u20448""}",60000,266.9,5900,26.2,,,,Webster Industries Chain Catalog (websterchain.com),,,,,,,,,HSB835,,,
WEBSTER-HSB110,Steel Bushed Chains,HSB110,Webster HSB110 Hardened Steel Bushed (HSB) Chain,,6,152.4,1,Active,catalog-verified,FALSE,Hardened Steel Bushed (HSB) Chain,"engineered class,conveyor,bushed,hardened","M.C.H.T. sidebars,alloy HT pins/bushings",,1.25,31.75,2.125,53.97,0.625,15.88,1.5,38.1,6.3,9.374,"{""sidebar_thk_T_in"": ""3\u20448""}",40000,177.9,6290,28.0,,,,Webster Industries Chain Catalog (websterchain.com),,,,,,,,,HSB110,,,
WEBSTER-HSB830,Steel Bushed Chains,HSB830,Webster HSB830 Hardened Steel Bushed (HSB) Chain,,6,152.4,1,Active,catalog-verified,FALSE,Hardened Steel Bushed (HSB) Chain,"engineered class,conveyor,bushed,hardened","M.C.H.T. sidebars,alloy HT pins/bushings",,1.125,28.57,1.5,38.1,0.75,19.05,2,50.8,7.5,11.16,"{""sidebar_thk_T_in"": ""3\u20448""}",60000,266.9,5900,26.2,,,,Webster Industries Chain Catalog (websterchain.com),,,,,,,,,HSB830,,,
WEBSTER-HSB833,Steel Bushed Chains,HSB833,Webster HSB833 Hardened Steel Bushed (HSB) Chain,,6,152.4,1,Active,catalog-verified,FALSE,Hardened Steel Bushed (HSB) Chain,"engineered class,conveyor,bushed,hardened","M.C.H.T. sidebars,alloy HT pins/bushings",,1.438,36.51,2.625,66.67,0.75,19.05,2,50.8,9,13.392,"{""sidebar_thk_T_in"": ""3\u20448""}",50000,222.4,8850,39.4,,,,Webster Industries Chain Catalog (websterchain.com),,,,,,,,,HSB833,,,
WEBSTER-HSB844,Steel Bushed Chains,HSB844,Webster HSB844 Hardened Steel Bushed (HSB) Chain,,6,152.4,1,Active,catalog-verified,FALSE,Hardened Steel Bushed (HSB) Chain,"engineered class,conveyor,bushed,hardened","M.C.H.T. sidebars,alloy HT pins/bushings",,1.125,28.57,2.5,63.5,0.75,19.05,2,50.8,10.4,15.475,"{""sidebar_thk_T_in"": ""1\u20442""}",65000,289.1,9200,40.9,,,,Webster Industries Chain Catalog (websterchain.com),,,,,,,,,HSB844,,,
WEBSTER-HSB826,Steel Bushed Chains,HSB826,Webster HSB826 Hardened Steel Bushed (HSB) Chain,,6,152.4,1,Active,catalog-verified,FALSE,Hardened Steel Bushed (HSB) Chain,"engineered class,conveyor,bushed,hardened","M.C.H.T. sidebars,alloy HT pins/bushings",,1.5,38.1,2.375,60.32,0.875,22.22,2.5,63.5,14,20.832,"{""sidebar_thk_T_in"": ""3\u20448""}",95000,422.6,9570,42.6,,,,Webster Industries Chain Catalog (websterchain.com),,,,,,,,,HSB826,,,
WEBSTER-HSB860B,Steel Bushed Chains,HSB860B,Webster HSB860B Hardened Steel Bushed (HSB) Chain,,6,152.4,1,Active,catalog-verified,FALSE,Hardened Steel Bushed (HSB) Chain,"engineered class,conveyor,bushed,hardened","M.C.H.T. sidebars,alloy HT pins/bushings",,1.75,44.45,2,50.8,1,25.4,2.5,63.5,15,22.32,"{""sidebar_thk_T_in"": ""1\u20442""}",100000,444.8,10500,46.7,,,,Webster Industries Chain Catalog (websterchain.com),,,,,,,,,HSB860B,,,
WEBSTER-HSB856B,Steel Bushed Chains,HSB856B,Webster HSB856B Hardened Steel Bushed (HSB) Chain,,6,152.4,1,Active,catalog-verified,FALSE,Hardened Steel Bushed (HSB) Chain,"engineered class,conveyor,bushed,hardened","M.C.H.T. sidebars,alloy HT pins/bushings",,1.75,44.45,3,76.2,1,25.4,2.5,63.5,16.2,24.106,"{""sidebar_thk_T_in"": ""1\u20442""}",100000,444.8,14000,62.3,,,,Webster Industries Chain Catalog (websterchain.com),,,,,,,,,HSB856B,,,
WEBSTER-HSB956,Steel Bushed Chains,HSB956,Webster HSB956 Hardened Steel Bushed (HSB) Chain,,6,152.4,1,Active,catalog-verified,FALSE,Hardened Steel Bushed (HSB) Chain,"engineered class,conveyor,bushed,hardened","M.C.H.T. sidebars,alloy HT pins/bushings",,1.75,44.45,3,76.2,1,25.4,3,76.2,17.3,25.742,"{""sidebar_thk_T_in"": ""1\u20442""}",100000,444.8,14000,62.3,,,,Webster Industries Chain Catalog (websterchain.com),,,,,,,,,HSB956,,,
WEBSTER-HSB857A,Steel Bushed Chains,HSB857A,Webster HSB857A Hardened Steel Bushed (HSB) Chain,,6,152.4,1,Active,catalog-verified,FALSE,Hardened Steel Bushed (HSB) Chain,"engineered class,conveyor,bushed,hardened","M.C.H.T. sidebars,alloy HT pins/bushings",,1.75,44.45,3,76.2,1,25.4,3.25,82.55,21,31.248,"{""sidebar_thk_T_in"": ""1\u20442""}",130000,578.3,14000,62.3,,,,Webster Industries Chain Catalog (websterchain.com),,,,,,,,,HSB857A,,,
WEBSTER-HSB2858A,Steel Bushed Chains,HSB2858A,Webster HSB2858A Hardened Steel Bushed (HSB) Chain,,6,152.4,1,Active,catalog-verified,FALSE,Hardened Steel Bushed (HSB) Chain,"engineered class,conveyor,bushed,hardened","M.C.H.T. sidebars,alloy HT pins/bushings",,2.375,60.32,2.5,63.5,1.25,31.75,3.5,88.9,24.1,35.861,"{""sidebar_thk_T_in"": ""1\u20442""}",150000,667.2,15300,68.1,,,,Webster Industries Chain Catalog (websterchain.com),,,,,,,,,HSB2858A,,,
WEBSTER-HSB850,Steel Bushed Chains,HSB850,Webster HSB850 Hardened Steel Bushed (HSB) Chain,,6,152.4,1,Active,catalog-verified,FALSE,Hardened Steel Bushed (HSB) Chain,"engineered class,conveyor,bushed,hardened","M.C.H.T. sidebars,alloy HT pins/bushings",,2,50.8,2.25,57.15,0.938,23.81,3,76.2,23.5,34.968,"{""sidebar_thk_T_in"": ""5\u20448""}",200000,889.6,16000,71.2,,,,Webster Industries Chain Catalog (websterchain.com),,,,,,,,,HSB850,,,
WEBSTER-HSB859B,Steel Bushed Chains,HSB859B,Webster HSB859B Hardened Steel Bushed (HSB) Chain,,6,152.4,1,Active,catalog-verified,FALSE,Hardened Steel Bushed (HSB) Chain,"engineered class,conveyor,bushed,hardened","M.C.H.T. sidebars,alloy HT pins/bushings",,2.375,60.32,3.75,95.25,1.25,31.75,4,101.6,34,50.592,"{""sidebar_thk_T_in"": ""5\u20448""}",200000,889.6,21875,97.3,,,,Webster Industries Chain Catalog (websterchain.com),,,,,,,,,HSB859B,,,
WEBSTER-HSB1654,Steel Bushed Chains,HSB1654,Webster HSB1654 Hardened Steel Bushed (HSB) Chain,,6,152.4,1,Active,catalog-verified,FALSE,Hardened Steel Bushed (HSB) Chain,"engineered class,conveyor,bushed,hardened","M.C.H.T. sidebars,alloy HT pins/bushings",,2.5,63.5,2.25,57.15,1.5,38.1,4,101.6,32,47.616,"{""sidebar_thk_T_in"": ""5\u20448""}",230000,1023.1,18375,81.7,,,,Webster Industries Chain Catalog (websterchain.com),,,,,,,,,HSB1654,,,
WEBSTER-HSB851,Steel Bushed Chains,HSB851,Webster HSB851 Hardened Steel Bushed (HSB) Chain,,6,152.4,1,Active,catalog-verified,FALSE,Hardened Steel Bushed (HSB) Chain,"engineered class,conveyor,bushed,hardened","M.C.H.T. sidebars,alloy HT pins/bushings",,2.375,60.32,2.75,69.85,1.75,44.45,3.5,88.9,30,44.64,"{""sidebar_thk_T_in"": ""5\u20448""}",200000,889.6,24500,109.0,,,,Webster Industries Chain Catalog (websterchain.com),,,,,,,,,HSB851,,,
WEBSTER-HSB150,Steel Bushed Chains,HSB150,Webster HSB150 Hardened Steel Bushed (HSB) Chain,,6.05,153.67,1,Active,catalog-verified,FALSE,Hardened Steel Bushed (HSB) Chain,"engineered class,conveyor,bushed,hardened","M.C.H.T. sidebars,alloy HT pins/bushings",,1.75,44.45,3.375,85.72,1,25.4,2.5,63.5,16.6,24.701,"{""sidebar_thk_T_in"": ""1\u20442""}",100000,444.8,15100,67.2,,,,Webster Industries Chain Catalog (websterchain.com),,,,,,,,,HSB150,,,
WEBSTER-HSB864B,Steel Bushed Chains,HSB864B,Webster HSB864B Hardened Steel Bushed (HSB) Chain,,7,177.8,1,Active,catalog-verified,FALSE,Hardened Steel Bushed (HSB) Chain,"engineered class,conveyor,bushed,hardened","M.C.H.T. sidebars,alloy HT pins/bushings",,2.375,60.32,3.75,95.25,1.25,31.75,4,101.6,32,47.616,"{""sidebar_thk_T_in"": ""5\u20448""}",200000,889.6,21875,97.3,,,,Webster Industries Chain Catalog (websterchain.com),,,,,,,,,HSB864B,,,
WEBSTER-HSB984,Steel Bushed Chains,HSB984,Webster HSB984 Hardened Steel Bushed (HSB) Chain,,7,177.8,1,Active,catalog-verified,FALSE,Hardened Steel Bushed (HSB) Chain,"engineered class,conveyor,bushed,hardened","M.C.H.T. sidebars,alloy HT pins/bushings",,2.5,63.5,3.75,95.25,1.375,34.92,4,101.6,31,46.128,"{""sidebar_thk_T_in"": ""5\u20448""}",200000,889.6,24000,106.8,,,,Webster Industries Chain Catalog (websterchain.com),,,,,,,,,HSB984,,,
WEBSTER-HSB2866,Steel Bushed Chains,HSB2866,Webster HSB2866 Hardened Steel Bushed (HSB) Chain,,7,177.8,1,Active,catalog-verified,FALSE,Hardened Steel Bushed (HSB) Chain,"engineered class,conveyor,bushed,hardened","M.C.H.T. sidebars,alloy HT pins/bushings",,2.375,60.32,4.5,114.3,1.36,34.54,4,101.6,35.4,52.675,"{""sidebar_thk_T_in"": ""5\u20448""}",200000,889.6,27370,121.7,,,,Webster Industries Chain Catalog (websterchain.com),,,,,,,,,HSB2866,,,
WEBSTER-HSB886,Steel Bushed Chains,HSB886,Webster HSB886 Hardened Steel Bushed (HSB) Chain,,7,177.8,1,Active,catalog-verified,FALSE,Hardened Steel Bushed (HSB) Chain,"engineered class,conveyor,bushed,hardened","M.C.H.T. sidebars,alloy HT pins/bushings",,2.625,66.67,2.75,69.85,1.625,41.27,4,101.6,42,62.496,"{""sidebar_thk_T_in"": ""3\u20444""}",350000,1556.9,24200,107.6,,,,Webster Industries Chain Catalog (websterchain.com),,,,,,,,,HSB886,,,
WEBSTER-HSB187,Steel Bushed Chains,HSB187,Webster HSB187 Hardened Steel Bushed (HSB) Chain,,8,203.2,1,Active,catalog-verified,FALSE,Hardened Steel Bushed (HSB) Chain,"engineered class,conveyor,bushed,hardened","M.C.H.T. sidebars,alloy HT pins/bushings",,0.875,22.22,0.688,17.46,0.5,12.7,1.125,28.57,2.5,3.72,"{""sidebar_thk_T_in"": ""1\u20444""}",25000,111.2,2730,12.1,,,,Webster Industries Chain Catalog (websterchain.com),,,,,,,,,HSB187,,,
WEBSTER-HSB1856,Steel Bushed Chains,HSB1856,Webster HSB1856 Hardened Steel Bushed (HSB) Chain,,8,203.2,1,Active,catalog-verified,FALSE,Hardened Steel Bushed (HSB) Chain,"engineered class,conveyor,bushed,hardened","M.C.H.T. sidebars,alloy HT pins/bushings",,1.75,44.45,3,76.2,1,25.4,2.5,63.5,13.9,20.683,"{""sidebar_thk_T_in"": ""1\u20442""}",100000,444.8,14000,62.3,,,,Webster Industries Chain Catalog (websterchain.com),,,,,,,,,HSB1856,,,
WEBSTER-HSB1219,Steel Bushed Chains,HSB1219,Webster HSB1219 Hardened Steel Bushed (HSB) Chain,,9,228.6,1,Active,catalog-verified,FALSE,Hardened Steel Bushed (HSB) Chain,"engineered class,conveyor,bushed,hardened","M.C.H.T. sidebars,alloy HT pins/bushings",,1.438,36.51,2.625,66.67,0.75,19.05,2,50.8,8,11.904,"{""sidebar_thk_T_in"": ""3\u20448""}",50000,222.4,8850,39.4,,,,Webster Industries Chain Catalog (websterchain.com),,,,,,,,,HSB1219,,,
WEBSTER-HSB9124,Steel Bushed Chains,HSB9124,Webster HSB9124 Hardened Steel Bushed (HSB) Chain,,9,228.6,1,Active,catalog-verified,FALSE,Hardened Steel Bushed (HSB) Chain,"engineered class,conveyor,bushed,hardened","M.C.H.T. sidebars,alloy HT pins/bushings",,1.75,44.45,2,50.8,1,25.4,2.5,63.5,12.8,19.046,"{""sidebar_thk_T_in"": ""1\u20442""}",100000,444.8,10500,46.7,,,,Webster Industries Chain Catalog (websterchain.com),,,,,,,,,HSB9124,,,
WEBSTER-HSB1956,Steel Bushed Chains,HSB1956,Webster HSB1956 Hardened Steel Bushed (HSB) Chain,,9,228.6,1,Active,catalog-verified,FALSE,Hardened Steel Bushed (HSB) Chain,"engineered class,conveyor,bushed,hardened","M.C.H.T. sidebars,alloy HT pins/bushings",,1.75,44.45,3,76.2,1,25.4,2.5,63.5,13.1,19.493,"{""sidebar_thk_T_in"": ""1\u20442""}",100000,444.8,14000,62.3,,,,Webster Industries Chain Catalog (websterchain.com),,,,,,,,,HSB1956,,,
WEBSTER-HSB9150,Steel Bushed Chains,HSB9150,Webster HSB9150 Hardened Steel Bushed (HSB) Chain,,9,228.6,1,Active,catalog-verified,FALSE,Hardened Steel Bushed (HSB) Chain,"engineered class,conveyor,bushed,hardened","M.C.H.T. sidebars,alloy HT pins/bushings",,1.75,44.45,3.375,85.72,1,25.4,2.5,63.5,14.1,20.981,"{""sidebar_thk_T_in"": ""1\u20442""}",100000,444.8,15100,67.2,,,,Webster Industries Chain Catalog (websterchain.com),,,,,,,,,HSB9150,,,
WEBSTER-HSB1903,Steel Bushed Chains,HSB1903,Webster HSB1903 Hardened Steel Bushed (HSB) Chain,,9,228.6,1,Active,catalog-verified,FALSE,Hardened Steel Bushed (HSB) Chain,"engineered class,conveyor,bushed,hardened","M.C.H.T. sidebars,alloy HT pins/bushings",,1.75,44.45,3.375,85.72,1,25.4,3,76.2,16.7,24.85,"{""sidebar_thk_T_in"": ""1\u20442""}",110000,489.3,15100,67.2,,,,Webster Industries Chain Catalog (websterchain.com),,,,,,,,,HSB1903,,,
WEBSTER-HSB959,Steel Bushed Chains,HSB959,Webster HSB959 Hardened Steel Bushed (HSB) Chain,,9,228.6,1,Active,catalog-verified,FALSE,Hardened Steel Bushed (HSB) Chain,"engineered class,conveyor,bushed,hardened","M.C.H.T. sidebars,alloy HT pins/bushings",,2.375,60.32,3.75,95.25,1.25,31.75,3.5,88.9,28.2,41.962,"{""sidebar_thk_T_in"": ""5\u20448""}",200000,889.6,21875,97.3,,,,Webster Industries Chain Catalog (websterchain.com),,,,,,,,,HSB959,,,
WEBSTER-HSB964,Steel Bushed Chains,HSB964,Webster HSB964 Hardened Steel Bushed (HSB) Chain,,9,228.6,1,Active,catalog-verified,FALSE,Hardened Steel Bushed (HSB) Chain,"engineered class,conveyor,bushed,hardened","M.C.H.T. sidebars,alloy HT pins/bushings",,2.375,60.32,3.75,95.25,1.25,31.75,4,101.6,26.9,40.027,"{""sidebar_thk_T_in"": ""5\u20448""}",200000,889.6,21875,97.3,,,,Webster Industries Chain Catalog (websterchain.com),,,,,,,,,HSB964,,,
WEBSTER-HSB6322,Steel Bushed Chains,HSB6322,Webster HSB6322 Hardened Steel Bushed (HSB) Chain,,12,304.8,1,Active,catalog-verified,FALSE,Hardened Steel Bushed (HSB) Chain,"engineered class,conveyor,bushed,hardened","M.C.H.T. sidebars,alloy HT pins/bushings",,1.5,38.1,2,50.8,0.75,19.05,2,50.8,7.1,10.565,"{""sidebar_thk_T_in"": ""3\u20448""}",50000,222.4,7200,32.0,,,,Webster Industries Chain Catalog (websterchain.com),,,,,,,,,HSB6322,,,
WEBSTER-HSB6102H,Steel Bushed Chains,HSB6102H,Webster HSB6102H Hardened Steel Bushed (HSB) Chain,,12,304.8,1,Active,catalog-verified,FALSE,Hardened Steel Bushed (HSB) Chain,"engineered class,conveyor,bushed,hardened","M.C.H.T. sidebars,alloy HT pins/bushings",,1.375,34.92,2.188,55.56,0.75,19.05,2,50.8,7,10.416,"{""sidebar_thk_T_in"": ""3\u20448""}",50000,222.4,7700,34.3,,,,Webster Industries Chain Catalog (websterchain.com),,,,,,,,,HSB6102H,,,H suffix here = '1/2' embedded fraction (e.g. HSB102H = HSB102 1/2).
WEBSTER-HSB6124,Steel Bushed Chains,HSB6124,Webster HSB6124 Hardened Steel Bushed (HSB) Chain,,12,304.8,1,Active,catalog-verified,FALSE,Hardened Steel Bushed (HSB) Chain,"engineered class,conveyor,bushed,hardened","M.C.H.T. sidebars,alloy HT pins/bushings",,1.75,44.45,2.5,63.5,1,25.4,2.5,63.5,11.7,17.41,"{""sidebar_thk_T_in"": ""1\u20442""}",100000,444.8,10500,46.7,,,,Webster Industries Chain Catalog (websterchain.com),,,,,,,,,HSB6124,,,
WEBSTER-HSB852,Steel Bushed Chains,HSB852,Webster HSB852 Hardened Steel Bushed (HSB) Chain,,12,304.8,1,Active,catalog-verified,FALSE,Hardened Steel Bushed (HSB) Chain,"engineered class,conveyor,bushed,hardened","M.C.H.T. sidebars,alloy HT pins/bushings",,1.75,44.45,3.375,85.72,1,25.4,2,50.8,12.6,18.749,"{""sidebar_thk_T_in"": ""1\u20442""}",100000,444.8,15100,67.2,,,,Webster Industries Chain Catalog (websterchain.com),,,,,,,,,HSB852,,,
WEBSTER-HSB1259,Steel Bushed Chains,HSB1259,Webster HSB1259 Hardened Steel Bushed (HSB) Chain,,12,304.8,1,Active,catalog-verified,FALSE,Hardened Steel Bushed (HSB) Chain,"engineered class,conveyor,bushed,hardened","M.C.H.T. sidebars,alloy HT pins/bushings",,2.375,60.32,3.75,95.25,1.25,31.75,3.5,88.9,25.2,37.498,"{""sidebar_thk_T_in"": ""5\u20448""}",200000,889.6,21875,97.3,,,,Webster Industries Chain Catalog (websterchain.com),,,,,,,,,HSB1259,,,
WEBSTER-TS856,Steel Bushed Chains,TS856,Webster TS856 TS Hardened Steel Bushed Chain,,6,152.4,1,Active,catalog-verified,FALSE,TS Hardened Steel Bushed Chain,"engineered class,conveyor,bushed,hardened","M.C.H.T. sidebars,alloy HT pins/bushings",,1.75,44.45,3,76.2,1,25.4,2.5,63.5,16.2,24.106,"{""sidebar_thk_T_in"": ""1\u20442"", ""to_cotter_K_in"": ""3"", ""to_head_J_in"": ""227\u204432""}",150000,667.2,14000,62.3,,,,Webster Industries Chain Catalog (websterchain.com),,,,,,,,,TS856,,,
WEBSTER-TS956,Steel Bushed Chains,TS956,Webster TS956 TS Hardened Steel Bushed Chain,,6,152.4,1,Active,catalog-verified,FALSE,TS Hardened Steel Bushed Chain,"engineered class,conveyor,bushed,hardened","M.C.H.T. sidebars,alloy HT pins/bushings",,1.75,44.45,3,76.2,1,25.4,3,76.2,17.3,25.742,"{""sidebar_thk_T_in"": ""1\u20442"", ""to_cotter_K_in"": ""3"", ""to_head_J_in"": ""227\u204432""}",150000,667.2,14000,62.3,,,,Webster Industries Chain Catalog (websterchain.com),,,,,,,,,TS956,,,
WEBSTER-TS857,Steel Bushed Chains,TS857,Webster TS857 TS Hardened Steel Bushed Chain,,6,152.4,1,Active,catalog-verified,FALSE,TS Hardened Steel Bushed Chain,"engineered class,conveyor,bushed,hardened","M.C.H.T. sidebars,alloy HT pins/bushings",,1.75,44.45,3,76.2,1,25.4,3.25,82.55,21,31.248,"{""sidebar_thk_T_in"": ""1\u20442"", ""to_cotter_K_in"": ""35\u204432"", ""to_head_J_in"": ""227\u204432""}",150000,667.2,14000,62.3,,,,Webster Industries Chain Catalog (websterchain.com),,,,,,,,,TS857,,,
WEBSTER-TS859,Steel Bushed Chains,TS859,Webster TS859 TS Hardened Steel Bushed Chain,,6,152.4,1,Active,catalog-verified,FALSE,TS Hardened Steel Bushed Chain,"engineered class,conveyor,bushed,hardened","M.C.H.T. sidebars,alloy HT pins/bushings",,2.375,60.32,3.75,95.25,1.25,31.75,4,101.6,34,50.592,"{""sidebar_thk_T_in"": ""5\u20448"", ""to_cotter_K_in"": ""325\u204432"", ""to_head_J_in"": ""315\u204432""}",250000,1112.1,21875,97.3,,,,Webster Industries Chain Catalog (websterchain.com),,,,,,,,,TS859,,,
MAC-WR78XHD,Welded Steel Chains,WR78XHD,MAC WR78XHD Offset Sidebar Welded Steel Mill Chain,,2.64,67.06,1,Active,catalog-verified,TRUE,Offset Sidebar Welded Steel Mill Chain,"sawmill,forestry,lumber,mill,welded steel,conveyor","carbon steel,heat-treated",,1.05,26.67,,,0.562,14.29,1.25,31.75,6.3,9.374,"{""overall_width_in"": ""3 9/32"", ""length_bearing_in"": ""2"", ""sidebar_thk_in"": ""3/8"", ""max_sprocket_thk_in"": ""1""}",32700,145.5,,,,,,MAC Chain 2019 Product Catalog (macchain.com),,,,WR78XHD,,,,,,,,MAC catalog lists two ultimate strengths for this number: 32700 lbs and 38500 lbs (heat-treated WH vs standard). tensile_lbs uses the base value; verify WR/WH column assignment.
MAC-WR78-4,Welded Steel Chains,WR78-4,MAC WR78-4 Offset Sidebar Welded Steel Mill Chain,,4,101.6,1,Active,catalog-verified,TRUE,Offset Sidebar Welded Steel Mill Chain,"sawmill,forestry,lumber,mill,welded steel,conveyor","carbon steel,heat-treated",,0.84,21.34,,,0.5,12.7,1.25,31.75,3.4,5.059,"{""overall_width_in"": ""3"", ""length_bearing_in"": ""2"", ""sidebar_thk_in"": ""1/4"", ""max_sprocket_thk_in"": ""1""}",29800,132.6,,,,,,MAC Chain 2019 Product Catalog (macchain.com),,,,WR78-4,,,,,,,,MAC catalog lists two ultimate strengths for this number: 29800 lbs and 34000 lbs (heat-treated WH vs standard). tensile_lbs uses the base value; verify WR/WH column assignment.
MAC-WR82XHD,Welded Steel Chains,WR82XHD,MAC WR82XHD Offset Sidebar Welded Steel Mill Chain,,3.075,78.11,1,Active,catalog-verified,TRUE,Offset Sidebar Welded Steel Mill Chain,"sawmill,forestry,lumber,mill,welded steel,conveyor","carbon steel,heat-treated",,1.25,31.75,,,0.75,19.05,1.5,38.1,8.4,12.499,"{""overall_width_in"": ""3 13/16"", ""length_bearing_in"": ""2 3/8"", ""sidebar_thk_in"": ""3/8"", ""max_sprocket_thk_in"": ""1 1/8""}",50400,224.2,,,,,,MAC Chain 2019 Product Catalog (macchain.com),,,,WR82XHD,,,,,,,,MAC catalog lists two ultimate strengths for this number: 50400 lbs and 60000 lbs (heat-treated WH vs standard). tensile_lbs uses the base value; verify WR/WH column assignment.
MAC-WR124XHD,Welded Steel Chains,WR124XHD,MAC WR124XHD Offset Sidebar Welded Steel Mill Chain,,4.05,102.87,1,Active,catalog-verified,TRUE,Offset Sidebar Welded Steel Mill Chain,"sawmill,forestry,lumber,mill,welded steel,conveyor","carbon steel,heat-treated",,1.66,42.16,,,1,25.4,2.5,63.5,14.5,21.576,"{""overall_width_in"": ""4 7/8"", ""length_bearing_in"": ""3"", ""max_sprocket_thk_in"": ""1 1/2""}",85500,380.3,,,,,,MAC Chain 2019 Product Catalog (macchain.com),,,,WR124XHD,,,,,,,,MAC catalog lists two ultimate strengths for this number: 85500 lbs and 121500 lbs (heat-treated WH vs standard). tensile_lbs uses the base value; verify WR/WH column assignment.
MAC-WR106XHD,Welded Steel Chains,WR106XHD,MAC WR106XHD Offset Sidebar Welded Steel Mill Chain,,6.05,153.67,1,Active,catalog-verified,TRUE,Offset Sidebar Welded Steel Mill Chain,"sawmill,forestry,lumber,mill,welded steel,conveyor","carbon steel,heat-treated",,1.66,42.16,,,1,25.4,2.5,63.5,11.5,17.112,"{""overall_width_in"": ""4 7/8"", ""length_bearing_in"": ""3"", ""max_sprocket_thk_in"": ""1 1/2""}",85500,380.3,,,,,,MAC Chain 2019 Product Catalog (macchain.com),,,,WR106XHD,,,,,,,,MAC catalog lists two ultimate strengths for this number: 85500 lbs and 121500 lbs (heat-treated WH vs standard). tensile_lbs uses the base value; verify WR/WH column assignment.
MAC-WR132XHD,Welded Steel Chains,WR132XHD,MAC WR132XHD Offset Sidebar Welded Steel Mill Chain,,6.05,153.67,1,Active,catalog-verified,TRUE,Offset Sidebar Welded Steel Mill Chain,"sawmill,forestry,lumber,mill,welded steel,conveyor","carbon steel,heat-treated",,1.66,42.16,,,1,25.4,2.625,66.67,15.9,23.659,"{""overall_width_in"": ""6 3/4"", ""length_bearing_in"": ""4 11/16"", ""max_sprocket_thk_in"": ""3 1/8""}",118500,527.1,,,,,,MAC Chain 2019 Product Catalog (macchain.com),,,,WR132XHD,,,,,,,,MAC catalog lists two ultimate strengths for this number: 118500 lbs and 142000 lbs (heat-treated WH vs standard). tensile_lbs uses the base value; verify WR/WH column assignment.
MAC-WR150XHD,Welded Steel Chains,WR150XHD,MAC WR150XHD Offset Sidebar Welded Steel Mill Chain,,6.05,153.67,1,Active,catalog-verified,TRUE,Offset Sidebar Welded Steel Mill Chain,"sawmill,forestry,lumber,mill,welded steel,conveyor","carbon steel,heat-treated",,1.66,42.16,,,1,25.4,2.5,63.5,18,26.784,"{""overall_width_in"": ""6 3/4"", ""length_bearing_in"": ""4 11/16"", ""sidebar_thk_in"": ""5/8"", ""max_sprocket_thk_in"": ""2 3/4""}",122000,542.7,,,,,,MAC Chain 2019 Product Catalog (macchain.com),,,,WR150XHD,,,,,,,,MAC catalog lists two ultimate strengths for this number: 122000 lbs and 148000 lbs (heat-treated WH vs standard). tensile_lbs uses the base value; verify WR/WH column assignment.
MAC-WRC131,Welded Steel Chains,WRC131,MAC WRC131 Straight Sidebar Welded Steel Mill Chain (C-type),,3.075,78.11,1,Active,catalog-verified,TRUE,Straight Sidebar Welded Steel Mill Chain (C-type),"sawmill,forestry,lumber,mill,welded steel,conveyor","carbon steel,heat-treated,heat-treated rivets",,1.25,31.75,,,0.75,19.05,1.5,38.1,8.4,12.499,"{""overall_width_in"": ""3 9/16"", ""length_bearing_in"": ""2 1/8"", ""sidebar_thk_in"": ""3/8"", ""max_sprocket_thk_in"": ""1 1/8""}",50400,224.2,8400,37.4,,,,MAC Chain 2019 Product Catalog (macchain.com),,,WRC131,WRC131,,,,,,,,"MAC catalog lists two ultimate strengths for this number: 50400 lbs and 57000 lbs (heat-treated WH vs standard). tensile_lbs uses the base value; verify WR/WH column assignment. | MERGE CONFLICT with canam — kept baseline, both values: weight_lbs_ft: 8.4 (macchain) vs 6.8 (canam)."
MAC-WRC124,Welded Steel Chains,WRC124,MAC WRC124 Straight Sidebar Welded Steel Mill Chain (C-type),,4,101.6,1,Active,catalog-verified,TRUE,Straight Sidebar Welded Steel Mill Chain (C-type),"sawmill,forestry,lumber,mill,welded steel,conveyor","carbon steel,heat-treated,heat-treated rivets",,1.25,31.75,,,0.75,19.05,1.5,38.1,8,11.904,"{""overall_width_in"": ""4 1/4"", ""length_bearing_in"": ""2 13/16"", ""sidebar_thk_in"": ""3/8"", ""max_sprocket_thk_in"": ""1 1/2""}",50400,224.2,8400,37.4,,,,MAC Chain 2019 Product Catalog (macchain.com),,,WRC124,WRC124,,,,,,,,"MAC catalog lists two ultimate strengths for this number: 50400 lbs and 57000 lbs (heat-treated WH vs standard). tensile_lbs uses the base value; verify WR/WH column assignment. | MERGE CONFLICT with canam — kept baseline, both values: weight_lbs_ft: 8 (macchain) vs 7.8 (canam)."
MAC-WRC124XHD,Welded Steel Chains,WRC124XHD,MAC WRC124XHD Straight Sidebar Welded Steel Mill Chain (C-type),,4.05,102.87,1,Active,catalog-verified,TRUE,Straight Sidebar Welded Steel Mill Chain (C-type),"sawmill,forestry,lumber,mill,welded steel,conveyor","carbon steel,heat-treated,heat-treated rivets",,1.66,42.16,,,1,25.4,2.5,63.5,14.5,21.576,"{""overall_width_in"": ""4 7/8"", ""length_bearing_in"": ""3"", ""max_sprocket_thk_in"": ""1 1/2""}",85500,380.3,14200,63.2,,,,MAC Chain 2019 Product Catalog (macchain.com),,,WRC124XHD,WRC124XHD,,,,,,,,"MAC catalog lists two ultimate strengths for this number: 85500 lbs and 122700 lbs (heat-treated WH vs standard). tensile_lbs uses the base value; verify WR/WH column assignment. | MERGE CONFLICT with canam — kept baseline, both values: pitch_in: 4.05 (macchain) vs 4.063 (canam); pitch_mm: 102.87 (macchain) vs 103.2 (canam); roller_dia_in: 1.66 (macchain) vs 1.625 (canam); plate_height_in: 2.5 (macchain) vs 2 (canam); weight_lbs_ft: 14.5 (macchain) vs 14.6 (canam); tensile_lbs: 85500 (macchain) vs 85000 (canam); tensile_kn: 380.3 (macchain) vs 378.1 (canam)."
MAC-WRC111,Welded Steel Chains,WRC111,MAC WRC111 Straight Sidebar Welded Steel Mill Chain (C-type),,4.76,120.9,1,Active,catalog-verified,TRUE,Straight Sidebar Welded Steel Mill Chain (C-type),"sawmill,forestry,lumber,mill,welded steel,conveyor","carbon steel,heat-treated,heat-treated rivets",,1.25,31.75,,,0.75,19.05,1.75,44.45,8.6,12.797,"{""overall_width_in"": ""4 13/16"", ""length_bearing_in"": ""3 3/8"", ""sidebar_thk_in"": ""3/8"", ""max_sprocket_thk_in"": ""2""}",50400,224.2,8400,37.4,,,,MAC Chain 2019 Product Catalog (macchain.com),,,WRC111,WRC111,,,,,,,,MAC catalog lists two ultimate strengths for this number: 50400 lbs and 57000 lbs (heat-treated WH vs standard). tensile_lbs uses the base value; verify WR/WH column assignment. | MERGED on chain_number with canam.
MAC-WRC110,Welded Steel Chains,WRC110,MAC WRC110 Straight Sidebar Welded Steel Mill Chain (C-type),,6,152.4,1,Active,catalog-verified,TRUE,Straight Sidebar Welded Steel Mill Chain (C-type),"sawmill,forestry,lumber,mill,welded steel,conveyor","carbon steel,heat-treated,heat-treated rivets",,1.25,31.75,,,0.75,19.05,1.5,38.1,6.4,9.523,"{""overall_width_in"": ""4 1/4"", ""length_bearing_in"": ""2 13/16"", ""sidebar_thk_in"": ""3/8"", ""max_sprocket_thk_in"": ""1 1/2""}",50400,224.2,8400,37.4,,,,MAC Chain 2019 Product Catalog (macchain.com),,,WRC110,WRC110,,,,,,,,"MAC catalog lists two ultimate strengths for this number: 50400 lbs and 57000 lbs (heat-treated WH vs standard). tensile_lbs uses the base value; verify WR/WH column assignment. | MERGE CONFLICT with canam — kept baseline, both values: weight_lbs_ft: 6.4 (macchain) vs 7.2 (canam)."
MAC-WRC110XHD,Welded Steel Chains,WRC110XHD,MAC WRC110XHD Straight Sidebar Welded Steel Mill Chain (C-type),,6.05,153.67,1,Active,catalog-verified,TRUE,Straight Sidebar Welded Steel Mill Chain (C-type),"sawmill,forestry,lumber,mill,welded steel,conveyor","carbon steel,heat-treated,heat-treated rivets",,1.66,42.16,,,1,25.4,2.5,63.5,11.5,17.112,"{""overall_width_in"": ""4 7/8"", ""length_bearing_in"": ""3"", ""max_sprocket_thk_in"": ""1 1/2""}",85500,380.3,14200,63.2,,,,MAC Chain 2019 Product Catalog (macchain.com),,,WRC110XHD,WRC110XHD,,,,,,,,"MAC catalog lists two ultimate strengths for this number: 85500 lbs and 122000 lbs (heat-treated WH vs standard). tensile_lbs uses the base value; verify WR/WH column assignment. | MERGE CONFLICT with canam — kept baseline, both values: roller_dia_in: 1.66 (macchain) vs 1.75 (canam); plate_height_in: 2.5 (macchain) vs 2 (canam); weight_lbs_ft: 11.5 (macchain) vs 11.8 (canam); tensile_lbs: 85500 (macchain) vs 85000 (canam); tensile_kn: 380.3 (macchain) vs 378.1 (canam)."
MAC-WRC132,Welded Steel Chains,WRC132,MAC WRC132 Straight Sidebar Welded Steel Mill Chain (C-type),,6.05,153.67,1,Active,catalog-verified,TRUE,Straight Sidebar Welded Steel Mill Chain (C-type),"sawmill,forestry,lumber,mill,welded steel,conveyor","carbon steel,heat-treated,heat-treated rivets",,1.66,42.16,,,1,25.4,2.5,63.5,13,19.344,"{""overall_width_in"": ""6 1/4"", ""length_bearing_in"": ""4 7/16"", ""max_sprocket_thk_in"": ""3 1/8""}",85500,380.3,14100,62.7,,,,MAC Chain 2019 Product Catalog (macchain.com),,,WRC132,WRC132,,,,,,,,"MAC catalog lists two ultimate strengths for this number: 85500 lbs and 122000 lbs (heat-treated WH vs standard). tensile_lbs uses the base value; verify WR/WH column assignment. | MERGE CONFLICT with canam — kept baseline, both values: roller_dia_in: 1.66 (macchain) vs 1.75 (canam); plate_height_in: 2.5 (macchain) vs 2 (canam); weight_lbs_ft: 13 (macchain) vs 14.1 (canam)."
MAC-WRC132XHD,Welded Steel Chains,WRC132XHD,MAC WRC132XHD Straight Sidebar Welded Steel Mill Chain (C-type),,6.05,153.67,1,Active,catalog-verified,TRUE,Straight Sidebar Welded Steel Mill Chain (C-type),"sawmill,forestry,lumber,mill,welded steel,conveyor","carbon steel,heat-treated,heat-treated rivets",,1.66,42.16,,,1,25.4,2.625,66.67,15.9,23.659,"{""overall_width_in"": ""6 3/4"", ""length_bearing_in"": ""4 11/16"", ""max_sprocket_thk_in"": ""3 1/8""}",118500,527.1,20000,89.0,,,,MAC Chain 2019 Product Catalog (macchain.com),,,WRC132XHD,WRC132XHD,,,,,,,,"MAC catalog lists two ultimate strengths for this number: 118500 lbs and 142000 lbs (heat-treated WH vs standard). tensile_lbs uses the base value; verify WR/WH column assignment. | MERGE CONFLICT with canam — kept baseline, both values: roller_dia_in: 1.66 (macchain) vs 1.75 (canam); plate_height_in: 2.625 (macchain) vs 2 (canam); weight_lbs_ft: 15.9 (macchain) vs 15.3 (canam); tensile_lbs: 118500 (macchain) vs 120000 (canam); tensile_kn: 527.1 (macchain) vs 533.8 (canam)."
MAC-WRC150,Welded Steel Chains,WRC150,MAC WRC150 Straight Sidebar Welded Steel Mill Chain (C-type),,6.05,153.67,1,Active,catalog-verified,TRUE,Straight Sidebar Welded Steel Mill Chain (C-type),"sawmill,forestry,lumber,mill,welded steel,conveyor","carbon steel,heat-treated,heat-treated rivets",,1.66,42.16,,,1,25.4,2.5,63.5,15.5,23.064,"{""overall_width_in"": ""6 1/4"", ""length_bearing_in"": ""4 7/16"", ""sidebar_thk_in"": ""1/2"", ""max_sprocket_thk_in"": ""3 1/8""}",120000,533.8,19000,84.5,,,,MAC Chain 2019 Product Catalog (macchain.com),,,WRC150,WRC150,,,,,,,,"MAC catalog lists two ultimate strengths for this number: 120000 lbs and 144000 lbs (heat-treated WH vs standard). tensile_lbs uses the base value; verify WR/WH column assignment. | MERGE CONFLICT with canam — kept baseline, both values: roller_dia_in: 1.66 (macchain) vs 1.75 (canam); weight_lbs_ft: 15.5 (macchain) vs 16.3 (canam)."
MAC-WRC150XHD,Welded Steel Chains,WRC150XHD,MAC WRC150XHD Straight Sidebar Welded Steel Mill Chain (C-type),,6.05,153.67,1,Active,catalog-verified,TRUE,Straight Sidebar Welded Steel Mill Chain (C-type),"sawmill,forestry,lumber,mill,welded steel,conveyor","carbon steel,heat-treated",,1.66,42.16,,,1,25.4,2.5,63.5,18,26.784,"{""overall_width_in"": ""6 3/4"", ""length_bearing_in"": ""4 11/16"", ""sidebar_thk_in"": ""5/8"", ""max_sprocket_thk_in"": ""3 1/8""}",122500,544.9,,,,,,MAC Chain 2019 Product Catalog (macchain.com),,,,WRC150XHD,,,,,,,,MAC catalog lists two ultimate strengths for this number: 122500 lbs and 148000 lbs (heat-treated WH vs standard). tensile_lbs uses the base value; verify WR/WH column assignment.
MAC-WD118XHD,Drag / Scraper Chains,WD118XHD,MAC WD118XHD Welded Steel Drag Chain,,8,203.2,1,Active,catalog-verified,TRUE,Welded Steel Drag Chain,"sawmill,refuse,hog fuel,drag conveyor,welded steel","carbon steel,heat-treated",,,,,,1,25.4,2.625,66.67,21,31.248,"{""overall_width_in"": ""17 3/8"", ""length_bearing_in"": ""15 1/8"", ""max_sprocket_thk_in"": ""13 1/4""}",122000,542.7,,,,,,MAC Chain 2019 Product Catalog (macchain.com),,,,WD118XHD,,,,,,,,MAC catalog lists two ultimate strengths for this number: 122000 lbs and 146000 lbs (heat-treated WH vs standard). tensile_lbs uses the base value; verify WR/WH column assignment.
MAC-WD120,Drag / Scraper Chains,WD120,MAC WD120 Welded Steel Drag Chain,,6,152.4,1,Active,catalog-verified,TRUE,Welded Steel Drag Chain,"sawmill,refuse,hog fuel,drag conveyor,welded steel","carbon steel,heat-treated",,,,,,1,25.4,2.5,63.5,18,26.784,"{""overall_width_in"": ""12"", ""length_bearing_in"": ""10 1/4"", ""max_sprocket_thk_in"": ""8 3/4""}",85000,378.1,,,,,,MAC Chain 2019 Product Catalog (macchain.com),,,,WD120,,,,,,,,MAC catalog lists two ultimate strengths for this number: 85000 lbs and 102000 lbs (heat-treated WH vs standard). tensile_lbs uses the base value; verify WR/WH column assignment.
MAC-WD120XHD,Drag / Scraper Chains,WD120XHD,MAC WD120XHD Welded Steel Drag Chain,,6,152.4,1,Active,catalog-verified,TRUE,Welded Steel Drag Chain,"sawmill,refuse,hog fuel,drag conveyor,welded steel","carbon steel,heat-treated",,,,,,1,25.4,2.625,66.67,21,31.248,"{""overall_width_in"": ""12 3/4"", ""length_bearing_in"": ""10 1/2"", ""max_sprocket_thk_in"": ""8 3/4""}",122000,542.7,,,,,,MAC Chain 2019 Product Catalog (macchain.com),,,,WD120XHD,,,,,,,,MAC catalog lists two ultimate strengths for this number: 122000 lbs and 146000 lbs (heat-treated WH vs standard). tensile_lbs uses the base value; verify WR/WH column assignment.
MAC-WD122XHD,Drag / Scraper Chains,WD122XHD,MAC WD122XHD Welded Steel Drag Chain,,8,203.2,1,Active,catalog-verified,TRUE,Welded Steel Drag Chain,"sawmill,refuse,hog fuel,drag conveyor,welded steel","carbon steel,heat-treated",,,,,,1,25.4,2.625,66.67,17.6,26.189,"{""overall_width_in"": ""12 3/4"", ""length_bearing_in"": ""10 1/2"", ""max_sprocket_thk_in"": ""8 3/4""}",125000,556.0,,,,,,MAC Chain 2019 Product Catalog (macchain.com),,,,WD122XHD,,,,,,,,MAC catalog lists two ultimate strengths for this number: 125000 lbs and 150000 lbs (heat-treated WH vs standard). tensile_lbs uses the base value; verify WR/WH column assignment.
MAC-WD480XHD,Drag / Scraper Chains,WD480XHD,MAC WD480XHD Welded Steel Drag Chain,,8,203.2,1,Active,catalog-verified,TRUE,Welded Steel Drag Chain,"sawmill,refuse,hog fuel,drag conveyor,welded steel","carbon steel,heat-treated",,,,,,1,25.4,2.625,66.67,19.5,29.016,"{""overall_width_in"": ""15 1/4"", ""length_bearing_in"": ""13"", ""max_sprocket_thk_in"": ""11""}",122000,542.7,,,,,,MAC Chain 2019 Product Catalog (macchain.com),,,,WD480XHD,,,,,,,,MAC catalog lists two ultimate strengths for this number: 122000 lbs and 146000 lbs (heat-treated WH vs standard). tensile_lbs uses the base value; verify WR/WH column assignment.
MAC-WD118SM,Drag / Scraper Chains,WD118SM,MAC WD118SM SuperMac Drag Chain,,8,203.2,1,Active,catalog-verified,TRUE,SuperMac Drag Chain,"sawmill,refuse,hog fuel,drag conveyor,welded steel","carbon steel,heat-treated, induction-hardened",,,,,,1,25.4,2.5,63.5,20.8,30.95,"{""overall_width_in"": ""16 5/8"", ""length_bearing_in"": ""14 7/8"", ""max_sprocket_thk_in"": ""13 1/4""}",85000,378.1,,,,,,MAC Chain 2019 Product Catalog (macchain.com),,,,WD118SM,,,,,,,,MAC catalog lists two ultimate strengths for this number: 85000 lbs and 120000 lbs (heat-treated WH vs standard). tensile_lbs uses the base value; verify WR/WH column assignment.
MAC-WD118XHDSM,Drag / Scraper Chains,WD118XHDSM,MAC WD118XHDSM SuperMac Drag Chain,,8,203.2,1,Active,catalog-verified,TRUE,SuperMac Drag Chain,"sawmill,refuse,hog fuel,drag conveyor,welded steel","carbon steel,heat-treated, induction-hardened",,,,,,1,25.4,2.625,66.67,24,35.712,"{""overall_width_in"": ""17 3/8"", ""length_bearing_in"": ""15 1/8"", ""max_sprocket_thk_in"": ""13 1/4""}",125000,556.0,,,,,,MAC Chain 2019 Product Catalog (macchain.com),,,,WD118XHDSM,,,,,,,,MAC catalog lists two ultimate strengths for this number: 125000 lbs and 150000 lbs (heat-treated WH vs standard). tensile_lbs uses the base value; verify WR/WH column assignment.
MAC-WD120SM,Drag / Scraper Chains,WD120SM,MAC WD120SM SuperMac Drag Chain,,6,152.4,1,Active,catalog-verified,TRUE,SuperMac Drag Chain,"sawmill,refuse,hog fuel,drag conveyor,welded steel","carbon steel,heat-treated, induction-hardened",,,,,,1,25.4,2.5,63.5,19.5,29.016,"{""overall_width_in"": ""12"", ""length_bearing_in"": ""10 1/4"", ""max_sprocket_thk_in"": ""8 3/4""}",85000,378.1,,,,,,MAC Chain 2019 Product Catalog (macchain.com),,,,WD120SM,,,,,,,,MAC catalog lists two ultimate strengths for this number: 85000 lbs and 120000 lbs (heat-treated WH vs standard). tensile_lbs uses the base value; verify WR/WH column assignment.
MAC-WD120XHDSM,Drag / Scraper Chains,WD120XHDSM,MAC WD120XHDSM SuperMac Drag Chain,,6,152.4,1,Active,catalog-verified,TRUE,SuperMac Drag Chain,"sawmill,refuse,hog fuel,drag conveyor,welded steel","carbon steel,heat-treated, induction-hardened",,,,,,1,25.4,2.625,66.67,24,35.712,"{""overall_width_in"": ""12 3/4"", ""length_bearing_in"": ""10 1/2"", ""max_sprocket_thk_in"": ""8 3/4""}",125000,556.0,,,,,,MAC Chain 2019 Product Catalog (macchain.com),,,,WD120XHDSM,,,,,,,,MAC catalog lists two ultimate strengths for this number: 125000 lbs and 150000 lbs (heat-treated WH vs standard). tensile_lbs uses the base value; verify WR/WH column assignment.
MAC-WD122SM,Drag / Scraper Chains,WD122SM,MAC WD122SM SuperMac Drag Chain,,8,203.2,1,Active,catalog-verified,TRUE,SuperMac Drag Chain,"sawmill,refuse,hog fuel,drag conveyor,welded steel","carbon steel,heat-treated, induction-hardened",,,,,,1,25.4,2.5,63.5,17.5,26.04,"{""overall_width_in"": ""12"", ""length_bearing_in"": ""10 1/4"", ""max_sprocket_thk_in"": ""8 3/4""}",85000,378.1,,,,,,MAC Chain 2019 Product Catalog (macchain.com),,,,WD122SM,,,,,,,,MAC catalog lists two ultimate strengths for this number: 85000 lbs and 120000 lbs (heat-treated WH vs standard). tensile_lbs uses the base value; verify WR/WH column assignment.
MAC-WD122XHDSM,Drag / Scraper Chains,WD122XHDSM,MAC WD122XHDSM SuperMac Drag Chain,,8,203.2,1,Active,catalog-verified,TRUE,SuperMac Drag Chain,"sawmill,refuse,hog fuel,drag conveyor,welded steel","carbon steel,heat-treated, induction-hardened",,,,,,1,25.4,2.625,66.67,20,29.76,"{""overall_width_in"": ""12 3/4"", ""length_bearing_in"": ""10 1/2"", ""max_sprocket_thk_in"": ""8 3/4""}",125000,556.0,,,,,,MAC Chain 2019 Product Catalog (macchain.com),,,,WD122XHDSM,,,,,,,,MAC catalog lists two ultimate strengths for this number: 125000 lbs and 150000 lbs (heat-treated WH vs standard). tensile_lbs uses the base value; verify WR/WH column assignment.
MAC-WD480SM,Drag / Scraper Chains,WD480SM,MAC WD480SM SuperMac Drag Chain,,8,203.2,1,Active,catalog-verified,TRUE,SuperMac Drag Chain,"sawmill,refuse,hog fuel,drag conveyor,welded steel","carbon steel,heat-treated, induction-hardened",,,,,,1,25.4,2.5,63.5,20,29.76,"{""overall_width_in"": ""14 1/2"", ""length_bearing_in"": ""12 3/4"", ""max_sprocket_thk_in"": ""11""}",85000,378.1,,,,,,MAC Chain 2019 Product Catalog (macchain.com),,,,WD480SM,,,,,,,,MAC catalog lists two ultimate strengths for this number: 85000 lbs and 120000 lbs (heat-treated WH vs standard). tensile_lbs uses the base value; verify WR/WH column assignment.
MAC-WD480XHDSM,Drag / Scraper Chains,WD480XHDSM,MAC WD480XHDSM SuperMac Drag Chain,,8,203.2,1,Active,catalog-verified,TRUE,SuperMac Drag Chain,"sawmill,refuse,hog fuel,drag conveyor,welded steel","carbon steel,heat-treated, induction-hardened",,,,,,1,25.4,2.625,66.67,23,34.224,"{""overall_width_in"": ""15 1/4"", ""length_bearing_in"": ""13"", ""max_sprocket_thk_in"": ""11""}",125000,556.0,,,,,,MAC Chain 2019 Product Catalog (macchain.com),,,,WD480XHDSM,,,,,,,,MAC catalog lists two ultimate strengths for this number: 125000 lbs and 150000 lbs (heat-treated WH vs standard). tensile_lbs uses the base value; verify WR/WH column assignment.
MAC-WD118MM,Drag / Scraper Chains,WD118MM,MAC WD118MM MegaMac Drag Chain,,8,203.2,1,Active,catalog-verified,TRUE,MegaMac Drag Chain,"sawmill,refuse,hog fuel,drag conveyor,welded steel","carbon steel,heat-treated, induction-hardened",,,,,,1,25.4,2.5,63.5,23,34.224,"{""overall_width_in"": ""16 5/8"", ""length_bearing_in"": ""14 7/8"", ""max_sprocket_thk_in"": ""13 1/4"", ""note"": "".400-inch round barrel""}",85000,378.1,,,,,,MAC Chain 2019 Product Catalog (macchain.com),,,,WD118MM,,,,,,,,MAC catalog lists two ultimate strengths for this number: 85000 lbs and 120000 lbs (heat-treated WH vs standard). tensile_lbs uses the base value; verify WR/WH column assignment.
MAC-WD118XHDMM,Drag / Scraper Chains,WD118XHDMM,MAC WD118XHDMM MegaMac Drag Chain,,8,203.2,1,Active,catalog-verified,TRUE,MegaMac Drag Chain,"sawmill,refuse,hog fuel,drag conveyor,welded steel","carbon steel,heat-treated, induction-hardened",,,,,,1,25.4,2.625,66.67,26,38.688,"{""overall_width_in"": ""17 3/8"", ""length_bearing_in"": ""15 1/8"", ""max_sprocket_thk_in"": ""13 1/4"", ""note"": "".400-inch round barrel""}",125000,556.0,,,,,,MAC Chain 2019 Product Catalog (macchain.com),,,,WD118XHDMM,,,,,,,,MAC catalog lists two ultimate strengths for this number: 125000 lbs and 150000 lbs (heat-treated WH vs standard). tensile_lbs uses the base value; verify WR/WH column assignment.
MAC-WD120MM,Drag / Scraper Chains,WD120MM,MAC WD120MM MegaMac Drag Chain,,6,152.4,1,Active,catalog-verified,TRUE,MegaMac Drag Chain,"sawmill,refuse,hog fuel,drag conveyor,welded steel","carbon steel,heat-treated, induction-hardened",,,,,,1,25.4,2.5,63.5,24,35.712,"{""overall_width_in"": ""12"", ""length_bearing_in"": ""10 1/4"", ""max_sprocket_thk_in"": ""8 3/4"", ""note"": "".400-inch round barrel""}",85000,378.1,,,,,,MAC Chain 2019 Product Catalog (macchain.com),,,,WD120MM,,,,,,,,MAC catalog lists two ultimate strengths for this number: 85000 lbs and 120000 lbs (heat-treated WH vs standard). tensile_lbs uses the base value; verify WR/WH column assignment.
MAC-WD120XHDMM,Drag / Scraper Chains,WD120XHDMM,MAC WD120XHDMM MegaMac Drag Chain,,6,152.4,1,Active,catalog-verified,TRUE,MegaMac Drag Chain,"sawmill,refuse,hog fuel,drag conveyor,welded steel","carbon steel,heat-treated, induction-hardened",,,,,,1,25.4,2.625,66.67,27,40.176,"{""overall_width_in"": ""12 3/4"", ""length_bearing_in"": ""10 1/2"", ""max_sprocket_thk_in"": ""8 3/4"", ""note"": "".400-inch round barrel""}",125000,556.0,,,,,,MAC Chain 2019 Product Catalog (macchain.com),,,,WD120XHDMM,,,,,,,,MAC catalog lists two ultimate strengths for this number: 125000 lbs and 150000 lbs (heat-treated WH vs standard). tensile_lbs uses the base value; verify WR/WH column assignment.
MAC-WD122MM,Drag / Scraper Chains,WD122MM,MAC WD122MM MegaMac Drag Chain,,8,203.2,1,Active,catalog-verified,TRUE,MegaMac Drag Chain,"sawmill,refuse,hog fuel,drag conveyor,welded steel","carbon steel,heat-treated, induction-hardened",,,,,,1,25.4,2.5,63.5,20,29.76,"{""overall_width_in"": ""12"", ""length_bearing_in"": ""10 1/4"", ""max_sprocket_thk_in"": ""8 3/4"", ""note"": "".400-inch round barrel""}",85000,378.1,,,,,,MAC Chain 2019 Product Catalog (macchain.com),,,,WD122MM,,,,,,,,MAC catalog lists two ultimate strengths for this number: 85000 lbs and 120000 lbs (heat-treated WH vs standard). tensile_lbs uses the base value; verify WR/WH column assignment.
MAC-WD122XHDMM,Drag / Scraper Chains,WD122XHDMM,MAC WD122XHDMM MegaMac Drag Chain,,8,203.2,1,Active,catalog-verified,TRUE,MegaMac Drag Chain,"sawmill,refuse,hog fuel,drag conveyor,welded steel","carbon steel,heat-treated, induction-hardened",,,,,,1,25.4,2.625,66.67,22,32.736,"{""overall_width_in"": ""12 3/4"", ""length_bearing_in"": ""10 1/2"", ""max_sprocket_thk_in"": ""8 3/4"", ""note"": "".400-inch round barrel""}",125000,556.0,,,,,,MAC Chain 2019 Product Catalog (macchain.com),,,,WD122XHDMM,,,,,,,,MAC catalog lists two ultimate strengths for this number: 125000 lbs and 150000 lbs (heat-treated WH vs standard). tensile_lbs uses the base value; verify WR/WH column assignment.
MAC-WD480MM,Drag / Scraper Chains,WD480MM,MAC WD480MM MegaMac Drag Chain,,8,203.2,1,Active,catalog-verified,TRUE,MegaMac Drag Chain,"sawmill,refuse,hog fuel,drag conveyor,welded steel","carbon steel,heat-treated, induction-hardened",,,,,,1,25.4,2.5,63.5,22.5,33.48,"{""overall_width_in"": ""14 1/2"", ""length_bearing_in"": ""12 3/4"", ""max_sprocket_thk_in"": ""11"", ""note"": "".400-inch round barrel""}",85000,378.1,,,,,,MAC Chain 2019 Product Catalog (macchain.com),,,,WD480MM,,,,,,,,MAC catalog lists two ultimate strengths for this number: 85000 lbs and 120000 lbs (heat-treated WH vs standard). tensile_lbs uses the base value; verify WR/WH column assignment.
MAC-WD480XHDMM,Drag / Scraper Chains,WD480XHDMM,MAC WD480XHDMM MegaMac Drag Chain,,8,203.2,1,Active,catalog-verified,TRUE,MegaMac Drag Chain,"sawmill,refuse,hog fuel,drag conveyor,welded steel","carbon steel,heat-treated, induction-hardened",,,,,,1,25.4,2.625,66.67,25,37.2,"{""overall_width_in"": ""15 1/4"", ""length_bearing_in"": ""13"", ""max_sprocket_thk_in"": ""11"", ""note"": "".400-inch round barrel""}",125000,556.0,,,,,,MAC Chain 2019 Product Catalog (macchain.com),,,,WD480XHDMM,,,,,,,,MAC catalog lists two ultimate strengths for this number: 125000 lbs and 150000 lbs (heat-treated WH vs standard). tensile_lbs uses the base value; verify WR/WH column assignment.
MAC-H60,Drag / Scraper Chains,H60,MAC H60 Malleable Cast Steel Mill Chain,,2.308,58.62,1,Active,catalog-verified,FALSE,Malleable Cast Steel Mill Chain,"sawmill,mill,malleable",malleable cast steel,,,,,,0.312,7.94,0.75,19.05,2.1,3.125,"{""overall_width_in"": ""2 17/32"", ""max_sprocket_thk_in"": ""1 1/2""}",7000,31.1,,,,,,MAC Chain 2019 Product Catalog (macchain.com),,,,H60,,,,,,,,
MAC-H74,Drag / Scraper Chains,H74,MAC H74 Malleable Cast Steel Mill Chain,,2.609,66.27,1,Active,catalog-verified,FALSE,Malleable Cast Steel Mill Chain,"sawmill,mill,malleable",malleable cast steel,,,,,,0.375,9.52,1,25.4,3,4.464,"{""overall_width_in"": ""2 7/8"", ""max_sprocket_thk_in"": ""1 21/32""}",10000,44.5,,,,,,MAC Chain 2019 Product Catalog (macchain.com),,,,H74,,,,,,,,
MAC-H78,Drag / Scraper Chains,H78,MAC H78 Malleable Cast Steel Mill Chain,,2.609,66.27,1,Active,catalog-verified,FALSE,Malleable Cast Steel Mill Chain,"sawmill,mill,malleable",malleable cast steel,,,,,,0.5,12.7,1.125,28.57,4.2,6.25,"{""overall_width_in"": ""3 13/16"", ""max_sprocket_thk_in"": ""1 7/8""}",16000,71.2,,,,,,MAC Chain 2019 Product Catalog (macchain.com),,,,H78,,,,,,,,
MAC-H82,Drag / Scraper Chains,H82,MAC H82 Malleable Cast Steel Mill Chain,,3.075,78.11,1,Active,catalog-verified,FALSE,Malleable Cast Steel Mill Chain,"sawmill,mill,malleable",malleable cast steel,,,,,,0.562,14.29,1.25,31.75,5.5,8.184,"{""overall_width_in"": ""3 7/8"", ""max_sprocket_thk_in"": ""2 1/8""}",20000,89.0,,,,,,MAC Chain 2019 Product Catalog (macchain.com),,,,H82,,,,,,,,
MAC-C55,Drag / Scraper Chains,C55,MAC C55 Steel/Malleable Combination Chain,,1.631,41.43,1,Active,catalog-verified,FALSE,Steel/Malleable Combination Chain,"sawmill,mill,combination,malleable","malleable iron centre,carbon steel sidebars",,0.719,18.26,,,0.375,9.52,0.75,19.05,2.1,3.125,"{""overall_width_in"": ""2"", ""length_bearing_in"": ""1 3/16"", ""sidebar_thk_in"": ""3/16"", ""max_sprocket_thk_in"": ""3/4""}",9000,40.0,,,,,,MAC Chain 2019 Product Catalog (macchain.com),,,,C55,,,,,,,,C-prefix = MAC malleable-combination link (NOT standard ANSI roller chain).
MAC-C77,Drag / Scraper Chains,C77,MAC C77 Steel/Malleable Combination Chain,,2.308,58.62,1,Active,catalog-verified,FALSE,Steel/Malleable Combination Chain,"sawmill,mill,combination,malleable","malleable iron centre,carbon steel sidebars",,0.75,19.05,,,0.438,11.11,0.875,22.22,3,4.464,"{""overall_width_in"": ""2 1/8"", ""length_bearing_in"": ""1 1/4"", ""sidebar_thk_in"": ""3/16"", ""max_sprocket_thk_in"": ""3/4""}",11000,48.9,,,,,,MAC Chain 2019 Product Catalog (macchain.com),,,,C77,,,,,,,,C-prefix = MAC malleable-combination link (NOT standard ANSI roller chain).
MAC-C188,Drag / Scraper Chains,C188,MAC C188 Steel/Malleable Combination Chain,,2.609,66.27,1,Active,catalog-verified,FALSE,Steel/Malleable Combination Chain,"sawmill,mill,combination,malleable","malleable iron centre,carbon steel sidebars",,0.875,22.22,,,0.5,12.7,1.125,28.57,4.2,6.25,"{""overall_width_in"": ""2 5/8"", ""length_bearing_in"": ""1 9/16"", ""sidebar_thk_in"": ""1/4"", ""max_sprocket_thk_in"": ""7/8""}",14000,62.3,,,,,,MAC Chain 2019 Product Catalog (macchain.com),,,,C188,,,,,,,,C-prefix = MAC malleable-combination link (NOT standard ANSI roller chain).
MAC-C131,Drag / Scraper Chains,C131,MAC C131 Steel/Malleable Combination Chain,,3.075,78.11,1,Active,catalog-verified,FALSE,Steel/Malleable Combination Chain,"sawmill,mill,combination,malleable","malleable iron centre,carbon steel sidebars",,1.219,30.96,,,0.625,15.88,1.5,38.1,5.5,8.184,"{""overall_width_in"": ""3 5/16"", ""length_bearing_in"": ""2"", ""sidebar_thk_in"": ""3/8"", ""max_sprocket_thk_in"": ""1 1/8""}",24000,106.8,,,,,,MAC Chain 2019 Product Catalog (macchain.com),,,,C131,,,,,,,,C-prefix = MAC malleable-combination link (NOT standard ANSI roller chain).
MAC-C102B,Drag / Scraper Chains,C102B,MAC C102B Steel/Malleable Combination Chain,,4,101.6,1,Active,catalog-verified,FALSE,Steel/Malleable Combination Chain,"sawmill,mill,combination,malleable","malleable iron centre,carbon steel sidebars",,0.969,24.61,,,0.625,15.88,1.5,38.1,4.2,6.25,"{""overall_width_in"": ""4 9/16"", ""length_bearing_in"": ""2 25/32"", ""sidebar_thk_in"": ""3/8"", ""max_sprocket_thk_in"": ""1 3/4""}",24000,106.8,,,,,,MAC Chain 2019 Product Catalog (macchain.com),,,,C102B,,,,,,,,C-prefix = MAC malleable-combination link (NOT standard ANSI roller chain).
MAC-MS188,Engineered Class Chains,MS188,MAC MS188 Engineered Class Steel Bushed Chain,,2.609,66.27,1,Active,catalog-verified,FALSE,Engineered Class Steel Bushed Chain,"engineered class,conveyor,sawmill",steel bushed,,,,,,0.5,12.7,1.125,28.57,3.8,5.654,"{""overall_width_in"": ""2 11/16"", ""length_bearing_in"": ""1 9/16""}",25000,111.2,,,,,,MAC Chain 2019 Product Catalog (macchain.com),,,,MS188,,,,,,,,
MAC-MS131,Engineered Class Chains,MS131,MAC MS131 Engineered Class Steel Bushed Chain,,3.075,78.11,1,Active,catalog-verified,FALSE,Engineered Class Steel Bushed Chain,"engineered class,conveyor,sawmill",steel bushed,,,,,,0.625,15.88,1.5,38.1,8.3,12.35,"{""overall_width_in"": ""3 9/16"", ""length_bearing_in"": ""2""}",40000,177.9,,,,,,MAC Chain 2019 Product Catalog (macchain.com),,,,MS131,,,,,,,,
MAC-MS102B,Engineered Class Chains,MS102B,MAC MS102B Engineered Class Steel Bushed Chain,,4,101.6,1,Active,catalog-verified,FALSE,Engineered Class Steel Bushed Chain,"engineered class,conveyor,sawmill",steel bushed,,,,,,0.625,15.88,1.5,38.1,6.9,10.267,"{""overall_width_in"": ""4 11/32"", ""length_bearing_in"": ""2 7/8""}",40000,177.9,,,,,,MAC Chain 2019 Product Catalog (macchain.com),,,,MS102B,,,,,,,,
MAC-MS110,Engineered Class Chains,MS110,MAC MS110 Engineered Class Steel Bushed Chain,,6,152.4,1,Active,catalog-verified,FALSE,Engineered Class Steel Bushed Chain,"engineered class,conveyor,sawmill",steel bushed,,,,,,0.625,15.88,1.5,38.1,6.3,9.374,"{""overall_width_in"": ""4 11/32"", ""length_bearing_in"": ""2 7/8""}",40000,177.9,,,,,,MAC Chain 2019 Product Catalog (macchain.com),,,,MS110,,,,,,,,
MAC-81X-HD,Engineered Class Chains,81X-HD,MAC 81X-HD 81X Heavy Duty Roller Chain,,2.609,66.27,1,Active,catalog-verified,FALSE,81X Heavy Duty Roller Chain,"sawmill,lumber conveyor,trimmer",steel bushed roller,,0.906,23.02,,,0.438,11.11,1.25,31.75,4,5.952,"{""overall_width_in"": ""2 9/16""}",42800,190.4,,,,,,MAC Chain 2019 Product Catalog (macchain.com),,,,81X-HD,,,,,,,,
MAC-81X-XHD,Engineered Class Chains,81X-XHD,MAC 81X-XHD 81X Extra Heavy Duty Roller Chain,,2.609,66.27,1,Active,catalog-verified,FALSE,81X Extra Heavy Duty Roller Chain,"sawmill,lumber conveyor,trimmer",steel bushed roller,,0.906,23.02,,,0.438,11.11,1.25,31.75,4.5,6.696,"{""overall_width_in"": ""2 3/4""}",42800,190.4,,,,,,MAC Chain 2019 Product Catalog (macchain.com),,,,81X-XHD,,,,,,,,
MAC-LXS882,Engineered Class Chains,LXS882,MAC LXS882 LXS882 Offset Sidebar Roller Chain,,2.609,66.27,1,Active,catalog-verified,FALSE,LXS882 Offset Sidebar Roller Chain,"sawmill,lumber conveyor,trimmer",steel bushed roller,,,,,,0.438,11.11,1.125,28.57,3.6,5.357,"{""overall_width_in"": ""2 1/2""}",29000,129.0,,,,,,MAC Chain 2019 Product Catalog (macchain.com),,,,LXS882,,,,,,,,
MAC-M3939,Engineered Class Chains,M3939,MAC M3939 Extended Pitch Sorter Chain,,8,203.2,1,Active,catalog-verified,FALSE,Extended Pitch Sorter Chain,"sawmill,sorter,lumber,extended pitch",steel bushed roller,,1.5,38.1,,,0.438,11.11,1.125,28.57,,,"{""overall_width_in"": ""2 1/8""}",24000,106.8,,,,,,MAC Chain 2019 Product Catalog (macchain.com),,,,M3939,,,,,,,,M3939 = MAC extended-pitch sorter (a.k.a. 81X-8 family).
MAC-M3939-HD,Engineered Class Chains,M3939-HD,MAC M3939-HD Extended Pitch Sorter Chain,,8,203.2,1,Active,catalog-verified,FALSE,Extended Pitch Sorter Chain,"sawmill,sorter,lumber,extended pitch",steel bushed roller,,1.5,38.1,,,0.438,11.11,1.125,28.57,,,"{""overall_width_in"": ""2 9/16""}",37000,164.6,,,,,,MAC Chain 2019 Product Catalog (macchain.com),,,,M3939-HD,,,,,,,,M3939 = MAC extended-pitch sorter (a.k.a. 81X-8 family).
MAC-M900,Engineered Class Chains,M900,MAC M900 Extended Pitch Sorter Chain,,9,228.6,1,Active,catalog-verified,FALSE,Extended Pitch Sorter Chain,"sawmill,sorter,lumber,extended pitch",steel bushed roller,,1.875,47.62,,,0.75,19.05,1.58,40.13,3.1,4.613,"{""overall_width_in"": ""2 3/16""}",28000,124.6,,,,,,MAC Chain 2019 Product Catalog (macchain.com),,,,M900,,,,,,,,M3939 = MAC extended-pitch sorter (a.k.a. 81X-8 family).
MAC-M662,Steel Pintle Chains,M662,MAC M662 Steel Pintle Chain,,1.664,42.27,1,Active,catalog-verified,FALSE,Steel Pintle Chain,"pintle,conveyor,sawmill",formed/cast steel,,,,,,0.281,7.14,0.72,18.29,1.05,1.562,"{""overall_width_in"": ""1.720"", ""sidebar_thk_in"": ""0.125"", ""max_sprocket_thk_in"": ""0.750""}",11000,48.9,,,,,,MAC Chain 2019 Product Catalog (macchain.com),,,,M662,,,,,,,,
MAC-M667X,Steel Pintle Chains,M667X,MAC M667X Steel Pintle Chain,,2.25,57.15,1,Active,catalog-verified,FALSE,Steel Pintle Chain,"pintle,conveyor,sawmill",formed/cast steel,,,,,,0.437,11.1,0.938,23.83,1.86,2.768,"{""overall_width_in"": ""2.156"", ""sidebar_thk_in"": ""0.170"", ""max_sprocket_thk_in"": ""0.875""}",21000,93.4,,,,,,MAC Chain 2019 Product Catalog (macchain.com),,,,M667X,,,,,,,,
MAC-M667H,Steel Pintle Chains,M667H,MAC M667H Steel Pintle Chain,,2.313,58.75,1,Active,catalog-verified,FALSE,Steel Pintle Chain,"pintle,conveyor,sawmill",formed/cast steel,,,,,,0.312,7.92,0.875,22.22,1.65,2.455,"{""overall_width_in"": ""1.906"", ""sidebar_thk_in"": ""0.125"", ""max_sprocket_thk_in"": ""0.875""}",12500,55.6,,,,,,MAC Chain 2019 Product Catalog (macchain.com),,,,M667H,,,,,,,,
MAC-M667KC,Steel Pintle Chains,M667KC,MAC M667KC Steel Pintle Chain,,2.25,57.15,1,Active,catalog-verified,FALSE,Steel Pintle Chain,"pintle,conveyor,sawmill",formed/cast steel,,,,,,0.437,11.1,1.062,26.97,2.56,3.809,"{""overall_width_in"": ""2.359"", ""sidebar_thk_in"": ""0.200"", ""max_sprocket_thk_in"": ""0.875""}",30000,133.4,,,,,,MAC Chain 2019 Product Catalog (macchain.com),,,,M667KC,,,,,,,,
MAC-M667XH,Steel Pintle Chains,M667XH,MAC M667XH Steel Pintle Chain,,2.25,57.15,1,Active,catalog-verified,FALSE,Steel Pintle Chain,"pintle,conveyor,sawmill",formed/cast steel,,,,,,0.465,11.81,1.05,26.67,2.8,4.166,"{""overall_width_in"": ""2.414"", ""sidebar_thk_in"": ""0.225"", ""max_sprocket_thk_in"": ""0.875""}",28000,124.6,,,,,,MAC Chain 2019 Product Catalog (macchain.com),,,,M667XH,,,,,,,,
MAC-M88K,Steel Pintle Chains,M88K,MAC M88K Steel Pintle Chain,,2.609,66.27,1,Active,catalog-verified,FALSE,Steel Pintle Chain,"pintle,conveyor,sawmill",formed/cast steel,,,,,,0.437,11.1,1.063,27.0,2.3,3.422,"{""overall_width_in"": ""2.315"", ""sidebar_thk_in"": ""0.200"", ""max_sprocket_thk_in"": ""1""}",24500,109.0,,,,,,MAC Chain 2019 Product Catalog (macchain.com),,,,M88K,,,,,,,,
MAC-M88C,Steel Pintle Chains,M88C,MAC M88C Steel Pintle Chain,,2.609,66.27,1,Active,catalog-verified,FALSE,Steel Pintle Chain,"pintle,conveyor,sawmill",formed/cast steel,,,,,,0.5,12.7,1.125,28.57,3.3,4.91,"{""overall_width_in"": ""2.842"", ""sidebar_thk_in"": ""0.250"", ""max_sprocket_thk_in"": ""1""}",38000,169.0,,,,,,MAC Chain 2019 Product Catalog (macchain.com),,,,M88C,,,,,,,,
MAC-M308C,Steel Pintle Chains,M308C,MAC M308C Steel Pintle Chain,,3.075,78.11,1,Active,catalog-verified,FALSE,Steel Pintle Chain,"pintle,conveyor,sawmill",formed/cast steel,,,,,,0.625,15.88,1.5,38.1,5.63,8.377,"{""overall_width_in"": ""2.859"", ""sidebar_thk_in"": ""0.312"", ""max_sprocket_thk_in"": ""1.125""}",50000,222.4,,,,,,MAC Chain 2019 Product Catalog (macchain.com),,,,M308C,,,,,,,,
MAC-M662-A,Steel Pintle Chains,M662-A,MAC M662-A Sander / Pintle Chain,,1.664,42.27,1,Active,catalog-verified,FALSE,Sander / Pintle Chain,"pintle,sander,salting,conveyor",formed steel,,,,,,0.281,7.14,0.72,18.29,1.4,2.083,"{""overall_width_in"": ""1.720"", ""sidebar_thk_in"": ""0.125"", ""max_sprocket_thk_in"": ""0.750""}",11000,48.9,,,,,,MAC Chain 2019 Product Catalog (macchain.com),,,,M662-A,,,,,,,,
MAC-M667X-A,Steel Pintle Chains,M667X-A,MAC M667X-A Sander / Pintle Chain,,2.25,57.15,1,Active,catalog-verified,FALSE,Sander / Pintle Chain,"pintle,sander,salting,conveyor",formed steel,,,,,,0.437,11.1,0.938,23.83,1.92,2.857,"{""overall_width_in"": ""2.156"", ""sidebar_thk_in"": ""0.170"", ""max_sprocket_thk_in"": ""0.875""}",21000,93.4,,,,,,MAC Chain 2019 Product Catalog (macchain.com),,,,M667X-A,,,,,,,,
MAC-M667H-A,Steel Pintle Chains,M667H-A,MAC M667H-A Sander / Pintle Chain,,2.313,58.75,1,Active,catalog-verified,FALSE,Sander / Pintle Chain,"pintle,sander,salting,conveyor",formed steel,,,,,,0.312,7.92,0.875,22.22,1.65,2.455,"{""overall_width_in"": ""1.906"", ""sidebar_thk_in"": ""0.125"", ""max_sprocket_thk_in"": ""0.875""}",12500,55.6,,,,,,MAC Chain 2019 Product Catalog (macchain.com),,,,M667H-A,,,,,,,,
MAC-M667K-A,Steel Pintle Chains,M667K-A,MAC M667K-A Sander / Pintle Chain,,2.25,57.15,1,Active,catalog-verified,FALSE,Sander / Pintle Chain,"pintle,sander,salting,conveyor",formed steel,,,,,,0.437,11.1,1.062,26.97,2.56,3.809,"{""overall_width_in"": ""2.359"", ""sidebar_thk_in"": ""0.200"", ""max_sprocket_thk_in"": ""1""}",24500,109.0,,,,,,MAC Chain 2019 Product Catalog (macchain.com),,,,M667K-A,,,,,,,,
MAC-M667KC-A,Steel Pintle Chains,M667KC-A,MAC M667KC-A Sander / Pintle Chain,,2.25,57.15,1,Active,catalog-verified,FALSE,Sander / Pintle Chain,"pintle,sander,salting,conveyor",formed steel,,,,,,0.437,11.1,1.062,26.97,2.56,3.809,"{""overall_width_in"": ""2.359"", ""sidebar_thk_in"": ""0.200"", ""max_sprocket_thk_in"": ""1""}",30000,133.4,,,,,,MAC Chain 2019 Product Catalog (macchain.com),,,,M667KC-A,,,,,,,,
MAC-M667XH-A,Steel Pintle Chains,M667XH-A,MAC M667XH-A Sander / Pintle Chain,,2.25,57.15,1,Active,catalog-verified,FALSE,Sander / Pintle Chain,"pintle,sander,salting,conveyor",formed steel,,,,,,0.465,11.81,1.05,26.67,2.8,4.166,"{""overall_width_in"": ""2.414"", ""sidebar_thk_in"": ""0.225"", ""max_sprocket_thk_in"": ""1""}",28000,124.6,,,,,,MAC Chain 2019 Product Catalog (macchain.com),,,,M667XH-A,,,,,,,,
MAC-C77SS,Steel Pintle Chains,C77SS,MAC C77SS Sander / Pintle Chain,,2.308,58.62,1,Active,catalog-verified,FALSE,Sander / Pintle Chain,"pintle,sander,salting,conveyor",formed steel,,,,,,0.438,11.11,0.875,22.22,3,4.464,"{""overall_width_in"": ""2.125"", ""sidebar_thk_in"": ""0.1875"", ""max_sprocket_thk_in"": ""0.750""}",11000,48.9,,,,,,MAC Chain 2019 Product Catalog (macchain.com),,,,C77SS,,,,,,,,
MAC-LL-7-8X1-5X6,Specialty / Custom Chains,LL-7/8x1.5x6,MAC LL-7/8x1.5x6 Alloy Steel Long Link Chain,,6,152.4,1,Active,catalog-verified,FALSE,Alloy Steel Long Link Chain,"long link,alloy steel,bulk handling","AISI 1330 alloy, 34-36 Rc",,,,,,0.875,22.22,,,5.4,8.035,"{""inside_width_in"": ""1 1/2"", ""proof_test_lbs"": ""41000""}",93000,413.7,20540,91.4,,,,MAC Chain 2019 Product Catalog (macchain.com),,,,LL-7/8x1.5x6,,,,,,,,Breaking load -> tensile_lbs; proof test in extra_dims; max working load -> working_load.
MAC-LL-1X1-75X6,Specialty / Custom Chains,LL-1x1.75x6,MAC LL-1x1.75x6 Alloy Steel Long Link Chain,,6,152.4,1,Active,catalog-verified,FALSE,Alloy Steel Long Link Chain,"long link,alloy steel,bulk handling","AISI 1330 alloy, 34-36 Rc",,,,,,1,25.4,,,7.2,10.714,"{""inside_width_in"": ""1 3/4"", ""proof_test_lbs"": ""54000""}",122000,542.7,27000,120.1,,,,MAC Chain 2019 Product Catalog (macchain.com),,,,LL-1x1.75x6,,,,,,,,Breaking load -> tensile_lbs; proof test in extra_dims; max working load -> working_load.
MAC-LL-1-125X2X6,Specialty / Custom Chains,LL-1.125x2x6,MAC LL-1.125x2x6 Alloy Steel Long Link Chain,,6,152.4,1,Active,catalog-verified,FALSE,Alloy Steel Long Link Chain,"long link,alloy steel,bulk handling","AISI 1330 alloy, 34-36 Rc",,,,,,1.125,28.57,,,9.5,14.136,"{""inside_width_in"": ""2"", ""proof_test_lbs"": ""64000""}",143000,636.1,32000,142.3,,,,MAC Chain 2019 Product Catalog (macchain.com),,,,LL-1.125x2x6,,,,,,,,Breaking load -> tensile_lbs; proof test in extra_dims; max working load -> working_load.
MAC-LL-1-25X2X6,Specialty / Custom Chains,LL-1.25x2x6,MAC LL-1.25x2x6 Alloy Steel Long Link Chain,,6,152.4,1,Active,catalog-verified,FALSE,Alloy Steel Long Link Chain,"long link,alloy steel,bulk handling","AISI 1330 alloy, 34-36 Rc",,,,,,1.25,31.75,,,13,19.344,"{""inside_width_in"": ""2"", ""proof_test_lbs"": ""82000""}",180000,800.7,41000,182.4,,,,MAC Chain 2019 Product Catalog (macchain.com),,,,LL-1.25x2x6,,,,,,,,Breaking load -> tensile_lbs; proof test in extra_dims; max working load -> working_load.
MAC-DF3500,Specialty / Custom Chains,DF3500,MAC DF3500 DF3500 Double-Flex Chain,,3,76.2,1,Active,catalog-verified,TRUE,DF3500 Double-Flex Chain,"double-flex,special application",carbon steel,,,,,,0.562,14.29,1.25,31.75,3.3,4.91,"{""sidebar_thk_in"": ""1/4"", ""pitch_p2_in"": ""2 1/2"", ""max_overall_width_in"": ""1 7/16"", ""min_flex_radius_deg"": ""20""}",48000,213.5,,,,,,MAC Chain 2019 Product Catalog (macchain.com),,,,DF3500,,,,,,,,Dual pitch P1=3 / P2=2.5; trailing dims attribution uncertain (needs_review).
MAC-WR720S,Welded Steel Chains,WR720S,MAC WR720S Class 700 Welded Steel Waste Water Chain,,6,152.4,1,Active,catalog-verified,TRUE,Class 700 Welded Steel Waste Water Chain,"waste water,welded steel,class 700","carbon steel,heat-treated",,1.25,31.75,,,0.75,19.05,1.5,38.1,6,8.928,"{""overall_width_in"": ""3 9/16"", ""length_bearing_in"": ""1 1/8""}",42500,189.0,,,,,,MAC Chain 2019 Product Catalog (macchain.com),,,,WR720S,,,,,,,,MAC catalog lists two ultimate strengths for this number: 42500 lbs and 50400 lbs (heat-treated WH vs standard). tensile_lbs uses the base value; verify WR/WH column assignment.
MAC-WR730S,Welded Steel Chains,WR730S,MAC WR730S Class 700 Welded Steel Waste Water Chain,,6,152.4,1,Active,catalog-verified,TRUE,Class 700 Welded Steel Waste Water Chain,"waste water,welded steel,class 700","carbon steel,heat-treated",,1.25,31.75,,,0.75,19.05,1.75,44.45,6.78,10.089,"{""overall_width_in"": ""3 9/16"", ""length_bearing_in"": ""1 1/8""}",42500,189.0,,,,,,MAC Chain 2019 Product Catalog (macchain.com),,,,WR730S,,,,,,,,MAC catalog lists two ultimate strengths for this number: 42500 lbs and 50400 lbs (heat-treated WH vs standard). tensile_lbs uses the base value; verify WR/WH column assignment.
MAC-CA550,Agricultural Conveyor Chains,CA550,MAC CA550 Agricultural Roller Chain,ANSI CA-series,1.63,41.4,1,Active,catalog-verified,FALSE,Agricultural Roller Chain,"conveyor,agriculture",alloy steel,,0.656,16.66,,,0.281,7.14,0.75,19.05,1.3,1.934,"{""overall_width_in"": ""1.5"", ""sidebar_thk_in"": ""0.105"", ""max_sprocket_thk_in"": ""0.7969""}",11250,50.0,,,,,,MAC Chain 2019 Product Catalog (macchain.com),,,,CA550,,,,,,,,Standard ANSI number — DEDUPE to existing registry record; merge pn_macchain + dims; flag tensile differences.
MAC-CA620,Agricultural Conveyor Chains,CA620,MAC CA620 Agricultural Roller Chain,ANSI CA-series,1.654,42.01,1,Active,catalog-verified,FALSE,Agricultural Roller Chain,"conveyor,agriculture",alloy steel,,0.696,17.68,,,0.281,7.14,0.75,19.05,1.57,2.336,"{""overall_width_in"": ""1.75"", ""sidebar_thk_in"": ""0.125"", ""max_sprocket_thk_in"": ""0.9844""}",12000,53.4,,,,,,MAC Chain 2019 Product Catalog (macchain.com),,,,CA620,,,,,,,,Standard ANSI number — DEDUPE to existing registry record; merge pn_macchain + dims; flag tensile differences.
CANAM-WR-78,Welded Steel Chains,WR-78,Can-Am WR-78 Offset Sidebar Welded Steel Mill Chain,,2.609,66.27,1,Active,catalog-verified,FALSE,Offset Sidebar Welded Steel Mill Chain,"sawmill,forestry,lumber,mill,welded steel,conveyor","carbon steel,heat-treated rivets",,0.84,21.34,,,0.5,12.7,1.25,31.75,4.3,6.398,"{""overall_width_A_in"": ""3"", ""length_bearing_B_in"": ""2"", ""sidebar_thk_D_in"": ""1/4"", ""tooth_face_F_in"": ""1""}",27000,120.1,4500,20.0,,,,Can-Am Chains Products Catalog (English/Imperial),,,WR-78,,,,,,,,,
CANAM-WH-78,Welded Steel Chains,WH-78,Can-Am WH-78 Offset Sidebar Welded Steel Mill Chain,,2.609,66.27,1,Active,catalog-verified,FALSE,Offset Sidebar Welded Steel Mill Chain,"sawmill,forestry,lumber,mill,welded steel,conveyor","carbon steel,heat-treated rivets",,0.84,21.34,,,0.5,12.7,1.25,31.75,4.3,6.398,"{""overall_width_A_in"": ""3"", ""length_bearing_B_in"": ""2"", ""sidebar_thk_D_in"": ""1/4"", ""tooth_face_F_in"": ""1""}",33000,146.8,5500,24.5,,,,Can-Am Chains Products Catalog (English/Imperial),,,WH-78,,,,,,,,,
CANAM-WR-78-4,Welded Steel Chains,WR-78-4,Can-Am WR-78-4 Offset Sidebar Welded Steel Mill Chain,,4,101.6,1,Active,catalog-verified,FALSE,Offset Sidebar Welded Steel Mill Chain,"sawmill,forestry,lumber,mill,welded steel,conveyor","carbon steel,heat-treated rivets",,0.84,21.34,,,0.5,12.7,1.25,31.75,3.5,5.208,"{""overall_width_A_in"": ""3"", ""length_bearing_B_in"": ""2"", ""sidebar_thk_D_in"": ""1/4"", ""tooth_face_F_in"": ""1""}",27000,120.1,4500,20.0,,,,Can-Am Chains Products Catalog (English/Imperial),,,WR-78-4,,,,,,,,,
CANAM-WR-82,Welded Steel Chains,WR-82,Can-Am WR-82 Offset Sidebar Welded Steel Mill Chain,,3.075,78.11,1,Active,catalog-verified,FALSE,Offset Sidebar Welded Steel Mill Chain,"sawmill,forestry,lumber,mill,welded steel,conveyor","carbon steel,heat-treated rivets",,1,25.4,,,0.562,14.29,1.25,31.75,4.7,6.994,"{""overall_width_A_in"": ""3 3/8"", ""length_bearing_B_in"": ""2 1/4"", ""sidebar_thk_D_in"": ""1/4"", ""tooth_face_F_in"": ""1 1/8""}",30000,133.4,5000,22.2,,,,Can-Am Chains Products Catalog (English/Imperial),,,WR-82,,,,,,,,,
CANAM-WH-82,Welded Steel Chains,WH-82,Can-Am WH-82 Offset Sidebar Welded Steel Mill Chain,,3.075,78.11,1,Active,catalog-verified,FALSE,Offset Sidebar Welded Steel Mill Chain,"sawmill,forestry,lumber,mill,welded steel,conveyor","carbon steel,heat-treated rivets",,1,25.4,,,0.562,14.29,1.25,31.75,4.7,6.994,"{""overall_width_A_in"": ""3 3/8"", ""length_bearing_B_in"": ""2 1/4"", ""sidebar_thk_D_in"": ""1/4"", ""tooth_face_F_in"": ""1 1/8""}",36000,160.1,6000,26.7,,,,Can-Am Chains Products Catalog (English/Imperial),,,WH-82,,,,,,,,,
CANAM-WR-124,Welded Steel Chains,WR-124,Can-Am WR-124 Offset Sidebar Welded Steel Mill Chain,,4,101.6,1,Active,catalog-verified,FALSE,Offset Sidebar Welded Steel Mill Chain,"sawmill,forestry,lumber,mill,welded steel,conveyor","carbon steel,heat-treated rivets",,1.25,31.75,,,0.75,19.05,1.5,38.1,7.8,11.606,"{""overall_width_A_in"": ""4 1/4"", ""length_bearing_B_in"": ""2 3/4"", ""sidebar_thk_D_in"": ""3/8"", ""tooth_face_F_in"": ""1 1/2""}",50400,224.2,8200,36.5,,,,Can-Am Chains Products Catalog (English/Imperial),,,WR-124,,,,,,,,,
CANAM-WH-124,Welded Steel Chains,WH-124,Can-Am WH-124 Offset Sidebar Welded Steel Mill Chain,,4,101.6,1,Active,catalog-verified,FALSE,Offset Sidebar Welded Steel Mill Chain,"sawmill,forestry,lumber,mill,welded steel,conveyor","carbon steel,heat-treated rivets",,1.25,31.75,,,0.75,19.05,1.5,38.1,7.8,11.606,"{""overall_width_A_in"": ""4 1/4"", ""length_bearing_B_in"": ""2 3/4"", ""sidebar_thk_D_in"": ""3/8"", ""tooth_face_F_in"": ""1 1/2""}",57000,253.5,9500,42.3,,,,Can-Am Chains Products Catalog (English/Imperial),,,WH-124,,,,,,,,,
CANAM-WR-111,Welded Steel Chains,WR-111,Can-Am WR-111 Offset Sidebar Welded Steel Mill Chain,,4.76,120.9,1,Active,catalog-verified,FALSE,Offset Sidebar Welded Steel Mill Chain,"sawmill,forestry,lumber,mill,welded steel,conveyor","carbon steel,heat-treated rivets",,1.25,31.75,,,0.75,19.05,1.75,44.45,8.6,12.797,"{""overall_width_A_in"": ""4 13/16"", ""length_bearing_B_in"": ""3 3/8"", ""sidebar_thk_D_in"": ""3/8"", ""tooth_face_F_in"": ""1 3/4""}",50400,224.2,9500,42.3,,,,Can-Am Chains Products Catalog (English/Imperial),,,WR-111,,,,,,,,,
CANAM-WH-111,Welded Steel Chains,WH-111,Can-Am WH-111 Offset Sidebar Welded Steel Mill Chain,,4.76,120.9,1,Active,catalog-verified,FALSE,Offset Sidebar Welded Steel Mill Chain,"sawmill,forestry,lumber,mill,welded steel,conveyor","carbon steel,heat-treated rivets",,1.25,31.75,,,0.75,19.05,1.75,44.45,8.6,12.797,"{""overall_width_A_in"": ""4 13/16"", ""length_bearing_B_in"": ""3 3/8"", ""sidebar_thk_D_in"": ""3/8"", ""tooth_face_F_in"": ""1 3/4""}",60000,266.9,12000,53.4,,,,Can-Am Chains Products Catalog (English/Imperial),,,WH-111,,,,,,,,,
CANAM-WR-106,Welded Steel Chains,WR-106,Can-Am WR-106 Offset Sidebar Welded Steel Mill Chain,,6,152.4,1,Active,catalog-verified,FALSE,Offset Sidebar Welded Steel Mill Chain,"sawmill,forestry,lumber,mill,welded steel,conveyor","carbon steel,heat-treated rivets",,1.25,31.75,,,0.75,19.05,1.5,38.1,6.2,9.226,"{""overall_width_A_in"": ""4 1/4"", ""length_bearing_B_in"": ""2 3/4"", ""sidebar_thk_D_in"": ""3/8"", ""tooth_face_F_in"": ""1 1/2""}",50400,224.2,8200,36.5,,,,Can-Am Chains Products Catalog (English/Imperial),,,WR-106,,,,,,,,,
CANAM-WH-106,Welded Steel Chains,WH-106,Can-Am WH-106 Offset Sidebar Welded Steel Mill Chain,,6,152.4,1,Active,catalog-verified,FALSE,Offset Sidebar Welded Steel Mill Chain,"sawmill,forestry,lumber,mill,welded steel,conveyor","carbon steel,heat-treated rivets",,1.25,31.75,,,0.75,19.05,1.5,38.1,6.2,9.226,"{""overall_width_A_in"": ""4 1/4"", ""length_bearing_B_in"": ""2 3/4"", ""sidebar_thk_D_in"": ""3/8"", ""tooth_face_F_in"": ""1 1/2""}",60000,266.9,12000,53.4,,,,Can-Am Chains Products Catalog (English/Imperial),,,WH-106,,,,,,,,,
CANAM-WR-132,Welded Steel Chains,WR-132,Can-Am WR-132 Offset Sidebar Welded Steel Mill Chain,,6.05,153.67,1,Active,catalog-verified,FALSE,Offset Sidebar Welded Steel Mill Chain,"sawmill,forestry,lumber,mill,welded steel,conveyor","carbon steel,heat-treated rivets",,1.75,44.45,,,1,25.4,2,50.8,14.1,20.981,"{""overall_width_A_in"": ""6 3/8"", ""length_bearing_B_in"": ""4 13/32"", ""sidebar_thk_D_in"": ""1/2"", ""tooth_face_F_in"": ""2 3/4""}",85500,380.3,14100,62.7,,,,Can-Am Chains Products Catalog (English/Imperial),,,WR-132,,,,,,,,,
CANAM-WH-132,Welded Steel Chains,WH-132,Can-Am WH-132 Offset Sidebar Welded Steel Mill Chain,,6.05,153.67,1,Active,catalog-verified,FALSE,Offset Sidebar Welded Steel Mill Chain,"sawmill,forestry,lumber,mill,welded steel,conveyor","carbon steel,heat-treated rivets",,1.75,44.45,,,1,25.4,2,50.8,14.1,20.981,"{""overall_width_A_in"": ""6 3/8"", ""length_bearing_B_in"": ""4 13/32"", ""sidebar_thk_D_in"": ""1/2"", ""tooth_face_F_in"": ""2 3/4""}",122000,542.7,20300,90.3,,,,Can-Am Chains Products Catalog (English/Imperial),,,WH-132,,,,,,,,,
CANAM-WR-150,Welded Steel Chains,WR-150,Can-Am WR-150 Offset Sidebar Welded Steel Mill Chain,,6.05,153.67,1,Active,catalog-verified,FALSE,Offset Sidebar Welded Steel Mill Chain,"sawmill,forestry,lumber,mill,welded steel,conveyor","carbon steel,heat-treated rivets",,1.75,44.45,,,1,25.4,2.5,63.5,16.3,24.254,"{""overall_width_A_in"": ""6 1/2"", ""length_bearing_B_in"": ""4 13/32"", ""sidebar_thk_D_in"": ""1/2"", ""tooth_face_F_in"": ""2 3/4""}",120000,533.8,19000,84.5,,,,Can-Am Chains Products Catalog (English/Imperial),,,WR-150,,,,,,,,,
CANAM-WH-150,Welded Steel Chains,WH-150,Can-Am WH-150 Offset Sidebar Welded Steel Mill Chain,,6.05,153.67,1,Active,catalog-verified,FALSE,Offset Sidebar Welded Steel Mill Chain,"sawmill,forestry,lumber,mill,welded steel,conveyor","carbon steel,heat-treated rivets",,1.75,44.45,,,1,25.4,2.5,63.5,16.3,24.254,"{""overall_width_A_in"": ""6 1/2"", ""length_bearing_B_in"": ""4 13/32"", ""sidebar_thk_D_in"": ""1/2"", ""tooth_face_F_in"": ""2 3/4""}",122000,542.7,20300,90.3,,,,Can-Am Chains Products Catalog (English/Imperial),,,WH-150,,,,,,,,,
CANAM-WR-155,Welded Steel Chains,WR-155,Can-Am WR-155 Offset Sidebar Welded Steel Mill Chain,,6.05,153.67,1,Active,catalog-verified,FALSE,Offset Sidebar Welded Steel Mill Chain,"sawmill,forestry,lumber,mill,welded steel,conveyor","carbon steel,heat-treated rivets",,1.75,44.45,,,1.125,28.57,2.5,63.5,19.0,28.272,"{""overall_width_A_in"": ""6 13/32"", ""length_bearing_B_in"": ""4 7/16"", ""sidebar_thk_D_in"": ""9/16"", ""tooth_face_F_in"": ""2 3/4""}",148000,658.3,22000,97.9,,,,Can-Am Chains Products Catalog (English/Imperial),,,WR-155,,,,,,,,,
CANAM-WH-155,Welded Steel Chains,WH-155,Can-Am WH-155 Offset Sidebar Welded Steel Mill Chain,,6.05,153.67,1,Active,catalog-verified,FALSE,Offset Sidebar Welded Steel Mill Chain,"sawmill,forestry,lumber,mill,welded steel,conveyor","carbon steel,heat-treated rivets",,1.75,44.45,,,1.125,28.57,2.5,63.5,19.0,28.272,"{""overall_width_A_in"": ""6 13/32"", ""length_bearing_B_in"": ""4 7/16"", ""sidebar_thk_D_in"": ""9/16"", ""tooth_face_F_in"": ""2 3/4""}",175000,778.4,29000,129.0,,,,Can-Am Chains Products Catalog (English/Imperial),,,WH-155,,,,,,,,,
CANAM-WR-157,Welded Steel Chains,WR-157,Can-Am WR-157 Offset Sidebar Welded Steel Mill Chain,,6.05,153.67,1,Active,catalog-verified,FALSE,Offset Sidebar Welded Steel Mill Chain,"sawmill,forestry,lumber,mill,welded steel,conveyor","carbon steel,heat-treated rivets",,1.75,44.45,,,1.125,28.57,2.5,63.5,20.0,29.76,"{""overall_width_A_in"": ""6 3/4"", ""length_bearing_B_in"": ""4 5/8"", ""sidebar_thk_D_in"": ""5/8"", ""tooth_face_F_in"": ""2 3/4""}",148000,658.3,22000,97.9,,,,Can-Am Chains Products Catalog (English/Imperial),,,WR-157,,,,,,,,,
CANAM-WH-157,Welded Steel Chains,WH-157,Can-Am WH-157 Offset Sidebar Welded Steel Mill Chain,,6.05,153.67,1,Active,catalog-verified,FALSE,Offset Sidebar Welded Steel Mill Chain,"sawmill,forestry,lumber,mill,welded steel,conveyor","carbon steel,heat-treated rivets",,1.75,44.45,,,1.125,28.57,2.5,63.5,20.0,29.76,"{""overall_width_A_in"": ""6 3/4"", ""length_bearing_B_in"": ""4 5/8"", ""sidebar_thk_D_in"": ""5/8"", ""tooth_face_F_in"": ""2 3/4""}",175000,778.4,29000,129.0,,,,Can-Am Chains Products Catalog (English/Imperial),,,WH-157,,,,,,,,,
CANAM-WR-159,Welded Steel Chains,WR-159,Can-Am WR-159 Offset Sidebar Welded Steel Mill Chain,,6.125,155.57,1,Active,catalog-verified,FALSE,Offset Sidebar Welded Steel Mill Chain,"sawmill,forestry,lumber,mill,welded steel,conveyor","carbon steel,heat-treated rivets",,1.9,48.26,,,1.25,31.75,3,76.2,26.0,38.688,"{""overall_width_A_in"": ""6 3/4"", ""length_bearing_B_in"": ""4 5/8"", ""sidebar_thk_D_in"": ""5/8"", ""tooth_face_F_in"": ""2 3/4""}",185000,822.9,28000,124.6,,,,Can-Am Chains Products Catalog (English/Imperial),,,WR-159,,,,,,,,,
CANAM-WH-159,Welded Steel Chains,WH-159,Can-Am WH-159 Offset Sidebar Welded Steel Mill Chain,,6.125,155.57,1,Active,catalog-verified,FALSE,Offset Sidebar Welded Steel Mill Chain,"sawmill,forestry,lumber,mill,welded steel,conveyor","carbon steel,heat-treated rivets",,1.9,48.26,,,1.25,31.75,3,76.2,26.0,38.688,"{""overall_width_A_in"": ""6 3/4"", ""length_bearing_B_in"": ""4 5/8"", ""sidebar_thk_D_in"": ""5/8"", ""tooth_face_F_in"": ""2 3/4""}",210000,934.1,32000,142.3,,,,Can-Am Chains Products Catalog (English/Imperial),,,WH-159,,,,,,,,,
CANAM-WR-200,Welded Steel Chains,WR-200,Can-Am WR-200 Offset Sidebar Welded Steel Mill Chain,,6.125,155.57,1,Active,catalog-verified,FALSE,Offset Sidebar Welded Steel Mill Chain,"sawmill,forestry,lumber,mill,welded steel,conveyor","carbon steel,heat-treated rivets",,1.9,48.26,,,1.25,31.75,2.5,63.5,22.1,32.885,"{""overall_width_A_in"": ""6 3/4"", ""length_bearing_B_in"": ""4 5/8"", ""sidebar_thk_D_in"": ""5/8"", ""tooth_face_F_in"": ""2 3/4""}",185000,822.9,28000,124.6,,,,Can-Am Chains Products Catalog (English/Imperial),,,WR-200,,,,,,,,,
CANAM-WH-200,Welded Steel Chains,WH-200,Can-Am WH-200 Offset Sidebar Welded Steel Mill Chain,,6.125,155.57,1,Active,catalog-verified,FALSE,Offset Sidebar Welded Steel Mill Chain,"sawmill,forestry,lumber,mill,welded steel,conveyor","carbon steel,heat-treated rivets",,1.9,48.26,,,1.25,31.75,2.5,63.5,22.1,32.885,"{""overall_width_A_in"": ""6 3/4"", ""length_bearing_B_in"": ""4 5/8"", ""sidebar_thk_D_in"": ""5/8"", ""tooth_face_F_in"": ""2 3/4""}",190000,845.2,32000,142.3,,,,Can-Am Chains Products Catalog (English/Imperial),,,WH-200,,,,,,,,,
CANAM-WRC78,Welded Steel Chains,WRC78,Can-Am WRC78 Straight Sidebar Welded Steel Mill Chain (C-Class),,2.609,66.27,1,Active,catalog-verified,FALSE,Straight Sidebar Welded Steel Mill Chain (C-Class),"sawmill,forestry,lumber,mill,welded steel,conveyor","carbon steel,heat-treated rivets",,0.84,21.34,,,0.5,12.7,1.25,31.75,4.3,6.398,"{""overall_width_A_in"": ""3"", ""length_bearing_B_in"": ""2"", ""sidebar_thk_D_in"": ""1/4"", ""tooth_face_F_in"": ""1""}",27000,120.1,4500,20.0,,,,Can-Am Chains Products Catalog (English/Imperial),,,WRC78,,,,,,,,,
CANAM-WHC78,Welded Steel Chains,WHC78,Can-Am WHC78 Straight Sidebar Welded Steel Mill Chain (C-Class),,2.609,66.27,1,Active,catalog-verified,FALSE,Straight Sidebar Welded Steel Mill Chain (C-Class),"sawmill,forestry,lumber,mill,welded steel,conveyor","carbon steel,heat-treated rivets",,0.84,21.34,,,0.5,12.7,1.25,31.75,4.3,6.398,"{""overall_width_A_in"": ""3"", ""length_bearing_B_in"": ""2"", ""sidebar_thk_D_in"": ""1/4"", ""tooth_face_F_in"": ""1""}",27000,120.1,4500,20.0,,,,Can-Am Chains Products Catalog (English/Imperial),,,WHC78,,,,,,,,,
CANAM-WRC82,Welded Steel Chains,WRC82,Can-Am WRC82 Straight Sidebar Welded Steel Mill Chain (C-Class),,3.075,78.11,1,Active,catalog-verified,FALSE,Straight Sidebar Welded Steel Mill Chain (C-Class),"sawmill,forestry,lumber,mill,welded steel,conveyor","carbon steel,heat-treated rivets",,0.84,21.34,,,0.562,14.29,1.25,31.75,3.5,5.208,"{""overall_width_A_in"": ""3 3/8"", ""length_bearing_B_in"": ""2 1/4"", ""sidebar_thk_D_in"": ""1/4"", ""tooth_face_F_in"": ""1""}",30000,133.4,5000,22.2,,,,Can-Am Chains Products Catalog (English/Imperial),,,WRC82,,,,,,,,,
CANAM-WHC82,Welded Steel Chains,WHC82,Can-Am WHC82 Straight Sidebar Welded Steel Mill Chain (C-Class),,3.075,78.11,1,Active,catalog-verified,FALSE,Straight Sidebar Welded Steel Mill Chain (C-Class),"sawmill,forestry,lumber,mill,welded steel,conveyor","carbon steel,heat-treated rivets",,0.84,21.34,,,0.562,14.29,1.25,31.75,3.5,5.208,"{""overall_width_A_in"": ""3 3/8"", ""length_bearing_B_in"": ""2 1/4"", ""sidebar_thk_D_in"": ""1/4"", ""tooth_face_F_in"": ""1""}",30000,133.4,5000,22.2,,,,Can-Am Chains Products Catalog (English/Imperial),,,WHC82,,,,,,,,,
CANAM-WHC131,Welded Steel Chains,WHC131,Can-Am WHC131 Straight Sidebar Welded Steel Mill Chain (C-Class),,3.075,78.11,1,Active,catalog-verified,FALSE,Straight Sidebar Welded Steel Mill Chain (C-Class),"sawmill,forestry,lumber,mill,welded steel,conveyor","carbon steel,heat-treated rivets",,1.25,31.75,,,0.75,19.05,1.5,38.1,6.8,10.118,"{""overall_width_A_in"": ""3 9/16"", ""length_bearing_B_in"": ""2"", ""sidebar_thk_D_in"": ""3/8"", ""tooth_face_F_in"": ""1""}",50400,224.2,8400,37.4,,,,Can-Am Chains Products Catalog (English/Imperial),,,WHC131,,,,,,,,,WRC131/WHC131 fits in 4-inch channel.
CANAM-WHC124,Welded Steel Chains,WHC124,Can-Am WHC124 Straight Sidebar Welded Steel Mill Chain (C-Class),,4,101.6,1,Active,catalog-verified,FALSE,Straight Sidebar Welded Steel Mill Chain (C-Class),"sawmill,forestry,lumber,mill,welded steel,conveyor","carbon steel,heat-treated rivets",,1.25,31.75,,,0.75,19.05,1.5,38.1,7.8,11.606,"{""overall_width_A_in"": ""4 1/4"", ""length_bearing_B_in"": ""2 3/4"", ""sidebar_thk_D_in"": ""3/8"", ""tooth_face_F_in"": ""1 1/2""}",50400,224.2,8400,37.4,,,,Can-Am Chains Products Catalog (English/Imperial),,,WHC124,,,,,,,,,
CANAM-WHC111,Welded Steel Chains,WHC111,Can-Am WHC111 Straight Sidebar Welded Steel Mill Chain (C-Class),,4.76,120.9,1,Active,catalog-verified,FALSE,Straight Sidebar Welded Steel Mill Chain (C-Class),"sawmill,forestry,lumber,mill,welded steel,conveyor","carbon steel,heat-treated rivets",,1.25,31.75,,,0.75,19.05,1.75,44.45,8.6,12.797,"{""overall_width_A_in"": ""4 13/16"", ""length_bearing_B_in"": ""3 3/8"", ""sidebar_thk_D_in"": ""3/8"", ""tooth_face_F_in"": ""1 3/4""}",50400,224.2,8400,37.4,,,,Can-Am Chains Products Catalog (English/Imperial),,,WHC111,,,,,,,,,
CANAM-WHC110,Welded Steel Chains,WHC110,Can-Am WHC110 Straight Sidebar Welded Steel Mill Chain (C-Class),,6,152.4,1,Active,catalog-verified,FALSE,Straight Sidebar Welded Steel Mill Chain (C-Class),"sawmill,forestry,lumber,mill,welded steel,conveyor","carbon steel,heat-treated rivets",,1.25,31.75,,,0.75,19.05,1.5,38.1,7.2,10.714,"{""overall_width_A_in"": ""4 1/4"", ""length_bearing_B_in"": ""2 3/4"", ""sidebar_thk_D_in"": ""3/8"", ""tooth_face_F_in"": ""1 1/2""}",50400,224.2,8400,37.4,,,,Can-Am Chains Products Catalog (English/Imperial),,,WHC110,,,,,,,,,
CANAM-WHC132,Welded Steel Chains,WHC132,Can-Am WHC132 Straight Sidebar Welded Steel Mill Chain (C-Class),,6.05,153.67,1,Active,catalog-verified,FALSE,Straight Sidebar Welded Steel Mill Chain (C-Class),"sawmill,forestry,lumber,mill,welded steel,conveyor","carbon steel,heat-treated rivets",,1.75,44.45,,,1,25.4,2,50.8,14.1,20.981,"{""overall_width_A_in"": ""6 1/2"", ""length_bearing_B_in"": ""4 13/32"", ""sidebar_thk_D_in"": ""1/2"", ""tooth_face_F_in"": ""2 3/4""}",85500,380.3,14100,62.7,,,,Can-Am Chains Products Catalog (English/Imperial),,,WHC132,,,,,,,,,
CANAM-WHC150,Welded Steel Chains,WHC150,Can-Am WHC150 Straight Sidebar Welded Steel Mill Chain (C-Class),,6.05,153.67,1,Active,catalog-verified,FALSE,Straight Sidebar Welded Steel Mill Chain (C-Class),"sawmill,forestry,lumber,mill,welded steel,conveyor","carbon steel,heat-treated rivets",,1.75,44.45,,,1,25.4,2.5,63.5,16.3,24.254,"{""overall_width_A_in"": ""6 1/2"", ""length_bearing_B_in"": ""4 13/32"", ""sidebar_thk_D_in"": ""1/2"", ""tooth_face_F_in"": ""2 3/4""}",120000,533.8,19000,84.5,,,,Can-Am Chains Products Catalog (English/Imperial),,,WHC150,,,,,,,,,
CANAM-WRC157,Welded Steel Chains,WRC157,Can-Am WRC157 Straight Sidebar Welded Steel Mill Chain (C-Class),,6.05,153.67,1,Active,catalog-verified,FALSE,Straight Sidebar Welded Steel Mill Chain (C-Class),"sawmill,forestry,lumber,mill,welded steel,conveyor","carbon steel,heat-treated rivets",,1.75,44.45,,,1.125,28.57,2.5,63.5,21.0,31.248,"{""overall_width_A_in"": ""6 3/4"", ""length_bearing_B_in"": ""4 5/8"", ""sidebar_thk_D_in"": ""5/8"", ""tooth_face_F_in"": ""2 3/4""}",125000,556.0,22000,97.9,,,,Can-Am Chains Products Catalog (English/Imperial),,,WRC157,,,,,,,,,
CANAM-WHC157,Welded Steel Chains,WHC157,Can-Am WHC157 Straight Sidebar Welded Steel Mill Chain (C-Class),,6.05,153.67,1,Active,catalog-verified,FALSE,Straight Sidebar Welded Steel Mill Chain (C-Class),"sawmill,forestry,lumber,mill,welded steel,conveyor","carbon steel,heat-treated rivets",,1.75,44.45,,,1.125,28.57,2.5,63.5,21.0,31.248,"{""overall_width_A_in"": ""6 3/4"", ""length_bearing_B_in"": ""4 5/8"", ""sidebar_thk_D_in"": ""5/8"", ""tooth_face_F_in"": ""2 3/4""}",125000,556.0,22000,97.9,,,,Can-Am Chains Products Catalog (English/Imperial),,,WHC157,,,,,,,,,
CANAM-WR-78XHD,Welded Steel Chains,WR-78XHD,Can-Am WR-78XHD Extra Heavy Duty Welded Steel Mill Chain (XHD),,2.636,66.95,1,Active,catalog-verified,FALSE,Extra Heavy Duty Welded Steel Mill Chain (XHD),"sawmill,forestry,lumber,mill,welded steel,conveyor","carbon steel,heat-treated rivets",,1,25.4,,,0.562,14.29,1.25,31.75,6.3,9.374,"{""overall_width_A_in"": ""3 3/8"", ""length_bearing_B_in"": ""2"", ""sidebar_thk_D_in"": ""3/8"", ""tooth_face_F_in"": ""1""}",36000,160.1,6000,26.7,,,,Can-Am Chains Products Catalog (English/Imperial),,,WR-78XHD,,,,,,,,,78XHD fits in 4-inch channel.
CANAM-WH-78XHD,Welded Steel Chains,WH-78XHD,Can-Am WH-78XHD Extra Heavy Duty Welded Steel Mill Chain (XHD),,2.636,66.95,1,Active,catalog-verified,FALSE,Extra Heavy Duty Welded Steel Mill Chain (XHD),"sawmill,forestry,lumber,mill,welded steel,conveyor","carbon steel,heat-treated rivets",,1,25.4,,,0.562,14.29,1.25,31.75,6.3,9.374,"{""overall_width_A_in"": ""3 3/8"", ""length_bearing_B_in"": ""2"", ""sidebar_thk_D_in"": ""3/8"", ""tooth_face_F_in"": ""1""}",36000,160.1,6000,26.7,,,,Can-Am Chains Products Catalog (English/Imperial),,,WH-78XHD,,,,,,,,,78XHD fits in 4-inch channel.
CANAM-WR-82XHD,Welded Steel Chains,WR-82XHD,Can-Am WR-82XHD Extra Heavy Duty Welded Steel Mill Chain (XHD),,3.075,78.11,1,Active,catalog-verified,FALSE,Extra Heavy Duty Welded Steel Mill Chain (XHD),"sawmill,forestry,lumber,mill,welded steel,conveyor","carbon steel,heat-treated rivets",,1.25,31.75,,,0.75,19.05,1.5,38.1,8.5,12.648,"{""overall_width_A_in"": ""3 3/4"", ""length_bearing_B_in"": ""2 3/8"", ""sidebar_thk_D_in"": ""3/8"", ""tooth_face_F_in"": ""1 1/8""}",50400,224.2,8400,37.4,,,,Can-Am Chains Products Catalog (English/Imperial),,,WR-82XHD,,,,,,,,,
CANAM-WH-82XHD,Welded Steel Chains,WH-82XHD,Can-Am WH-82XHD Extra Heavy Duty Welded Steel Mill Chain (XHD),,3.075,78.11,1,Active,catalog-verified,FALSE,Extra Heavy Duty Welded Steel Mill Chain (XHD),"sawmill,forestry,lumber,mill,welded steel,conveyor","carbon steel,heat-treated rivets",,1.25,31.75,,,0.75,19.05,1.5,38.1,8.5,12.648,"{""overall_width_A_in"": ""3 3/4"", ""length_bearing_B_in"": ""2 3/8"", ""sidebar_thk_D_in"": ""3/8"", ""tooth_face_F_in"": ""1 1/8""}",57000,253.5,9500,42.3,,,,Can-Am Chains Products Catalog (English/Imperial),,,WH-82XHD,,,,,,,,,
CANAM-WR-124XHD,Welded Steel Chains,WR-124XHD,Can-Am WR-124XHD Extra Heavy Duty Welded Steel Mill Chain (XHD),,4.063,103.2,1,Active,catalog-verified,FALSE,Extra Heavy Duty Welded Steel Mill Chain (XHD),"sawmill,forestry,lumber,mill,welded steel,conveyor","carbon steel,heat-treated rivets",,1.625,41.27,,,1,25.4,2,50.8,14.6,21.725,"{""overall_width_A_in"": ""4 7/8"", ""length_bearing_B_in"": ""3"", ""sidebar_thk_D_in"": ""1/2"", ""tooth_face_F_in"": ""1 1/2""}",85000,378.1,14200,63.2,,,,Can-Am Chains Products Catalog (English/Imperial),,,WR-124XHD,,,,,,,,,
CANAM-WH-124XHD,Welded Steel Chains,WH-124XHD,Can-Am WH-124XHD Extra Heavy Duty Welded Steel Mill Chain (XHD),,4.063,103.2,1,Active,catalog-verified,FALSE,Extra Heavy Duty Welded Steel Mill Chain (XHD),"sawmill,forestry,lumber,mill,welded steel,conveyor","carbon steel,heat-treated rivets",,1.625,41.27,,,1,25.4,2,50.8,14.6,21.725,"{""overall_width_A_in"": ""4 7/8"", ""length_bearing_B_in"": ""3"", ""sidebar_thk_D_in"": ""1/2"", ""tooth_face_F_in"": ""1 1/2""}",122000,542.7,20400,90.7,,,,Can-Am Chains Products Catalog (English/Imperial),,,WH-124XHD,,,,,,,,,
CANAM-WR-106XHD,Welded Steel Chains,WR-106XHD,Can-Am WR-106XHD Extra Heavy Duty Welded Steel Mill Chain (XHD),,6.05,153.67,1,Active,catalog-verified,FALSE,Extra Heavy Duty Welded Steel Mill Chain (XHD),"sawmill,forestry,lumber,mill,welded steel,conveyor","carbon steel,heat-treated rivets",,1.75,44.45,,,1,25.4,2,50.8,11.8,17.558,"{""overall_width_A_in"": ""4 7/8"", ""length_bearing_B_in"": ""3"", ""sidebar_thk_D_in"": ""1/2"", ""tooth_face_F_in"": ""1 1/2""}",85000,378.1,14200,63.2,,,,Can-Am Chains Products Catalog (English/Imperial),,,WR-106XHD,,,,,,,,,
CANAM-WH-106XHD,Welded Steel Chains,WH-106XHD,Can-Am WH-106XHD Extra Heavy Duty Welded Steel Mill Chain (XHD),,6.05,153.67,1,Active,catalog-verified,FALSE,Extra Heavy Duty Welded Steel Mill Chain (XHD),"sawmill,forestry,lumber,mill,welded steel,conveyor","carbon steel,heat-treated rivets",,1.75,44.45,,,1,25.4,2,50.8,11.8,17.558,"{""overall_width_A_in"": ""4 7/8"", ""length_bearing_B_in"": ""3"", ""sidebar_thk_D_in"": ""1/2"", ""tooth_face_F_in"": ""1 1/2""}",122000,542.7,20400,90.7,,,,Can-Am Chains Products Catalog (English/Imperial),,,WH-106XHD,,,,,,,,,
CANAM-WR-132XHD,Welded Steel Chains,WR-132XHD,Can-Am WR-132XHD Extra Heavy Duty Welded Steel Mill Chain (XHD),,6.05,153.67,1,Active,catalog-verified,FALSE,Extra Heavy Duty Welded Steel Mill Chain (XHD),"sawmill,forestry,lumber,mill,welded steel,conveyor","carbon steel,heat-treated rivets",,1.75,44.45,,,1,25.4,2,50.8,15.3,22.766,"{""overall_width_A_in"": ""6 3/4"", ""length_bearing_B_in"": ""4 21/32"", ""sidebar_thk_D_in"": ""5/8"", ""tooth_face_F_in"": ""2 3/4""}",120000,533.8,20000,89.0,,,,Can-Am Chains Products Catalog (English/Imperial),,,WR-132XHD,,,,,,,,,
CANAM-WH-132XHD,Welded Steel Chains,WH-132XHD,Can-Am WH-132XHD Extra Heavy Duty Welded Steel Mill Chain (XHD),,6.05,153.67,1,Active,catalog-verified,FALSE,Extra Heavy Duty Welded Steel Mill Chain (XHD),"sawmill,forestry,lumber,mill,welded steel,conveyor","carbon steel,heat-treated rivets",,1.75,44.45,,,1,25.4,2,50.8,15.3,22.766,"{""overall_width_A_in"": ""6 3/4"", ""length_bearing_B_in"": ""4 21/32"", ""sidebar_thk_D_in"": ""5/8"", ""tooth_face_F_in"": ""2 3/4""}",122000,542.7,20400,90.7,,,,Can-Am Chains Products Catalog (English/Imperial),,,WH-132XHD,,,,,,,,,
CANAM-WRC82XHD,Welded Steel Chains,WRC82XHD,Can-Am WRC82XHD Extra Heavy Duty Welded Steel Mill Chain (XHD),,3.075,78.11,1,Active,catalog-verified,FALSE,Extra Heavy Duty Welded Steel Mill Chain (XHD),"sawmill,forestry,lumber,mill,welded steel,conveyor","carbon steel,heat-treated rivets",,1.25,31.75,,,0.75,19.05,1.5,38.1,8.3,12.35,"{""overall_width_A_in"": ""3 3/4"", ""length_bearing_B_in"": ""2 3/8"", ""sidebar_thk_D_in"": ""3/8"", ""tooth_face_F_in"": ""1 1/8""}",50400,224.2,8400,37.4,,,,Can-Am Chains Products Catalog (English/Imperial),,,WRC82XHD,,,,,,,,,
CANAM-WHC82XHD,Welded Steel Chains,WHC82XHD,Can-Am WHC82XHD Extra Heavy Duty Welded Steel Mill Chain (XHD),,3.075,78.11,1,Active,catalog-verified,FALSE,Extra Heavy Duty Welded Steel Mill Chain (XHD),"sawmill,forestry,lumber,mill,welded steel,conveyor","carbon steel,heat-treated rivets",,1.25,31.75,,,0.75,19.05,1.5,38.1,8.3,12.35,"{""overall_width_A_in"": ""3 3/4"", ""length_bearing_B_in"": ""2 3/8"", ""sidebar_thk_D_in"": ""3/8"", ""tooth_face_F_in"": ""1 1/8""}",57000,253.5,9500,42.3,,,,Can-Am Chains Products Catalog (English/Imperial),,,WHC82XHD,,,,,,,,,
CANAM-WHC124XHD,Welded Steel Chains,WHC124XHD,Can-Am WHC124XHD Extra Heavy Duty Welded Steel Mill Chain (XHD),,4.063,103.2,1,Active,catalog-verified,FALSE,Extra Heavy Duty Welded Steel Mill Chain (XHD),"sawmill,forestry,lumber,mill,welded steel,conveyor","carbon steel,heat-treated rivets",,1.625,41.27,,,1,25.4,2,50.8,14.6,21.725,"{""overall_width_A_in"": ""4 7/8"", ""length_bearing_B_in"": ""3"", ""sidebar_thk_D_in"": ""1/2"", ""tooth_face_F_in"": ""1 1/2""}",122000,542.7,20400,90.7,,,,Can-Am Chains Products Catalog (English/Imperial),,,WHC124XHD,,,,,,,,,
CANAM-WHC110XHD,Welded Steel Chains,WHC110XHD,Can-Am WHC110XHD Extra Heavy Duty Welded Steel Mill Chain (XHD),,6.05,153.67,1,Active,catalog-verified,FALSE,Extra Heavy Duty Welded Steel Mill Chain (XHD),"sawmill,forestry,lumber,mill,welded steel,conveyor","carbon steel,heat-treated rivets",,1.75,44.45,,,1,25.4,2,50.8,11.8,17.558,"{""overall_width_A_in"": ""4 7/8"", ""length_bearing_B_in"": ""3"", ""sidebar_thk_D_in"": ""1/2"", ""tooth_face_F_in"": ""1 1/2""}",122000,542.7,20400,90.7,,,,Can-Am Chains Products Catalog (English/Imperial),,,WHC110XHD,,,,,,,,,
CANAM-WHC132XHD,Welded Steel Chains,WHC132XHD,Can-Am WHC132XHD Extra Heavy Duty Welded Steel Mill Chain (XHD),,6.05,153.67,1,Active,catalog-verified,FALSE,Extra Heavy Duty Welded Steel Mill Chain (XHD),"sawmill,forestry,lumber,mill,welded steel,conveyor","carbon steel,heat-treated rivets",,1.75,44.45,,,1,25.4,2,50.8,15.3,22.766,"{""overall_width_A_in"": ""6 3/4"", ""length_bearing_B_in"": ""4 21/32"", ""sidebar_thk_D_in"": ""5/8"", ""tooth_face_F_in"": ""2 3/4""}",122000,542.7,20400,90.7,,,,Can-Am Chains Products Catalog (English/Imperial),,,WHC132XHD,,,,,,,,,
CANAM-WH-144-IBR,Welded Steel Chains,WH-144 IBR,Can-Am WH-144 IBR OSB Welded Steel Mill Chain (IBR),,4,101.6,1,Active,catalog-verified,FALSE,OSB Welded Steel Mill Chain (IBR),"sawmill,forestry,lumber,mill,welded steel,conveyor","carbon steel,induction-hardened",,1.625,41.27,,,1,25.4,1.75,44.45,12.5,18.6,"{""overall_width_A_in"": ""4 5/16"", ""length_bearing_B_in"": ""2 3/4"", ""sidebar_thk_D_in"": ""3/8"", ""tooth_face_F_in"": ""1 1/2"", ""heat_treat"": ""induction-hardened barrels & rivets (IBR)""}",85000,378.1,14200,63.2,,,,Can-Am Chains Products Catalog (English/Imperial),,,WH-144 IBR,,,,,,,,,
CANAM-WH-166-IBR,Welded Steel Chains,WH-166 IBR,Can-Am WH-166 IBR OSB Welded Steel Mill Chain (IBR),,6,152.4,1,Active,catalog-verified,FALSE,OSB Welded Steel Mill Chain (IBR),"sawmill,forestry,lumber,mill,welded steel,conveyor","carbon steel,induction-hardened",,1.625,41.27,,,1,25.4,1.75,44.45,11.7,17.41,"{""overall_width_A_in"": ""4 1/4"", ""length_bearing_B_in"": ""2 3/4"", ""sidebar_thk_D_in"": ""3/8"", ""tooth_face_F_in"": ""1 1/2"", ""heat_treat"": ""induction-hardened barrels & rivets (IBR)""}",85000,378.1,14200,63.2,,,,Can-Am Chains Products Catalog (English/Imperial),,,WH-166 IBR,,,,,,,,,
CANAM-WD-102,Drag / Scraper Chains,WD-102,Can-Am WD-102 Welded Steel Drag Chain,,5,127.0,1,Active,catalog-verified,FALSE,Welded Steel Drag Chain,"sawmill,refuse,hog fuel,drag conveyor,welded steel","carbon steel,heat-treated rivets",,,,,,0.75,19.05,1.5,38.1,12.0,17.856,"{""overall_width_A_in"": ""9 1/4"", ""length_bearing_B_in"": ""7 3/4"", ""sidebar_thk_D_in"": ""3/8"", ""tooth_face_F_in"": ""6 3/8""}",51000,226.9,10200,45.4,,,,Can-Am Chains Products Catalog (English/Imperial),,,WD-102,,,,,,,,,Pin also available in 1-inch dia.
CANAM-WD-104,Drag / Scraper Chains,WD-104,Can-Am WD-104 Welded Steel Drag Chain,,6,152.4,1,Active,catalog-verified,FALSE,Welded Steel Drag Chain,"sawmill,refuse,hog fuel,drag conveyor,welded steel","carbon steel,heat-treated rivets",,,,,,0.75,19.05,1.5,38.1,8.1,12.053,"{""overall_width_A_in"": ""6 3/4"", ""length_bearing_B_in"": ""5 3/8"", ""sidebar_thk_D_in"": ""3/8"", ""tooth_face_F_in"": ""4 1/8""}",51000,226.9,10200,45.4,,,,Can-Am Chains Products Catalog (English/Imperial),,,WD-104,,,,,,,,,Pin also available in 1-inch dia.
CANAM-WD-110,Drag / Scraper Chains,WD-110,Can-Am WD-110 Welded Steel Drag Chain,,6,152.4,1,Active,catalog-verified,FALSE,Welded Steel Drag Chain,"sawmill,refuse,hog fuel,drag conveyor,welded steel","carbon steel,heat-treated rivets",,,,,,0.75,19.05,1.5,38.1,12.0,17.856,"{""overall_width_A_in"": ""11 3/4"", ""length_bearing_B_in"": ""10 1/4"", ""sidebar_thk_D_in"": ""3/8"", ""tooth_face_F_in"": ""9""}",51000,226.9,10200,45.4,,,,Can-Am Chains Products Catalog (English/Imperial),,,WD-110,,,,,,,,,Pin also available in 1-inch dia.
CANAM-WD-112,Drag / Scraper Chains,WD-112,Can-Am WD-112 Welded Steel Drag Chain,,8,203.2,1,Active,catalog-verified,FALSE,Welded Steel Drag Chain,"sawmill,refuse,hog fuel,drag conveyor,welded steel","carbon steel,heat-treated rivets",,,,,,0.75,19.05,1.5,38.1,9.5,14.136,"{""overall_width_A_in"": ""11 3/4"", ""length_bearing_B_in"": ""10 1/4"", ""sidebar_thk_D_in"": ""3/8"", ""tooth_face_F_in"": ""9""}",51000,226.9,10200,45.4,,,,Can-Am Chains Products Catalog (English/Imperial),,,WD-112,,,,,,,,,Pin also available in 1-inch dia.
CANAM-WD-116,Drag / Scraper Chains,WD-116,Can-Am WD-116 Welded Steel Drag Chain,,8,203.2,1,Active,catalog-verified,FALSE,Welded Steel Drag Chain,"sawmill,refuse,hog fuel,drag conveyor,welded steel","carbon steel,heat-treated rivets",,,,,,0.75,19.05,1.75,44.45,13.8,20.534,"{""overall_width_A_in"": ""15 1/2"", ""length_bearing_B_in"": ""14 1/8"", ""sidebar_thk_D_in"": ""3/8"", ""tooth_face_F_in"": ""13""}",51000,226.9,10200,45.4,,,,Can-Am Chains Products Catalog (English/Imperial),,,WD-116,,,,,,,,,Pin also available in 1-inch dia.
CANAM-WD-118,Drag / Scraper Chains,WD-118,Can-Am WD-118 Welded Steel Drag Chain,,8,203.2,1,Active,catalog-verified,FALSE,Welded Steel Drag Chain,"sawmill,refuse,hog fuel,drag conveyor,welded steel","carbon steel,heat-treated rivets",,,,,,0.875,22.22,2,50.8,18.7,27.826,"{""overall_width_A_in"": ""16 5/8"", ""length_bearing_B_in"": ""14 7/8"", ""sidebar_thk_D_in"": ""1/2"", ""tooth_face_F_in"": ""13 1/4""}",70000,311.4,14000,62.3,,,,Can-Am Chains Products Catalog (English/Imperial),,,WD-118,,,,,,,,,Pin also available in 1-inch dia.
CANAM-WD-120,Drag / Scraper Chains,WD-120,Can-Am WD-120 Welded Steel Drag Chain,,6,152.4,1,Active,catalog-verified,FALSE,Welded Steel Drag Chain,"sawmill,refuse,hog fuel,drag conveyor,welded steel","carbon steel,heat-treated rivets",,,,,,0.875,22.22,2,50.8,18.4,27.379,"{""overall_width_A_in"": ""12"", ""length_bearing_B_in"": ""10 1/4"", ""sidebar_thk_D_in"": ""1/2"", ""tooth_face_F_in"": ""8 3/4""}",70000,311.4,14000,62.3,,,,Can-Am Chains Products Catalog (English/Imperial),,,WD-120,,,,,,,,,Pin also available in 1-inch dia.
CANAM-WD-122,Drag / Scraper Chains,WD-122,Can-Am WD-122 Welded Steel Drag Chain,,8,203.2,1,Active,catalog-verified,FALSE,Welded Steel Drag Chain,"sawmill,refuse,hog fuel,drag conveyor,welded steel","carbon steel,heat-treated rivets",,,,,,0.875,22.22,2,50.8,15.3,22.766,"{""overall_width_A_in"": ""12"", ""length_bearing_B_in"": ""10 1/4"", ""sidebar_thk_D_in"": ""1/2"", ""tooth_face_F_in"": ""8 3/4""}",70000,311.4,14000,62.3,,,,Can-Am Chains Products Catalog (English/Imperial),,,WD-122,,,,,,,,,Pin also available in 1-inch dia.
CANAM-WD-480,Drag / Scraper Chains,WD-480,Can-Am WD-480 Welded Steel Drag Chain,,8,203.2,1,Active,catalog-verified,FALSE,Welded Steel Drag Chain,"sawmill,refuse,hog fuel,drag conveyor,welded steel","carbon steel,heat-treated rivets",,,,,,0.875,22.22,2,50.8,17.1,25.445,"{""overall_width_A_in"": ""14 1/2"", ""length_bearing_B_in"": ""12 3/4"", ""sidebar_thk_D_in"": ""1/2"", ""tooth_face_F_in"": ""11""}",70000,311.4,14000,62.3,,,,Can-Am Chains Products Catalog (English/Imperial),,,WD-480,,,,,,,,,Pin also available in 1-inch dia.
CANAM-WD-120XHD,Drag / Scraper Chains,WD-120XHD,Can-Am WD-120XHD Extra Heavy Duty Welded Steel Drag Chain (XHD),,6,152.4,1,Active,catalog-verified,FALSE,Extra Heavy Duty Welded Steel Drag Chain (XHD),"sawmill,refuse,hog fuel,drag conveyor,welded steel","carbon steel,heat-treated rivets",,,,,,1,25.4,2,50.8,22.5,33.48,"{""overall_width_A_in"": ""12 3/4"", ""length_bearing_B_in"": ""10 1/2"", ""sidebar_thk_D_in"": ""5/8"", ""tooth_face_F_in"": ""8 3/4""}",122000,542.7,24400,108.5,,,,Can-Am Chains Products Catalog (English/Imperial),,,WD-120XHD,,,,,,,,,
CANAM-WD-118XHD,Drag / Scraper Chains,WD-118XHD,Can-Am WD-118XHD Extra Heavy Duty Welded Steel Drag Chain (XHD),,8,203.2,1,Active,catalog-verified,FALSE,Extra Heavy Duty Welded Steel Drag Chain (XHD),"sawmill,refuse,hog fuel,drag conveyor,welded steel","carbon steel,heat-treated rivets",,,,,,1,25.4,2,50.8,22.5,33.48,"{""overall_width_A_in"": ""17 3/8"", ""length_bearing_B_in"": ""15 1/8"", ""sidebar_thk_D_in"": ""5/8"", ""tooth_face_F_in"": ""11""}",122000,542.7,24400,108.5,,,,Can-Am Chains Products Catalog (English/Imperial),,,WD-118XHD,,,,,,,,,
CANAM-WD-122XHD,Drag / Scraper Chains,WD-122XHD,Can-Am WD-122XHD Extra Heavy Duty Welded Steel Drag Chain (XHD),,8,203.2,1,Active,catalog-verified,FALSE,Extra Heavy Duty Welded Steel Drag Chain (XHD),"sawmill,refuse,hog fuel,drag conveyor,welded steel","carbon steel,heat-treated rivets",,,,,,1,25.4,2,50.8,19.5,29.016,"{""overall_width_A_in"": ""12 3/4"", ""length_bearing_B_in"": ""10 1/2"", ""sidebar_thk_D_in"": ""5/8"", ""tooth_face_F_in"": ""8 3/4""}",122000,542.7,24400,108.5,,,,Can-Am Chains Products Catalog (English/Imperial),,,WD-122XHD,,,,,,,,,
CANAM-WD-480XHD,Drag / Scraper Chains,WD-480XHD,Can-Am WD-480XHD Extra Heavy Duty Welded Steel Drag Chain (XHD),,8,203.2,1,Active,catalog-verified,FALSE,Extra Heavy Duty Welded Steel Drag Chain (XHD),"sawmill,refuse,hog fuel,drag conveyor,welded steel","carbon steel,heat-treated rivets",,,,,,1,25.4,2,50.8,21.0,31.248,"{""overall_width_A_in"": ""15 1/4"", ""length_bearing_B_in"": ""13"", ""sidebar_thk_D_in"": ""5/8"", ""tooth_face_F_in"": ""11""}",122000,542.7,24400,108.5,,,,Can-Am Chains Products Catalog (English/Imperial),,,WD-480XHD,,,,,,,,,
CANAM-WDRS118-SH,Drag / Scraper Chains,WDRS118-SH,Can-Am WDRS118-SH Super Hog Drag Chain,,8,203.2,1,Active,catalog-verified,FALSE,Super Hog Drag Chain,"sawmill,refuse,hog fuel,drag conveyor,welded steel","carbon steel,heat-treated rivets",,,,,,1,25.4,2,50.8,22.0,32.736,"{""overall_width_A_in"": ""16 5/8"", ""length_bearing_B_in"": ""14 7/8"", ""sidebar_thk_D_in"": ""1/2"", ""tooth_face_F_in"": ""13 1/4""}",85500,380.3,17100,76.1,,,,Can-Am Chains Products Catalog (English/Imperial),,,WDRS118-SH,,,,,,,,,
CANAM-WDRS118-XHDSH,Drag / Scraper Chains,WDRS118-XHDSH,Can-Am WDRS118-XHDSH Super Hog Drag Chain,,8,203.2,1,Active,catalog-verified,FALSE,Super Hog Drag Chain,"sawmill,refuse,hog fuel,drag conveyor,welded steel","carbon steel,heat-treated rivets",,,,,,1,25.4,2,50.8,24.5,36.456,"{""overall_width_A_in"": ""17 3/8"", ""length_bearing_B_in"": ""14 7/8"", ""sidebar_thk_D_in"": ""5/8"", ""tooth_face_F_in"": ""13 1/4""}",122000,542.7,24400,108.5,,,,Can-Am Chains Products Catalog (English/Imperial),,,WDRS118-XHDSH,,,,,,,,,
CANAM-WDRS120-SH,Drag / Scraper Chains,WDRS120-SH,Can-Am WDRS120-SH Super Hog Drag Chain,,6,152.4,1,Active,catalog-verified,FALSE,Super Hog Drag Chain,"sawmill,refuse,hog fuel,drag conveyor,welded steel","carbon steel,heat-treated rivets",,,,,,1,25.4,2,50.8,22.0,32.736,"{""overall_width_A_in"": ""12"", ""length_bearing_B_in"": ""10 1/4"", ""sidebar_thk_D_in"": ""1/2"", ""tooth_face_F_in"": ""8 3/4""}",85500,380.3,17100,76.1,,,,Can-Am Chains Products Catalog (English/Imperial),,,WDRS120-SH,,,,,,,,,
CANAM-WDRS120-XHDSH,Drag / Scraper Chains,WDRS120-XHDSH,Can-Am WDRS120-XHDSH Super Hog Drag Chain,,6,152.4,1,Active,catalog-verified,FALSE,Super Hog Drag Chain,"sawmill,refuse,hog fuel,drag conveyor,welded steel","carbon steel,heat-treated rivets",,,,,,1,25.4,2,50.8,24.0,35.712,"{""overall_width_A_in"": ""12 3/4"", ""length_bearing_B_in"": ""10 1/4"", ""sidebar_thk_D_in"": ""5/8"", ""tooth_face_F_in"": ""8 3/4""}",122000,542.7,24400,108.5,,,,Can-Am Chains Products Catalog (English/Imperial),,,WDRS120-XHDSH,,,,,,,,,
CANAM-WDRS122-SH,Drag / Scraper Chains,WDRS122-SH,Can-Am WDRS122-SH Super Hog Drag Chain,,8,203.2,1,Active,catalog-verified,FALSE,Super Hog Drag Chain,"sawmill,refuse,hog fuel,drag conveyor,welded steel","carbon steel,heat-treated rivets",,,,,,1,25.4,2,50.8,17.5,26.04,"{""overall_width_A_in"": ""12"", ""length_bearing_B_in"": ""10 1/4"", ""sidebar_thk_D_in"": ""1/2"", ""tooth_face_F_in"": ""8 3/4""}",85500,380.3,17100,76.1,,,,Can-Am Chains Products Catalog (English/Imperial),,,WDRS122-SH,,,,,,,,,
CANAM-WDRS122-XHDSH,Drag / Scraper Chains,WDRS122-XHDSH,Can-Am WDRS122-XHDSH Super Hog Drag Chain,,8,203.2,1,Active,catalog-verified,FALSE,Super Hog Drag Chain,"sawmill,refuse,hog fuel,drag conveyor,welded steel","carbon steel,heat-treated rivets",,,,,,1,25.4,2,50.8,20.0,29.76,"{""overall_width_A_in"": ""12 3/4"", ""length_bearing_B_in"": ""10 1/4"", ""sidebar_thk_D_in"": ""5/8"", ""tooth_face_F_in"": ""8 3/4""}",122000,542.7,24400,108.5,,,,Can-Am Chains Products Catalog (English/Imperial),,,WDRS122-XHDSH,,,,,,,,,
CANAM-WDRS480-SH,Drag / Scraper Chains,WDRS480-SH,Can-Am WDRS480-SH Super Hog Drag Chain,,8,203.2,1,Active,catalog-verified,FALSE,Super Hog Drag Chain,"sawmill,refuse,hog fuel,drag conveyor,welded steel","carbon steel,heat-treated rivets",,,,,,1,25.4,2,50.8,21.5,31.992,"{""overall_width_A_in"": ""14 1/2"", ""length_bearing_B_in"": ""12 3/4"", ""sidebar_thk_D_in"": ""1/2"", ""tooth_face_F_in"": ""11""}",85500,380.3,17100,76.1,,,,Can-Am Chains Products Catalog (English/Imperial),,,WDRS480-SH,,,,,,,,,
CANAM-WDRS480-XHDSH,Drag / Scraper Chains,WDRS480-XHDSH,Can-Am WDRS480-XHDSH Super Hog Drag Chain,,8,203.2,1,Active,catalog-verified,FALSE,Super Hog Drag Chain,"sawmill,refuse,hog fuel,drag conveyor,welded steel","carbon steel,heat-treated rivets",,,,,,1,25.4,2,50.8,23.0,34.224,"{""overall_width_A_in"": ""15 1/4"", ""length_bearing_B_in"": ""13"", ""sidebar_thk_D_in"": ""5/8"", ""tooth_face_F_in"": ""11""}",122000,542.7,24400,108.5,,,,Can-Am Chains Products Catalog (English/Imperial),,,WDRS480-XHDSH,,,,,,,,,
CANAM-WDRS118-WH,Drag / Scraper Chains,WDRS118-WH,Can-Am WDRS118-WH Whole Hog Drag Chain,,8,203.2,1,Active,catalog-verified,FALSE,Whole Hog Drag Chain,"sawmill,refuse,hog fuel,drag conveyor,welded steel","carbon steel,heat-treated rivets",,,,,,1,25.4,2,50.8,25.5,37.944,"{""overall_width_A_in"": ""16 5/8"", ""length_bearing_B_in"": ""14 7/8"", ""sidebar_thk_D_in"": ""1/2"", ""tooth_face_F_in"": ""13 1/4""}",85500,380.3,17100,76.1,,,,Can-Am Chains Products Catalog (English/Imperial),,,WDRS118-WH,,,,,,,,,
CANAM-WDRS118-XHDWH,Drag / Scraper Chains,WDRS118-XHDWH,Can-Am WDRS118-XHDWH Whole Hog Drag Chain,,8,203.2,1,Active,catalog-verified,FALSE,Whole Hog Drag Chain,"sawmill,refuse,hog fuel,drag conveyor,welded steel","carbon steel,heat-treated rivets",,,,,,1,25.4,2,50.8,28.0,41.664,"{""overall_width_A_in"": ""17 3/8"", ""length_bearing_B_in"": ""14 7/8"", ""sidebar_thk_D_in"": ""5/8"", ""tooth_face_F_in"": ""13 1/4""}",122000,542.7,24400,108.5,,,,Can-Am Chains Products Catalog (English/Imperial),,,WDRS118-XHDWH,,,,,,,,,
CANAM-WDRS120-WH,Drag / Scraper Chains,WDRS120-WH,Can-Am WDRS120-WH Whole Hog Drag Chain,,6,152.4,1,Active,catalog-verified,FALSE,Whole Hog Drag Chain,"sawmill,refuse,hog fuel,drag conveyor,welded steel","carbon steel,heat-treated rivets",,,,,,1,25.4,2,50.8,24.0,35.712,"{""overall_width_A_in"": ""12"", ""length_bearing_B_in"": ""10 1/4"", ""sidebar_thk_D_in"": ""1/2"", ""tooth_face_F_in"": ""8 3/4""}",85500,380.3,17100,76.1,,,,Can-Am Chains Products Catalog (English/Imperial),,,WDRS120-WH,,,,,,,,,
CANAM-WDRS120-XHDWH,Drag / Scraper Chains,WDRS120-XHDWH,Can-Am WDRS120-XHDWH Whole Hog Drag Chain,,6,152.4,1,Active,catalog-verified,FALSE,Whole Hog Drag Chain,"sawmill,refuse,hog fuel,drag conveyor,welded steel","carbon steel,heat-treated rivets",,,,,,1,25.4,2,50.8,27.0,40.176,"{""overall_width_A_in"": ""12 3/4"", ""length_bearing_B_in"": ""10 1/4"", ""sidebar_thk_D_in"": ""5/8"", ""tooth_face_F_in"": ""8 3/4""}",122000,542.7,24400,108.5,,,,Can-Am Chains Products Catalog (English/Imperial),,,WDRS120-XHDWH,,,,,,,,,
CANAM-WDRS122-WH,Drag / Scraper Chains,WDRS122-WH,Can-Am WDRS122-WH Whole Hog Drag Chain,,8,203.2,1,Active,catalog-verified,FALSE,Whole Hog Drag Chain,"sawmill,refuse,hog fuel,drag conveyor,welded steel","carbon steel,heat-treated rivets",,,,,,1,25.4,2,50.8,20.0,29.76,"{""overall_width_A_in"": ""12"", ""length_bearing_B_in"": ""10 1/4"", ""sidebar_thk_D_in"": ""1/2"", ""tooth_face_F_in"": ""8 3/4""}",85500,380.3,17100,76.1,,,,Can-Am Chains Products Catalog (English/Imperial),,,WDRS122-WH,,,,,,,,,
CANAM-WDRS122-XHDWH,Drag / Scraper Chains,WDRS122-XHDWH,Can-Am WDRS122-XHDWH Whole Hog Drag Chain,,8,203.2,1,Active,catalog-verified,FALSE,Whole Hog Drag Chain,"sawmill,refuse,hog fuel,drag conveyor,welded steel","carbon steel,heat-treated rivets",,,,,,1,25.4,2,50.8,22.0,32.736,"{""overall_width_A_in"": ""12 3/4"", ""length_bearing_B_in"": ""10 1/4"", ""sidebar_thk_D_in"": ""5/8"", ""tooth_face_F_in"": ""8 3/4""}",122000,542.7,24400,108.5,,,,Can-Am Chains Products Catalog (English/Imperial),,,WDRS122-XHDWH,,,,,,,,,
CANAM-WDRS480-WH,Drag / Scraper Chains,WDRS480-WH,Can-Am WDRS480-WH Whole Hog Drag Chain,,8,203.2,1,Active,catalog-verified,FALSE,Whole Hog Drag Chain,"sawmill,refuse,hog fuel,drag conveyor,welded steel","carbon steel,heat-treated rivets",,,,,,1,25.4,2,50.8,22.5,33.48,"{""overall_width_A_in"": ""14 1/2"", ""length_bearing_B_in"": ""12 3/4"", ""sidebar_thk_D_in"": ""1/2"", ""tooth_face_F_in"": ""11""}",85500,380.3,17100,76.1,,,,Can-Am Chains Products Catalog (English/Imperial),,,WDRS480-WH,,,,,,,,,
CANAM-WDRS480-XHDWH,Drag / Scraper Chains,WDRS480-XHDWH,Can-Am WDRS480-XHDWH Whole Hog Drag Chain,,8,203.2,1,Active,catalog-verified,FALSE,Whole Hog Drag Chain,"sawmill,refuse,hog fuel,drag conveyor,welded steel","carbon steel,heat-treated rivets",,,,,,1,25.4,2,50.8,25.0,37.2,"{""overall_width_A_in"": ""15 1/4"", ""length_bearing_B_in"": ""13"", ""sidebar_thk_D_in"": ""5/8"", ""tooth_face_F_in"": ""11""}",122000,542.7,24400,108.5,,,,Can-Am Chains Products Catalog (English/Imperial),,,WDRS480-XHDWH,,,,,,,,,
CANAM-H-78,Drag / Scraper Chains,H-78,Can-Am H-78 Malleable Mill Chain,,2.609,66.27,1,Active,catalog-verified,FALSE,Malleable Mill Chain,"sawmill,mill,malleable,transfer","malleable iron,carbon steel sidebars",,,,,,0.5,12.7,1.125,28.57,4.2,6.25,"{""overall_width_A_in"": ""3 3/8"", ""tooth_face_F_in"": ""1""}",20200,89.9,,,,,,Can-Am Chains Products Catalog (English/Imperial),,,H-78,,,,,,,,,
CANAM-H-82,Drag / Scraper Chains,H-82,Can-Am H-82 Malleable Mill Chain,,3.075,78.11,1,Active,catalog-verified,FALSE,Malleable Mill Chain,"sawmill,mill,malleable,transfer","malleable iron,carbon steel sidebars",,,,,,0.562,14.29,1.25,31.75,5.5,8.184,"{""overall_width_A_in"": ""4 1/16"", ""tooth_face_F_in"": ""1 1/8""}",22000,97.9,,,,,,Can-Am Chains Products Catalog (English/Imperial),,,H-82,,,,,,,,,
CANAM-C-55,Drag / Scraper Chains,C-55,Can-Am C-55 Steel/Malleable Combination Chain,,1.63,41.4,1,Active,catalog-verified,FALSE,Steel/Malleable Combination Chain,"sawmill,mill,combination,malleable","malleable iron centre,carbon steel sidebars",,0.72,18.29,,,0.375,9.52,0.719,18.26,2.0,2.976,"{""overall_width_A_in"": ""1 13/16"", ""length_bearing_B_in"": ""1 7/32"", ""sidebar_thk_D_in"": ""7/32"", ""tooth_face_F_in"": ""3/4""}",9000,40.0,,,,,,Can-Am Chains Products Catalog (English/Imperial),,,C-55,,,,,,,,,Available riveted or pin & cotter; SS pins available.
CANAM-C-77,Drag / Scraper Chains,C-77,Can-Am C-77 Steel/Malleable Combination Chain,,2.308,58.62,1,Active,catalog-verified,FALSE,Steel/Malleable Combination Chain,"sawmill,mill,combination,malleable","malleable iron centre,carbon steel sidebars",,0.72,18.29,,,0.438,11.11,0.875,22.22,2.3,3.422,"{""overall_width_A_in"": ""2 3/32"", ""length_bearing_B_in"": ""1 1/4"", ""sidebar_thk_D_in"": ""3/16"", ""tooth_face_F_in"": ""11/16""}",11000,48.9,,,,,,Can-Am Chains Products Catalog (English/Imperial),,,C-77,,,,,,,,,Available riveted or pin & cotter; SS pins available.
CANAM-C-188,Drag / Scraper Chains,C-188,Can-Am C-188 Steel/Malleable Combination Chain,,2.609,66.27,1,Active,catalog-verified,FALSE,Steel/Malleable Combination Chain,"sawmill,mill,combination,malleable","malleable iron centre,carbon steel sidebars",,0.875,22.22,,,0.5,12.7,1.125,28.57,3.5,5.208,"{""overall_width_A_in"": ""2 5/8"", ""length_bearing_B_in"": ""1 9/16"", ""sidebar_thk_D_in"": ""1/4"", ""tooth_face_F_in"": ""7/8""}",14000,62.3,,,,,,Can-Am Chains Products Catalog (English/Imperial),,,C-188,,,,,,,,,Available riveted or pin & cotter; SS pins available.
CANAM-C-131,Drag / Scraper Chains,C-131,Can-Am C-131 Steel/Malleable Combination Chain,,3.075,78.11,1,Active,catalog-verified,FALSE,Steel/Malleable Combination Chain,"sawmill,mill,combination,malleable","malleable iron centre,carbon steel sidebars",,1.219,30.96,,,0.625,15.88,1.5,38.1,6.7,9.97,"{""overall_width_A_in"": ""3 5/8"", ""length_bearing_B_in"": ""2"", ""sidebar_thk_D_in"": ""3/8"", ""tooth_face_F_in"": ""1 1/8""}",24000,106.8,,,,,,Can-Am Chains Products Catalog (English/Imperial),,,C-131,,,,,,,,,Available riveted or pin & cotter; SS pins available.
CANAM-C-102B,Drag / Scraper Chains,C-102B,Can-Am C-102B Steel/Malleable Combination Chain,,4,101.6,1,Active,catalog-verified,FALSE,Steel/Malleable Combination Chain,"sawmill,mill,combination,malleable","malleable iron centre,carbon steel sidebars",,1,25.4,,,0.625,15.88,1.5,38.1,6.4,9.523,"{""overall_width_A_in"": ""4 9/16"", ""length_bearing_B_in"": ""2 25/32"", ""sidebar_thk_D_in"": ""3/8"", ""tooth_face_F_in"": ""1 1/2""}",24000,106.8,,,,,,Can-Am Chains Products Catalog (English/Imperial),,,C-102B,,,,,,,,,Available riveted or pin & cotter; SS pins available.
CANAM-SO-578,Engineered Class Chains,SO-578,Can-Am SO-578 Power Transmission / Trimmer Chain,,2.609,66.27,1,Active,catalog-verified,FALSE,Power Transmission / Trimmer Chain,"sawmill,lumber conveyor,trimmer,power transmission",carbon/alloy steel (see catalog material codes),,,,,,,,,,2.7,4.018,"{""style"": ""offset""}",19000,84.5,2200,9.8,,,,Can-Am Chains Products Catalog (English/Imperial),,,SO-578,,,,,,,,,Sidebar/pin/bushing/roller material codes per catalog (C/CH/CC/AH/AC).
CANAM-MO-88,Engineered Class Chains,MO-88,Can-Am MO-88 Power Transmission / Trimmer Chain,,2.609,66.27,1,Active,catalog-verified,FALSE,Power Transmission / Trimmer Chain,"sawmill,lumber conveyor,trimmer,power transmission",carbon/alloy steel (see catalog material codes),,,,,,,,,,3.8,5.654,"{""style"": ""offset""}",20000,89.0,2400,10.7,,,,Can-Am Chains Products Catalog (English/Imperial),,,MO-88,,,,,,,,,Sidebar/pin/bushing/roller material codes per catalog (C/CH/CC/AH/AC).
CANAM-LXS-882,Engineered Class Chains,LXS-882,Can-Am LXS-882 Power Transmission / Trimmer Chain,,2.609,66.27,1,Active,catalog-verified,FALSE,Power Transmission / Trimmer Chain,"sawmill,lumber conveyor,trimmer,power transmission",carbon/alloy steel (see catalog material codes),,,,,,,,,,3.9,5.803,"{""style"": ""offset""}",29000,129.0,2800,12.5,,,,Can-Am Chains Products Catalog (English/Imperial),,,LXS-882,,,,,,,,,Sidebar/pin/bushing/roller material codes per catalog (C/CH/CC/AH/AC).
CANAM-MOH-578,Engineered Class Chains,MOH-578,Can-Am MOH-578 Power Transmission / Trimmer Chain,,2.609,66.27,1,Active,catalog-verified,FALSE,Power Transmission / Trimmer Chain,"sawmill,lumber conveyor,trimmer,power transmission",carbon/alloy steel (see catalog material codes),,,,,,,,,,2.7,4.018,"{""style"": ""offset""}",19000,84.5,2200,9.8,,,,Can-Am Chains Products Catalog (English/Imperial),,,MOH-578,,,,,,,,,Sidebar/pin/bushing/roller material codes per catalog (C/CH/CC/AH/AC).
CANAM-MS-88,Engineered Class Chains,MS-88,Can-Am MS-88 Power Transmission / Trimmer Chain,,2.609,66.27,1,Active,catalog-verified,FALSE,Power Transmission / Trimmer Chain,"sawmill,lumber conveyor,trimmer,power transmission",carbon/alloy steel (see catalog material codes),,,,,,,,,,3.8,5.654,"{""style"": ""straight""}",26000,115.7,2500,11.1,,,,Can-Am Chains Products Catalog (English/Imperial),,,MS-88,,,,,,,,,Sidebar/pin/bushing/roller material codes per catalog (C/CH/CC/AH/AC).
CANAM-81-X,Engineered Class Chains,81-X,Can-Am 81-X Power Transmission / Trimmer Chain,,2.609,66.27,1,Active,catalog-verified,FALSE,Power Transmission / Trimmer Chain,"sawmill,lumber conveyor,trimmer,power transmission",carbon/alloy steel (see catalog material codes),,,,,,,,,,2.6,3.869,"{""style"": ""straight""}",22000,97.9,2200,9.8,,,,Can-Am Chains Products Catalog (English/Imperial),,,81-X,,,,,,,,,Sidebar/pin/bushing/roller material codes per catalog (C/CH/CC/AH/AC).
CANAM-81-XH,Engineered Class Chains,81-XH,Can-Am 81-XH Power Transmission / Trimmer Chain,,2.609,66.27,1,Active,catalog-verified,FALSE,Power Transmission / Trimmer Chain,"sawmill,lumber conveyor,trimmer,power transmission",carbon/alloy steel (see catalog material codes),,,,,,,,,,3.9,5.803,"{""style"": ""straight""}",41800,185.9,5000,22.2,,,,Can-Am Chains Products Catalog (English/Imperial),,,81-XH,,,,,,,,,Sidebar/pin/bushing/roller material codes per catalog (C/CH/CC/AH/AC).
CANAM-81-XHS,Engineered Class Chains,81-XHS,Can-Am 81-XHS Power Transmission / Trimmer Chain,,2.609,66.27,1,Active,catalog-verified,FALSE,Power Transmission / Trimmer Chain,"sawmill,lumber conveyor,trimmer,power transmission",carbon/alloy steel (see catalog material codes),,,,,,,,,,4.2,6.25,"{""style"": ""straight""}",41800,185.9,5000,22.2,,,,Can-Am Chains Products Catalog (English/Imperial),,,81-XHS,,,,,,,,,Sidebar/pin/bushing/roller material codes per catalog (C/CH/CC/AH/AC).
CANAM-SS-188,Engineered Class Chains,SS-188,Can-Am SS-188 Power Transmission / Trimmer Chain,,2.609,66.27,1,Active,catalog-verified,FALSE,Power Transmission / Trimmer Chain,"sawmill,lumber conveyor,trimmer,power transmission",carbon/alloy steel (see catalog material codes),,,,,,,,,,3.8,5.654,"{""style"": ""offset""}",26000,115.7,2500,11.1,,,,Can-Am Chains Products Catalog (English/Imperial),,,SS-188,,,,,,,,,Sidebar/pin/bushing/roller material codes per catalog (C/CH/CC/AH/AC).
CANAM-SB2512,Engineered Class Chains,SB2512,Can-Am SB2512 Engineered Class Welded/Bushed Chain,,3.067,77.9,1,Active,catalog-verified,FALSE,Engineered Class Welded/Bushed Chain,"engineered class,conveyor,heavy duty",alloy steel,,1.62,41.15,,,0.75,19.05,2.25,57.15,13.2,19.642,"{""sidebar_thk_D_in"": ""3/8"", ""tooth_face_F_in"": ""1.50""}",110000,489.3,,,,,,Can-Am Chains Products Catalog (English/Imperial),,,SB2512,,,,,,,,,
CANAM-SB3011,Engineered Class Chains,SB3011,Can-Am SB3011 Engineered Class Welded/Bushed Chain,,3.067,77.9,1,Active,catalog-verified,FALSE,Engineered Class Welded/Bushed Chain,"engineered class,conveyor,heavy duty",alloy steel,,1.62,41.15,,,0.75,19.05,2.25,57.15,13.2,19.642,"{""sidebar_thk_D_in"": ""3/8"", ""tooth_face_F_in"": ""1.50""}",110000,489.3,,,,,,Can-Am Chains Products Catalog (English/Imperial),,,SB3011,,,,,,,,,
CANAM-SB1242,Engineered Class Chains,SB1242,Can-Am SB1242 Engineered Class Welded/Bushed Chain,,4.063,103.2,1,Active,catalog-verified,FALSE,Engineered Class Welded/Bushed Chain,"engineered class,conveyor,heavy duty",alloy steel,,1.75,44.45,,,0.875,22.22,2.25,57.15,15.6,23.213,"{""sidebar_thk_D_in"": ""1/2"", ""tooth_face_F_in"": ""1.90""}",140000,622.8,,,,,,Can-Am Chains Products Catalog (English/Imperial),,,SB1242,,,,,,,,,
CANAM-SB1245,Engineered Class Chains,SB1245,Can-Am SB1245 Engineered Class Welded/Bushed Chain,,4.073,103.45,1,Active,catalog-verified,FALSE,Engineered Class Welded/Bushed Chain,"engineered class,conveyor,heavy duty",alloy steel,,1.781,45.24,,,0.938,23.83,2.375,60.32,18.6,27.677,"{""sidebar_thk_D_in"": ""9/16"", ""tooth_face_F_in"": ""1.90""}",170000,756.2,,,,,,Can-Am Chains Products Catalog (English/Imperial),,,SB1245,,,,,,,,,
CANAM-SB1254,Engineered Class Chains,SB1254,Can-Am SB1254 Engineered Class Welded/Bushed Chain,,4.06,103.12,1,Active,catalog-verified,FALSE,Engineered Class Welded/Bushed Chain,"engineered class,conveyor,heavy duty",alloy steel,,1.78,45.21,,,0.938,23.83,2.25,57.15,18.6,27.677,"{""sidebar_thk_D_in"": ""1/2"", ""tooth_face_F_in"": ""1.20""}",170000,756.2,,,,,,Can-Am Chains Products Catalog (English/Imperial),,,SB1254,,,,,,,,,
CANAM-US-3075,Engineered Class Chains,US-3075,Can-Am US-3075 Engineered Class Welded/Bushed Chain,,3.075,78.11,1,Active,catalog-verified,FALSE,Engineered Class Welded/Bushed Chain,"engineered class,conveyor,heavy duty",alloy steel,,1.25,31.75,,,0.65,16.51,1.75,44.45,9.6,14.285,"{""sidebar_thk_D_in"": ""0.38"", ""tooth_face_F_in"": ""1.50""}",75000,333.6,,,,,,Can-Am Chains Products Catalog (English/Imperial),,,US-3075,,,,,,,,,
CANAM-US-4522,Engineered Class Chains,US-4522,Can-Am US-4522 Engineered Class Welded/Bushed Chain,,4.5,114.3,1,Active,catalog-verified,FALSE,Engineered Class Welded/Bushed Chain,"engineered class,conveyor,heavy duty",alloy steel,,2.25,57.15,,,1.1,27.94,3,76.2,25.4,37.795,"{""sidebar_thk_D_in"": ""0.56"", ""tooth_face_F_in"": ""2.06""}",220000,978.6,,,,,,Can-Am Chains Products Catalog (English/Imperial),,,US-4522,,,,,,,,,
CANAM-SB850,Bucket Elevator Chains,SB850,Can-Am SB850 HB Bushed Bucket Elevator Chain,,6,152.4,1,Active,catalog-verified,FALSE,HB Bushed Bucket Elevator Chain,"bucket elevator,cement,bulk handling",alloy steel (ACH/AIH/CHT per catalog),,,,,,1.312,33.34,2.25,57.15,23.5,34.968,"{""overall_width_A_in"": ""5 3/4"", ""bushing_B_in"": ""2 7/8"", ""pin_C_in"": ""3 5/16"", ""overall_height_H_in"": ""3"", ""sidebar_thk_T_in"": ""5/8""}",200000,889.6,25000,111.2,,,,Can-Am Chains Products Catalog (English/Imperial),,,SB850,,,,,,,,,
CANAM-856,Bucket Elevator Chains,856,Can-Am 856 HB Bushed Bucket Elevator Chain,,6,152.4,1,Active,catalog-verified,FALSE,HB Bushed Bucket Elevator Chain,"bucket elevator,cement,bulk handling",alloy steel (ACH/AIH/CHT per catalog),,,,,,1,25.4,3,76.2,16.5,24.552,"{""overall_width_A_in"": ""6 1/8"", ""bushing_B_in"": ""2 7/8"", ""pin_C_in"": ""3 1/4"", ""overall_height_H_in"": ""2 1/2"", ""sidebar_thk_T_in"": ""1/2""}",100000,444.8,14000,62.3,,,,Can-Am Chains Products Catalog (English/Imperial),,,856,,,,,,,,,
CANAM-857,Bucket Elevator Chains,857,Can-Am 857 HB Bushed Bucket Elevator Chain,,6,152.4,1,Active,catalog-verified,FALSE,HB Bushed Bucket Elevator Chain,"bucket elevator,cement,bulk handling",alloy steel (ACH/AIH/CHT per catalog),,,,,,1,25.4,3,76.2,21.0,31.248,"{""overall_width_A_in"": ""6 1/8"", ""bushing_B_in"": ""2 7/8"", ""pin_C_in"": ""3 1/4"", ""overall_height_H_in"": ""3 1/4"", ""sidebar_thk_T_in"": ""1/2""}",130000,578.3,14000,62.3,,,,Can-Am Chains Products Catalog (English/Imperial),,,857,,,,,,,,,Outer plain sidebars 63.5mm high.
CANAM-859,Bucket Elevator Chains,859,Can-Am 859 HB Bushed Bucket Elevator Chain,,6,152.4,1,Active,catalog-verified,FALSE,HB Bushed Bucket Elevator Chain,"bucket elevator,cement,bulk handling",alloy steel (ACH/AIH/CHT per catalog),,,,,,1.25,31.75,3.75,95.25,34.0,50.592,"{""overall_width_A_in"": ""7 3/8"", ""bushing_B_in"": ""3 9/16"", ""pin_C_in"": ""3 13/16"", ""overall_height_H_in"": ""4"", ""sidebar_thk_T_in"": ""5/8""}",200000,889.6,21800,97.0,,,,Can-Am Chains Products Catalog (English/Imperial),,,859,,,,,,,,,Outer plain sidebars 76.2mm high.
CANAM-662,Steel Pintle Chains,662,Can-Am 662 Formed Steel Pintle Chain,,1.664,42.27,1,Active,catalog-verified,FALSE,Formed Steel Pintle Chain,"sorter,pintle,conveyor,sawmill",formed steel,,,,,,0.281,7.14,,,1.05,1.562,"{""inside_width_C_in"": ""29/32"", ""overall_height_H_in"": ""0.720"", ""thickness_T_in"": ""0.125"", ""overall_width_B_in"": ""1 5/8""}",8500,37.8,,,,,,Can-Am Chains Products Catalog (English/Imperial),,,662,,,,,,,,,tensile_lbs = MINIMUM advertised tensile (catalog). 667-series/88K are industry-standard pintle numbers; dedupe to existing if present.
CANAM-667H,Steel Pintle Chains,667H,Can-Am 667H Formed Steel Pintle Chain,,2.313,58.75,1,Active,catalog-verified,FALSE,Formed Steel Pintle Chain,"sorter,pintle,conveyor,sawmill",formed steel,,,,,,0.312,7.92,,,1.17,1.741,"{""inside_width_C_in"": ""1"", ""overall_height_H_in"": ""0.875"", ""thickness_T_in"": ""0.125"", ""overall_width_B_in"": ""1 47/64""}",9500,42.3,,,,,,Can-Am Chains Products Catalog (English/Imperial),,,667H,,,,,,,,,tensile_lbs = MINIMUM advertised tensile (catalog). 667-series/88K are industry-standard pintle numbers; dedupe to existing if present.
CANAM-667X,Steel Pintle Chains,667X,Can-Am 667X Formed Steel Pintle Chain,,2.25,57.15,1,Active,catalog-verified,FALSE,Formed Steel Pintle Chain,"sorter,pintle,conveyor,sawmill",formed steel,,,,,,0.437,11.1,,,1.86,2.768,"{""inside_width_C_in"": ""1 1/16"", ""overall_height_H_in"": ""0.937"", ""thickness_T_in"": ""0.170"", ""overall_width_B_in"": ""1 61/64""}",21000,93.4,,,,,,Can-Am Chains Products Catalog (English/Imperial),,,667X,,,,,,,,,tensile_lbs = MINIMUM advertised tensile (catalog). 667-series/88K are industry-standard pintle numbers; dedupe to existing if present.
CANAM-667XC,Steel Pintle Chains,667XC,Can-Am 667XC Formed Steel Pintle Chain,,2.25,57.15,1,Active,catalog-verified,FALSE,Formed Steel Pintle Chain,"sorter,pintle,conveyor,sawmill",formed steel,,,,,,0.437,11.1,,,2.1,3.125,"{""inside_width_C_in"": ""1 1/16"", ""overall_height_H_in"": ""0.937"", ""thickness_T_in"": ""0.170"", ""overall_width_B_in"": ""1 61/64""}",18000,80.1,,,,,,Can-Am Chains Products Catalog (English/Imperial),,,667XC,,,,,,,,,tensile_lbs = MINIMUM advertised tensile (catalog). 667-series/88K are industry-standard pintle numbers; dedupe to existing if present.
CANAM-667K,Steel Pintle Chains,667K,Can-Am 667K Formed Steel Pintle Chain,,2.25,57.15,1,Active,catalog-verified,FALSE,Formed Steel Pintle Chain,"sorter,pintle,conveyor,sawmill",formed steel,,,,,,0.437,11.1,,,2.44,3.631,"{""inside_width_C_in"": ""1 5/64"", ""overall_height_H_in"": ""1.062"", ""thickness_T_in"": ""0.200"", ""overall_width_B_in"": ""2 1/8""}",20000,89.0,,,,,,Can-Am Chains Products Catalog (English/Imperial),,,667K,,,,,,,,,tensile_lbs = MINIMUM advertised tensile (catalog). 667-series/88K are industry-standard pintle numbers; dedupe to existing if present.
CANAM-667KC,Steel Pintle Chains,667KC,Can-Am 667KC Formed Steel Pintle Chain,,2.25,57.15,1,Active,catalog-verified,FALSE,Formed Steel Pintle Chain,"sorter,pintle,conveyor,sawmill",formed steel,,,,,,0.437,11.1,,,2.56,3.809,"{""inside_width_C_in"": ""1 5/64"", ""overall_height_H_in"": ""1.062"", ""thickness_T_in"": ""0.200"", ""overall_width_B_in"": ""2 1/8""}",24000,106.8,,,,,,Can-Am Chains Products Catalog (English/Imperial),,,667KC,,,,,,,,,tensile_lbs = MINIMUM advertised tensile (catalog). 667-series/88K are industry-standard pintle numbers; dedupe to existing if present.
CANAM-667XH,Steel Pintle Chains,667XH,Can-Am 667XH Formed Steel Pintle Chain,,2.25,57.15,1,Active,catalog-verified,FALSE,Formed Steel Pintle Chain,"sorter,pintle,conveyor,sawmill",formed steel,,,,,,0.469,11.91,,,2.8,4.166,"{""inside_width_C_in"": ""1 5/64"", ""overall_height_H_in"": ""1.062"", ""thickness_T_in"": ""0.224"", ""overall_width_B_in"": ""2 5/16""}",28000,124.6,,,,,,Can-Am Chains Products Catalog (English/Imperial),,,667XH,,,,,,,,,tensile_lbs = MINIMUM advertised tensile (catalog). 667-series/88K are industry-standard pintle numbers; dedupe to existing if present.
CANAM-88K,Steel Pintle Chains,88K,Can-Am 88K Formed Steel Pintle Chain,,2.609,66.27,1,Active,catalog-verified,FALSE,Formed Steel Pintle Chain,"sorter,pintle,conveyor,sawmill",formed steel,,,,,,0.437,11.1,,,2.3,3.422,"{""inside_width_C_in"": ""1 5/64"", ""overall_height_H_in"": ""1.062"", ""thickness_T_in"": ""0.200"", ""overall_width_B_in"": ""2 1/8""}",20000,89.0,,,,,,Can-Am Chains Products Catalog (English/Imperial),,,88K,,,,,,,,,tensile_lbs = MINIMUM advertised tensile (catalog). 667-series/88K are industry-standard pintle numbers; dedupe to existing if present.
CANAM-3939,Engineered Class Chains,3939,Can-Am 3939 J-Bar Sorter Chain,,8,203.2,1,Active,catalog-verified,FALSE,J-Bar Sorter Chain,"sawmill,sorter,J-bar,lumber",carbon steel,,,,,,,,,,1.55,2.306,"{""alias"": ""81X-8"", ""P_in"": ""1.930"", ""E_in"": ""1.125""}",24000,106.8,,,,,,Can-Am Chains Products Catalog (English/Imperial),,,3939,,,,,,,,,Also referred to as 81X-8.
CANAM-3939-4,Engineered Class Chains,3939-4,Can-Am 3939-4 J-Bar Sorter Chain,,8,203.2,1,Active,catalog-verified,FALSE,J-Bar Sorter Chain,"sawmill,sorter,J-bar,lumber",carbon steel,,,,,,,,,,1.55,2.306,"{""alias"": ""81X-8"", ""P_in"": ""1.930""}",24000,106.8,,,,,,Can-Am Chains Products Catalog (English/Imperial),,,3939-4,,,,,,,,,
CANAM-3939-H,Engineered Class Chains,3939-H,Can-Am 3939-H J-Bar Sorter Chain,,8,203.2,1,Active,catalog-verified,FALSE,J-Bar Sorter Chain,"sawmill,sorter,J-bar,lumber",carbon steel,,,,,,,,,,2.4,3.571,"{""P_in"": ""2.300""}",37000,164.6,,,,,,Can-Am Chains Products Catalog (English/Imperial),,,3939-H,,,,,,,,,Heavy variant.
CANAM-CAM-900STR,Engineered Class Chains,CAM 900STR,Can-Am CAM 900STR CAM 900 Sorter Chain,,9,228.6,1,Active,catalog-verified,FALSE,CAM 900 Sorter Chain,"sawmill,sorter,lumber",carbon steel,,,,,,0.59,14.99,1.5,38.1,,,"{""overall_width_A_in"": ""1 7/8"", ""inside_width_G_in"": ""0.78""}",12000,53.4,,,,,,Can-Am Chains Products Catalog (English/Imperial),,,CAM 900STR,,,,,,,,,
CANAM-CAM-900HSTRHVY,Engineered Class Chains,CAM 900HSTRHVY,Can-Am CAM 900HSTRHVY CAM 900 Sorter Chain,,9,228.6,1,Active,catalog-verified,FALSE,CAM 900 Sorter Chain,"sawmill,sorter,lumber",carbon steel,,,,,,0.64,16.26,1.5,38.1,,,"{""overall_width_A_in"": ""2 1/8"", ""inside_width_G_in"": ""0.69""}",15000,66.7,,,,,,Can-Am Chains Products Catalog (English/Imperial),,,CAM 900HSTRHVY,,,,,,,,,
CANAM-X-348,Drop Forged Rivetless Chains,X-348,Can-Am X-348 Rivetless (X-Style) Drop-Forged Chain,,3,76.2,1,Active,catalog-verified,TRUE,Rivetless (X-Style) Drop-Forged Chain,"drop forged,rivetless,engineered class,bulk handling",drop-forged steel,,,,,,0.5,12.7,,,,,"{""B_min_in"": ""0.531"", ""F_max_height_in"": ""1.078"", ""L_max_width_in"": ""1.750"", ""sidebar_thk_T_in"": ""0.400"", ""centre_link_X_in"": ""0.750"", ""centre_link_Xa_in"": ""0.500""}",,,,,,,,Can-Am Chains Products Catalog (English/Imperial),,,X-348,,,,,,,,,"Catalog table gives dimensions only; no tensile published in Can-Am catalog -> tensile blank, needs_review."
CANAM-X-458,Drop Forged Rivetless Chains,X-458,Can-Am X-458 Rivetless (X-Style) Drop-Forged Chain,,4,101.6,1,Active,catalog-verified,TRUE,Rivetless (X-Style) Drop-Forged Chain,"drop forged,rivetless,engineered class,bulk handling",drop-forged steel,,,,,,0.63,16.0,,,,,"{""B_min_in"": ""0.660"", ""F_max_height_in"": ""1.430"", ""L_max_width_in"": ""2.250"", ""sidebar_thk_T_in"": ""0.470"", ""centre_link_X_in"": ""1.000"", ""centre_link_Xa_in"": ""0.630""}",,,,,,,,Can-Am Chains Products Catalog (English/Imperial),,,X-458,,,,,,,,,"Catalog table gives dimensions only; no tensile published in Can-Am catalog -> tensile blank, needs_review."
CANAM-X-658,Drop Forged Rivetless Chains,X-658,Can-Am X-658 Rivetless (X-Style) Drop-Forged Chain,,6,152.4,1,Active,catalog-verified,TRUE,Rivetless (X-Style) Drop-Forged Chain,"drop forged,rivetless,engineered class,bulk handling",drop-forged steel,,,,,,0.63,16.0,,,,,"{""B_min_in"": ""0.660"", ""F_max_height_in"": ""1.410"", ""L_max_width_in"": ""2.250"", ""sidebar_thk_T_in"": ""0.480"", ""centre_link_X_in"": ""1.020"", ""centre_link_Xa_in"": ""0.630""}",,,,,,,,Can-Am Chains Products Catalog (English/Imperial),,,X-658,,,,,,,,,"Catalog table gives dimensions only; no tensile published in Can-Am catalog -> tensile blank, needs_review."
CANAM-X-678,Drop Forged Rivetless Chains,X-678,Can-Am X-678 Rivetless (X-Style) Drop-Forged Chain,,6,152.4,1,Active,catalog-verified,TRUE,Rivetless (X-Style) Drop-Forged Chain,"drop forged,rivetless,engineered class,bulk handling",drop-forged steel,,,,,,0.87,22.1,,,,,"{""B_min_in"": ""0.970"", ""F_max_height_in"": ""2.000"", ""L_max_width_in"": ""3.130"", ""sidebar_thk_T_in"": ""0.750"", ""centre_link_X_in"": ""1.280"", ""centre_link_Xa_in"": ""0.840""}",,,,,,,,Can-Am Chains Products Catalog (English/Imperial),,,X-678,,,,,,,,,"Catalog table gives dimensions only; no tensile published in Can-Am catalog -> tensile blank, needs_review."
CANAM-9148,Drop Forged Rivetless Chains,9148,Can-Am 9148 Rivetless (X-Style) Drop-Forged Chain,,9,228.6,1,Active,catalog-verified,TRUE,Rivetless (X-Style) Drop-Forged Chain,"drop forged,rivetless,engineered class,bulk handling",drop-forged steel,,,,,,1.75,44.45,,,,,"{""B_min_in"": ""1.910"", ""F_max_height_in"": ""3.780"", ""L_max_width_in"": ""5.850"", ""sidebar_thk_T_in"": ""1.380"", ""centre_link_X_in"": ""2.470"", ""centre_link_Xa_in"": ""1.630""}",,,,,,,,Can-Am Chains Products Catalog (English/Imperial),,,9148,,,,,,,,,"Catalog table gives dimensions only; no tensile published in Can-Am catalog -> tensile blank, needs_review."
CANAM-102-HVY,Drag / Scraper Chains,102 HVY,Can-Am 102 HVY 142/CDM Systems Drag Chain,,,,1,Active,catalog-verified,TRUE,142/CDM Systems Drag Chain,"drag conveyor,bulk handling,CDM,en-masse",alloy steel,,,,,,,,,,0.99,1.473,"{""A_in"": ""1.375"", ""B_in"": ""1.260"", ""C_in"": ""0.550"", ""D_in"": ""0.354"", ""E_in"": ""0.709"", ""note"": ""dims A-E per CDM table; pitch not published in strength table; pitch blank pending verification""}",38000,169.0,6900,30.7,,,,Can-Am Chains Products Catalog (English/Imperial),,,102 HVY,,,,,,,,,CDM Systems engineered drag chain. Pitch not published in catalog strength table (pitch left blank; verify pitch). 5.5:1 safety ratio.
CANAM-142-STD,Drag / Scraper Chains,142 STD,Can-Am 142 STD 142/CDM Systems Drag Chain,,,,1,Active,catalog-verified,TRUE,142/CDM Systems Drag Chain,"drag conveyor,bulk handling,CDM,en-masse",alloy steel,,,,,,,,,,2.45,3.646,"{""A_in"": ""1.970"", ""B_in"": ""1.650"", ""C_in"": ""0.750"", ""D_in"": ""0.470"", ""E_in"": ""0.980"", ""note"": ""dims A-E per CDM table; pitch not published in strength table; pitch blank pending verification""}",73000,324.7,13000,57.8,,,,Can-Am Chains Products Catalog (English/Imperial),,,142 STD,,,,,,,,,CDM Systems engineered drag chain. Pitch not published in catalog strength table (pitch left blank; verify pitch). 5.5:1 safety ratio.
CANAM-142-HVY,Drag / Scraper Chains,142 HVY,Can-Am 142 HVY 142/CDM Systems Drag Chain,,,,1,Active,catalog-verified,TRUE,142/CDM Systems Drag Chain,"drag conveyor,bulk handling,CDM,en-masse",alloy steel,,,,,,,,,,3.74,5.565,"{""A_in"": ""1.970"", ""B_in"": ""2.440"", ""C_in"": ""1.140"", ""D_in"": ""0.630"", ""E_in"": ""0.980"", ""note"": ""dims A-E per CDM table; pitch not published in strength table; pitch blank pending verification""}",99000,440.4,18000,80.1,,,,Can-Am Chains Products Catalog (English/Imperial),,,142 HVY,,,,,,,,,CDM Systems engineered drag chain. Pitch not published in catalog strength table (pitch left blank; verify pitch). 5.5:1 safety ratio.
CANAM-260-STD,Drag / Scraper Chains,260 STD,Can-Am 260 STD 142/CDM Systems Drag Chain,,,,1,Active,catalog-verified,TRUE,142/CDM Systems Drag Chain,"drag conveyor,bulk handling,CDM,en-masse",alloy steel,,,,,,,,,,14.0,20.832,"{""A_in"": ""2.950"", ""B_in"": ""2.760"", ""C_in"": ""1.180"", ""D_in"": ""0.790"", ""E_in"": ""1.260"", ""note"": ""dims A-E per CDM table; pitch not published in strength table; pitch blank pending verification""}",150000,667.2,27270,121.3,,,,Can-Am Chains Products Catalog (English/Imperial),,,260 STD,,,,,,,,,CDM Systems engineered drag chain. Pitch not published in catalog strength table (pitch left blank; verify pitch). 5.5:1 safety ratio.
